han,name,hex,dec,note
一,1,4E00,19968,
丁,2,4E01,19969,
七,3,4E03,19971,
三,4,4E09,19977,
下,5,4E0B,19979,
上,6,4E0A,19978,
丈,7,4E08,19976,
丑,8,4E11,19985,
丐,9,4E10,19984,
不,10,4E0D,19981,
丕,11,4E15,19989,
丙,12,4E19,19993,
世,13,4E16,19990,
且,14,4E14,19988,
丘,15,4E18,19992,
丞,16,4E1E,19998,
丟,17,4E1F,19999,⿱一去
丢,0017V,4E22,20002,⿱丿去
並,18,4E26,20006,
丫,19,4E2B,20011,
中,20,4E2D,20013,
串,21,4E32,20018,
丸,22,4E38,20024,
凡,23,51E1,20961,
丹,24,4E39,20025,
主,25,4E3B,20027,
乃,26,4E43,20035,
久,27,4E45,20037,
之,28,4E4B,20043,
尹,29,5C39,23609,
乍,30,4E4D,20045,
乏,31,4E4F,20047,
乎,32,4E4E,20046,
乒,33,4E52,20050,
乓,34,4E53,20051,
乖,35,4E56,20054,
乘,36,4E58,20056,
乙,37,4E59,20057,
九,38,4E5D,20061,
也,39,4E5F,20063,
乞,40,4E5E,20062,
乩,41,4E69,20073,
乳,42,4E73,20083,
乾,43,4E7E,20094,
亂,44,4E82,20098,
了,45,4E86,20102,
予,46,4E88,20104,
事,47,4E8B,20107,
二,48,4E8C,20108,
于,49,4E8E,20110,
云,50,4E91,20113,
井,51,4E95,20117,
互,52,4E92,20114,
五,53,4E94,20116,
亙,54,4E99,20121,
些,55,4E9B,20123,
亞,56,4E9E,20126,
亟,57,4E9F,20127,
亡,58,4EA1,20129,
交,59,4EA4,20132,
亦,60,4EA6,20134,
亥,61,4EA5,20133,
亨,62,4EA8,20136,
享,63,4EAB,20139,
京,64,4EAC,20140,
亭,65,4EAD,20141,
亮,66,4EAE,20142,
人,67,4EBA,20154,
仁,68,4EC1,20161,
什,69,4EC0,20160,
仃,70,4EC3,20163,
今,71,4ECA,20170,
仄,72,4EC4,20164,
仆,73,4EC6,20166,
仇,74,4EC7,20167,
仍,75,4ECD,20173,
介,76,4ECB,20171,
付,77,4ED8,20184,
仔,78,4ED4,20180,
仕,79,4ED5,20181,
他,80,4ED6,20182,
仗,81,4ED7,20183,
代,82,4EE3,20195,
令,83,4EE4,20196,
仞,84,4EDE,20190,
以,85,4EE5,20197,
仙,86,4ED9,20185,
仿,87,4EFF,20223,
伉,88,4F09,20233,
伙,89,4F19,20249,
伊,90,4F0A,20234,
伕,91,4F15,20245,
伍,92,4F0D,20237,
伐,93,4F10,20240,
休,94,4F11,20241,
伏,95,4F0F,20239,
任,96,4EFB,20219,
仳,97,4EF3,20211,
仲,98,4EF2,20210,
企,99,4F01,20225,
件,100,4EF6,20214,
仰,101,4EF0,20208,
份,102,4EFD,20221,
位,103,4F4D,20301,
住,104,4F4F,20303,
佇,105,4F47,20295,
佗,106,4F57,20311,
伴,107,4F34,20276,
佞,108,4F5E,20318,
佛,109,4F5B,20315,
何,110,4F55,20309,
估,111,4F30,20272,
佐,112,4F50,20304,
佑,113,4F51,20305,
佈,114,4F48,20296,
伽,115,4F3D,20285,
伺,116,4F3A,20282,
伸,117,4F38,20280,
佃,118,4F43,20291,
佔,119,4F54,20308,
似,120,4F3C,20284,
但,121,4F46,20294,
佣,122,4F63,20323,
作,123,4F5C,20316,
你,124,4F60,20320,
伯,125,4F2F,20271,
低,126,4F4E,20302,
伶,127,4F36,20278,
余,128,4F59,20313,
佝,129,4F5D,20317,
佯,130,4F6F,20335,
依,131,4F9D,20381,
併,132,4F75,20341,
侍,133,4F8D,20365,
佳,134,4F73,20339,
使,135,4F7F,20351,
佬,136,4F6C,20332,
供,137,4F9B,20379,
例,138,4F8B,20363,
來,139,4F86,20358,
佰,140,4F70,20336,
侃,141,4F83,20355,
侈,142,4F88,20360,
佩,143,4F69,20329,
佻,144,4F7B,20347,
侖,145,4F96,20374,
侏,146,4F8F,20367,
信,147,4FE1,20449,
侵,148,4FB5,20405,
侯,149,4FAF,20399,
便,150,4FBF,20415,
俠,151,4FE0,20448,
俑,152,4FD1,20433,
俏,153,4FCF,20431,
保,154,4FDD,20445,
促,155,4FC3,20419,
侶,156,4FB6,20406,
俚,157,4FDA,20442,
俘,158,4FD8,20440,
俟,159,4FDF,20447,
俊,160,4FCA,20426,
俗,161,4FD7,20439,
侮,162,4FAE,20398,
俐,163,4FD0,20432,
俄,164,4FC4,20420,
係,165,4FC2,20418,
俎,166,4FCE,20430,
俞,167,4FDE,20446,
倌,168,500C,20492,
倍,169,500D,20493,
倣,170,5023,20515,
俯,171,4FEF,20463,
倦,172,5026,20518,
倥,173,5025,20517,
俸,174,4FF8,20472,
倩,175,5029,20521,
倖,176,5016,20502,
倆,177,5006,20486,
值,178,503C,20540,
借,179,501F,20511,
倚,180,501A,20506,
倒,181,5012,20498,
們,182,5011,20497,
俺,183,4FFA,20474,
倀,184,5000,20480,
倔,185,5014,20500,
倨,186,5028,20520,
俱,187,4FF1,20465,
倡,188,5021,20513,
個,189,500B,20491,
候,190,5019,20505,
倘,191,5018,20504,
俳,192,4FF3,20467,
修,193,4FEE,20462,
倭,194,502D,20525,
倪,195,502A,20522,
俾,196,4FFE,20478,
倫,197,502B,20523,
倉,198,5009,20489,
偽,199,507D,20605,
停,200,505C,20572,
偏,201,504F,20559,
假,202,5047,20551,
偃,203,5043,20547,
偌,204,504C,20556,
做,205,505A,20570,
偉,206,5049,20553,
健,207,5065,20581,
偶,208,5076,20598,
偎,209,504E,20558,
偕,210,5055,20565,
偵,211,5075,20597,
側,212,5074,20596,
倏,213,500F,20495,
偷,214,5077,20599,
傢,215,50A2,20642,
傍,216,508D,20621,
傅,217,5085,20613,
備,218,5099,20633,
傑,219,5091,20625,
傀,220,5080,20608,
傖,221,5096,20630,
傘,222,5098,20632,
傭,223,50AD,20653,
債,224,50B5,20661,
傲,225,50B2,20658,
傳,226,50B3,20659,
僅,227,50C5,20677,
傾,228,50BE,20670,
催,229,50AC,20652,
傷,230,50B7,20663,
傻,231,50BB,20667,
僧,232,50E7,20711,
僮,233,50EE,20718,
僱,234,50F1,20721,
僥,235,50E5,20709,
僭,236,50ED,20717,
僖,237,50D6,20694,
僚,238,50DA,20698,
僕,239,50D5,20693,
像,240,50CF,20687,
僑,241,50D1,20689,
億,242,5104,20740,
儀,243,5100,20736,
僻,244,50FB,20731,
僵,245,50F5,20725,
價,246,50F9,20729,
儂,247,5102,20738,
儈,248,5108,20744,
儉,249,5109,20745,
儐,250,5110,20752,
儒,251,5112,20754,
儘,252,5118,20760,
儔,253,5114,20756,
儲,254,5132,20786,
優,255,512A,20778,
償,256,511F,20767,
儡,257,5121,20769,
儷,258,5137,20791,
儼,259,513C,20796,
兀,260,5140,20800,
元,261,5143,20803,
允,262,5141,20801,
兄,263,5144,20804,
充,264,5145,20805,
光,265,5149,20809,
兇,266,5147,20807,
兆,267,5146,20806,
先,268,5148,20808,
克,269,514B,20811,
兑,270,5151,20817,⿱丷兄
兌,0270V,514C,20812,⿱八兄
免,271,514D,20813,
兕,272,5155,20821,
兔,273,5154,20820,
兒,274,5152,20818,
兗,275,5157,20823,
兜,276,515C,20828,
兢,277,5162,20834,
入,278,5165,20837,
內,279,5167,20839,
全,280,5168,20840,
兩,281,5169,20841,
八,282,516B,20843,
六,283,516D,20845,
兮,284,516E,20846,
公,285,516C,20844,
共,286,5171,20849,
兵,287,5175,20853,
具,288,5177,20855,
其,289,5176,20854,
典,290,5178,20856,
兼,291,517C,20860,
冀,292,5180,20864,
冉,293,5189,20873,
冊,294,518A,20874,
再,295,518D,20877,
冒,296,5192,20882,⿱冃目
冒,0296V,2F8D2,194770,⿱日目
冑,297,5191,20881,
冕,298,5195,20885,⿱冃免
冕,0298V,2F8D3,194771,⿱日免
最,299,6700,26368,⿱冃取
最,0299V,2F8D4,194772,⿱日取
冠,300,51A0,20896,
冢,301,51A2,20898,
冥,302,51A5,20901,
冤,303,51A4,20900,
冬,304,51AC,20908,
冰,305,51B0,20912,
冶,306,51B6,20918,
冷,307,51B7,20919,
冽,308,51BD,20925,
凍,309,51CD,20941,
凌,310,51CC,20940,
准,311,51C6,20934,
凋,312,51CB,20939,
凜,313,51DC,20956,
凝,314,51DD,20957,
几,315,51E0,20960,
凰,316,51F0,20976,
凱,317,51F1,20977,
凳,318,51F3,20979,
櫈,0318V,6AC8,27336,⿰木凳
凶,319,51F6,20982,
凹,320,51F9,20985,
出,321,51FA,20986,
凸,322,51F8,20984,
函,323,51FD,20989,
刀,324,5200,20992,
刁,325,5201,20993,
刃,326,5203,20995,
切,327,5207,20999,
分,328,5206,20998,
刈,329,5208,21000,
刊,330,520A,21002,
列,331,5217,21015,
刑,332,5211,21009,
划,333,5212,21010,
刎,334,520E,21006,
判,335,5224,21028,
別,336,5225,21029,
刪,337,522A,21034,
利,338,5229,21033,
刨,339,5228,21032,
刻,340,523B,21051,
券,341,5238,21048,
刷,342,5237,21047,
刺,343,523A,21050,
到,344,5230,21040,
刮,345,522E,21038,
制,346,5236,21046,
剁,347,5241,21057,
剃,348,5243,21059,
前,349,524D,21069,
剌,350,524C,21068,
剋,351,524B,21067,⿺克刂
尅,0351V,5C05,23557,⿺克寸
則,352,5247,21063,
削,353,524A,21066,
剎,354,524E,21070,
剖,355,5256,21078,
剜,356,525C,21084,
剔,357,5254,21076,
剛,358,525B,21083,
剝,359,525D,21085,
剪,360,526A,21098,
副,361,526F,21103,
割,362,5272,21106,
剴,363,5274,21108,
創,364,5275,21109,
剩,365,5269,21097,
剷,366,5277,21111,
剽,367,527D,21117,
剿,368,527F,21119,
劃,369,5283,21123,
劈,370,5288,21128,
劇,371,5287,21127,
劉,372,5289,21129,
劍,373,528D,21133,
劑,374,5291,21137,
力,375,529B,21147,
加,376,52A0,21152,
功,377,529F,21151,
劣,378,52A3,21155,
劫,379,52AB,21163,
助,380,52A9,21161,
努,381,52AA,21162,
劬,382,52AC,21164,
劾,383,52BE,21182,
勇,384,52C7,21191,
勃,385,52C3,21187,
勉,386,52C9,21193,
勁,387,52C1,21185,
勒,388,52D2,21202,
務,389,52D9,21209,
勘,390,52D8,21208,
動,391,52D5,21205,
勞,392,52DE,21214,
勛,393,52DB,21211,⿰員力
勳,0393V,52F3,21235,⿰熏力
勝,394,52DD,21213,
募,395,52DF,21215,
勤,396,52E4,21220,
勢,397,52E2,21218,
勵,398,52F5,21237,
勸,399,52F8,21240,
勻,400,52FB,21243,⿹勹二
匀,0400V,5300,21248,⿹勹冫
勾,401,52FE,21246,
勿,402,52FF,21247,
包,403,5305,21253,
匆,404,5306,21254,
怱,0404V,6031,24625,⿱匆心
匈,405,5308,21256,
匍,406,530D,21261,
匐,407,5310,21264,
匏,408,530F,21263,
匕,409,5315,21269,
化,410,5316,21270,
北,411,5317,21271,
匙,412,5319,21273,
匝,413,531D,21277,
匡,414,5321,21281,
匠,415,5320,21280,
匣,416,5323,21283,
匪,417,532A,21290,
匯,418,532F,21295,
匱,419,5331,21297,
匹,420,5339,21305,
匾,421,533E,21310,
匿,422,533F,21311,
區,423,5340,21312,
十,424,5341,21313,
千,425,5343,21315,
卅,426,5345,21317,
午,427,5348,21320,
升,428,5347,21319,
半,429,534A,21322,
卉,430,5349,21321,
仟,431,4EDF,20191,
卒,432,5352,21330,
協,433,5354,21332,
卓,434,5353,21331,
卑,435,5351,21329,
南,436,5357,21335,
博,437,535A,21338,
卜,438,535C,21340,
卞,439,535E,21342,
卡,440,5361,21345,
占,441,5360,21344,
卦,442,5366,21350,
卯,443,536F,21359,
卮,444,536E,21358,
印,445,5370,21360,
危,446,5371,21361,
即,447,5373,21363,
卵,448,5375,21365,
卷,449,5377,21367,
卸,450,5378,21368,
卹,451,5379,21369,
卻,452,537B,21371,
卿,453,537F,21375,
厄,454,5384,21380,
厚,455,539A,21402,
原,456,539F,21407,
厥,457,53A5,21413,
厭,458,53AD,21421,
厲,459,53B2,21426,
去,460,53BB,21435,
參,461,53C3,21443,
又,462,53C8,21448,
叉,463,53C9,21449,
友,464,53CB,21451,
反,465,53CD,21453,
及,466,53CA,21450,
取,467,53D6,21462,
叔,468,53D4,21460,
受,469,53D7,21463,
叛,470,53DB,21467,
叟,471,53DF,21471,
曼,472,66FC,26364,
叢,473,53E2,21474,
口,474,53E3,21475,
可,475,53EF,21487,
古,476,53E4,21476,
右,477,53F3,21491,
召,478,53EC,21484,
叮,479,53EE,21486,
叩,480,53E9,21481,
叨,481,53E8,21480,
叼,482,53FC,21500,
司,483,53F8,21496,
叵,484,53F5,21493,
另,485,53E6,21478,
叫,486,53EB,21483,
只,487,53EA,21482,
史,488,53F2,21490,
叱,489,53F1,21489,
台,490,53F0,21488,
臺,0490V,81FA,33274,
句,491,53E5,21477,
叭,492,53ED,21485,
吉,493,5409,21513,
吏,494,540F,21519,
吐,495,5410,21520,
吁,496,5401,21505,
吋,497,540B,21515,
同,498,540C,21516,
各,499,5404,21508,
向,500,5411,21521,
名,501,540D,21517,
合,502,5408,21512,
吃,503,5403,21507,
后,504,540E,21518,
吆,505,5406,21510,
吒,506,5412,21522,
吝,507,541D,21533,
吭,508,542D,21549,
吞,509,541E,21534,⿱天口
呑,0509V,5451,21585,⿱夭口
吾,510,543E,21566,
否,511,5426,21542,
呎,512,544E,21582,
吧,513,5427,21543,
呃,514,5443,21571,
君,515,541B,21531,
吠,516,5420,21536,
吼,517,543C,21564,
呀,518,5440,21568,
吱,519,5431,21553,
呆,520,5446,21574,
吳,521,5433,21555,
吵,522,5435,21557,
吶,523,5436,21558,
呈,524,5448,21576,
呂,525,5442,21570,
吩,526,5429,21545,
告,527,544A,21578,
吹,528,5439,21561,
吻,529,543B,21563,
吸,530,5438,21560,
吮,531,542E,21550,
含,532,542B,21547,
吟,533,541F,21535,
味,534,5473,21619,
呵,535,5475,21621,
咖,536,5496,21654,
呸,537,5478,21624,
咕,538,5495,21653,
呢,539,5462,21602,
咀,540,5480,21632,
呻,541,547B,21627,
呷,542,5477,21623,
咄,543,5484,21636,
咒,544,5492,21650,
咆,545,5486,21638,
呼,546,547C,21628,
咐,547,5490,21648,
呱,548,5471,21617,
呶,549,5476,21622,
和,550,548C,21644,
咚,551,549A,21658,
周,552,5468,21608,
咋,553,548B,21643,
命,554,547D,21629,
咎,555,548E,21646,
咬,556,54AC,21676,
哀,557,54C0,21696,
咩,558,54A9,21673,
咨,559,54A8,21672,
咳,560,54B3,21683,
咪,561,54AA,21674,
哎,562,54CE,21710,
哉,563,54C9,21705,
咦,564,54A6,21670,
哇,565,54C7,21703,
哂,566,54C2,21698,
哄,567,54C4,21700,
咫,568,54AB,21675,
咧,569,54A7,21671,
咽,570,54BD,21693,
品,571,54C1,21697,
哈,572,54C8,21704,
咯,573,54AF,21679,
咱,574,54B1,21681,
咻,575,54BB,21691,
咸,576,54B8,21688,
唐,577,5510,21776,
唁,578,5501,21761,
哼,579,54FC,21756,
哥,580,54E5,21733,
哲,581,54F2,21746,
哺,582,54FA,21754,
唔,583,5514,21780,
哮,584,54EE,21742,
哪,585,54EA,21738,
唧,586,5527,21799,
哩,587,54E9,21737,
哭,588,54ED,21741,
員,589,54E1,21729,
哨,590,54E8,21736,
唆,591,5506,21766,
唉,592,5509,21769,
哦,593,54E6,21734,
唷,594,5537,21815,
商,595,5546,21830,
啖,596,5556,21846,
唳,597,5533,21811,
啪,598,556A,21866,
啦,599,5566,21862,
啄,600,5544,21828,
啞,601,555E,21854,
啊,602,554A,21834,
啜,603,555C,21852,
啃,604,5543,21827,
唱,605,5531,21809,
問,606,554F,21839,
唬,607,552C,21804,
啡,608,5561,21857,
啕,609,5555,21845,
唯,610,552F,21807,
啤,611,5564,21860,
唸,612,5538,21816,
售,613,552E,21806,
啣,614,5563,21859,
啁,615,5541,21825,
啥,616,5565,21861,
啻,617,557B,21883,
喀,618,5580,21888,
喧,619,55A7,21927,
啼,620,557C,21884,
喜,621,559C,21916,
喪,622,55AA,21930,
喔,623,5594,21908,
喇,624,5587,21895,
喋,625,558B,21899,
喃,626,5583,21891,
喳,627,55B3,21939,
喱,628,55B1,21937,
喝,629,559D,21917,
喘,630,5598,21912,
喂,631,5582,21890,
單,632,55AE,21934,
喟,633,559F,21919,
喊,634,558A,21898,
唾,635,553E,21822,
喲,636,55B2,21938,
喚,637,559A,21914,
喻,638,55BB,21947,
喬,639,55AC,21932,
啾,640,557E,21886,
喉,641,5589,21897,
嗟,642,55DF,21983,
嗨,643,55E8,21992,
嗓,644,55D3,21971,
嗦,645,55E6,21990,
嗎,646,55CE,21966,
嗜,647,55DC,21980,
嗇,648,55C7,21959,
嗑,649,55D1,21969,
嗣,650,55E3,21987,
嗤,651,55E4,21988,
嗯,652,55EF,21999,
嗚,653,55DA,21978,
嗡,654,55E1,21985,
嗅,655,55C5,21957,
嗆,656,55C6,21958,
嗥,657,55E5,21989,⿰口皋
噑,0657V,5651,22097,⿰口皐
嗾,658,55FE,22014,
嘀,659,5600,22016,
嘛,660,561B,22043,
嗽,661,55FD,22013,
嘔,662,5614,22036,
嘉,663,5609,22025,
嗷,664,55F7,22007,
嘖,665,5616,22038,
嘟,666,561F,22047,
嘈,667,5608,22024,
嘗,668,5617,22039,
嘍,669,560D,22029,
嘮,670,562E,22062,
嘻,671,563B,22075,
嘹,672,5639,22073,
嘲,673,5632,22066,
嘩,674,5629,22057,
噎,675,564E,22094,
噴,676,5674,22132,
嘶,677,5636,22070,
嘿,678,563F,22079,
嘰,679,5630,22064,
噓,680,5653,22099,
噗,681,5657,22103,
嘴,682,5634,22068,
噫,683,566B,22123,
嘯,684,562F,22063,
噩,685,5669,22121,
噤,686,5664,22116,
噸,687,5678,22136,
噹,688,5679,22137,
噪,689,566A,22122,
器,690,5668,22120,
噥,691,5665,22117,
噱,692,5671,22129,
噙,693,5659,22105,
噯,694,566F,22127,
噬,695,566C,22124,
噢,696,5662,22114,
嚎,697,568E,22158,
嚀,698,5680,22144,
嚅,699,5685,22149,
嚇,700,5687,22151,
嚏,701,568F,22159,
嚕,702,5695,22165,
嚮,703,56AE,22190,
嚨,704,56A8,22184,
嚥,705,56A5,22181,
嚷,706,56B7,22199,
嚶,707,56B6,22198,
嚴,708,56B4,22196,
嚼,709,56BC,22204,
囁,710,56C1,22209,
囀,711,56C0,22208,
囂,712,56C2,22210,
囈,713,56C8,22216,
囊,714,56CA,22218,
囉,715,56C9,22217,
囌,716,56CC,22220,
囑,717,56D1,22225,
四,718,56DB,22235,
囚,719,56DA,22234,
因,720,56E0,22240,
回,721,56DE,22238,
困,722,56F0,22256,
囤,723,56E4,22244,
囱,724,56F1,22257,⿱丿⿴囗夂
囪,0724V,56EA,22250,⿱丿⿴囗⿻⿰丿丿丶
固,725,56FA,22266,
圃,726,5703,22275,
圈,727,5708,22280,
國,728,570B,22283,
圍,729,570D,22285,
園,730,5712,22290,
圓,731,5713,22291,
團,732,5718,22296,
圖,733,5716,22294,
土,734,571F,22303,
地,735,5730,22320,
在,736,5728,22312,
圭,737,572D,22317,
圬,738,572C,22316,
圯,739,572F,22319,
圳,740,5733,22323,
坊,741,574A,22346,
坑,742,5751,22353,
址,743,5740,22336,
坍,744,574D,22349,
均,745,5747,22343,
坎,746,574E,22350,
圾,747,573E,22334,
坐,748,5750,22352,
坏,749,574F,22351,
垃,750,5783,22403,
坷,751,5777,22391,
坪,752,576A,22378,
坩,753,5769,22377,
坡,754,5761,22369,
坦,755,5766,22374,
坤,756,5764,22372,
坼,757,577C,22396,
垂,758,5782,22402,
型,759,578B,22411,
垠,760,57A0,22432,
垣,761,57A3,22435,
垮,762,57AE,22446,
垢,763,57A2,22434,
城,764,57CE,22478,
埔,765,57D4,22484,
埋,766,57CB,22475,
埃,767,57C3,22467,
培,768,57F9,22521,
域,769,57DF,22495,
堅,770,5805,22533,
基,771,57FA,22522,
堵,772,5835,22581,
執,773,57F7,22519,
堂,774,5802,22530,
堆,775,5806,22534,
埠,776,57E0,22496,
報,777,5831,22577,
堯,778,582F,22575,
堪,779,582A,22570,
堰,780,5830,22576,
場,781,5834,22580,
堤,782,5824,22564,
堡,783,5821,22561,
塞,784,585E,22622,
塑,785,5851,22609,
塘,786,5858,22616,
塗,787,5857,22615,
塚,788,585A,22618,
塔,789,5854,22612,
填,790,586B,22635,
塌,791,584C,22604,
塊,792,584A,22602,
塢,793,5862,22626,
塵,794,5875,22645,
塾,795,587E,22654,
境,796,5883,22659,
墓,797,5893,22675,
墊,798,588A,22666,
塹,799,5879,22649,
墅,800,5885,22661,
增,801,589E,22686,
墀,802,5880,22656,
墳,803,58B3,22707,
墜,804,589C,22684,
墮,805,58AE,22702,
墟,806,589F,22687,
壅,807,58C5,22725,
壇,808,58C7,22727,
壁,809,58C1,22721,
墾,810,58BE,22718,
壕,811,58D5,22741,
壓,812,58D3,22739,
壑,813,58D1,22737,
壙,814,58D9,22745,
壘,815,58D8,22744,
壞,816,58DE,22750,
壟,817,58DF,22751,
壤,818,58E4,22756,
壩,819,58E9,22761,
士,820,58EB,22763,
壬,821,58EC,22764,
壯,822,58EF,22767,
壹,823,58F9,22777,
壺,824,58FA,22778,
壽,825,58FD,22781,
夏,826,590F,22799,
夕,827,5915,22805,
外,828,5916,22806,
夙,829,5919,22809,
多,830,591A,22810,
夜,831,591C,22812,
夠,832,5920,22816,
够,0832V,591F,22815,
夥,833,5925,22821,
夢,834,5922,22818,
夤,835,5924,22820,
大,836,5927,22823,
太,837,592A,22826,
天,838,5929,22825,
夫,839,592B,22827,
夭,840,592D,22829,
央,841,592E,22830,
失,842,5931,22833,
夷,843,5937,22839,
夸,844,5938,22840,
夾,845,593E,22846,
奉,846,5949,22857,
奇,847,5947,22855,
奈,848,5948,22856,
奔,849,5954,22868,
奄,850,5944,22852,
奕,851,5955,22869,
契,852,5951,22865,
奏,853,594F,22863,
奎,854,594E,22862,
奐,855,5950,22864,
套,856,5957,22871,
奘,857,5958,22872,
奚,858,595A,22874,
奢,859,5962,22882,
奠,860,5960,22880,
奧,861,5967,22887,
奪,862,596A,22890,
奩,863,5969,22889,
奮,864,596E,22894,
女,865,5973,22899,
奴,866,5974,22900,
奶,867,5976,22902,
妄,868,5984,22916,
奸,869,5978,22904,
妃,870,5983,22915,
好,871,597D,22909,
她,872,5979,22905,
如,873,5982,22914,
妒,874,5992,22930,
妨,875,59A8,22952,
妞,876,599E,22942,
妣,877,59A3,22947,
妍,878,598D,22925,
妤,879,59A4,22948,
妓,880,5993,22931,
妊,881,598A,22922,
妝,882,599D,22941,
妙,883,5999,22937,
妖,884,5996,22934,
妥,885,59A5,22949,
妾,886,59BE,22974,
妻,887,59BB,22971,
妹,888,59B9,22969,
妮,889,59AE,22958,
姑,890,59D1,22993,
姐,891,59D0,22992,
姍,892,59CD,22989,
妯,893,59AF,22959,
姒,894,59D2,22994,
委,895,59D4,22996,
姆,896,59C6,22982,
始,897,59CB,22987,
姓,898,59D3,22995,
姊,899,59CA,22986,
妳,900,59B3,22963,
姜,901,59DC,23004,
姘,902,59D8,23000,
姿,903,59FF,23039,
姣,904,59E3,23011,
姨,905,59E8,23016,
娃,906,5A03,23043,
姥,907,59E5,23013,
姪,908,59EA,23018,
姻,909,59FB,23035,
姚,910,59DA,23002,
姦,911,59E6,23014,
威,912,5A01,23041,
娑,913,5A11,23057,
娘,914,5A18,23064,
娣,915,5A23,23075,
娜,916,5A1C,23068,
娓,917,5A13,23059,
姬,918,59EC,23020,
娠,919,5A20,23072,
娟,920,5A1F,23071,
娛,921,5A1B,23067,
娌,922,5A0C,23052,
娩,923,5A29,23081,
娥,924,5A25,23077,
婉,925,5A49,23113,
婆,926,5A46,23110,
婊,927,5A4A,23114,
婦,928,5A66,23142,
婪,929,5A6A,23146,
娶,930,5A36,23094,
婀,931,5A40,23104,
婁,932,5A41,23105,
娼,933,5A3C,23100,
婢,934,5A62,23138,
婚,935,5A5A,23130,
婷,936,5A77,23159,
媚,937,5A9A,23194,
婿,938,5A7F,23167,
媒,939,5A92,23186,
媪,940,5AAA,23210,⿰女昷
媼,0940V,5ABC,23228,⿰女𥁕
媛,941,5A9B,23195,
嫂,942,5AC2,23234,
嫁,943,5AC1,23233,
嫉,944,5AC9,23241,
嫌,945,5ACC,23244,
媾,946,5ABE,23230,
媽,947,5ABD,23229,
媳,948,5AB3,23219,
媲,949,5AB2,23218,
嫡,950,5AE1,23265,
嫩,951,5AE9,23273,
嫗,952,5AD7,23255,
嫖,953,5AD6,23254,
嫣,954,5AE3,23267,
嫦,955,5AE6,23270,
嫘,956,5AD8,23256,
嬉,957,5B09,23305,
嫻,958,5AFB,23291,⿰女⿵門木
嫺,0958V,5AFA,23290,⿰女⿵門月
嬋,959,5B0B,23307,
嫵,960,5AF5,23285,
嬌,961,5B0C,23308,
嬴,962,5B34,23348,
嬝,963,5B1D,23325,
嬪,964,5B2A,23338,
嬤,965,5B24,23332,
嬰,966,5B30,23344,
嬸,967,5B38,23352,
孀,968,5B40,23360,
子,969,5B50,23376,
孑,970,5B51,23377,
孓,971,5B53,23379,
孔,972,5B54,23380,
孕,973,5B55,23381,
字,974,5B57,23383,
存,975,5B58,23384,
孝,976,5B5D,23389,
孜,977,5B5C,23388,
孚,978,5B5A,23386,
孟,979,5B5F,23391,
孤,980,5B64,23396,
季,981,5B63,23395,
孩,982,5B69,23401,
孫,983,5B6B,23403,
孰,984,5B70,23408,
孳,985,5B73,23411,
孱,986,5B71,23409,
孵,987,5B75,23413,
學,988,5B78,23416,
孺,989,5B7A,23418,
孽,990,5B7D,23421,
孿,991,5B7F,23423,
它,992,5B83,23427,
宂,993,5B82,23426,
宇,994,5B87,23431,
守,995,5B88,23432,
宅,996,5B85,23429,
安,997,5B89,23433,
完,998,5B8C,23436,
宋,999,5B8B,23435,
宏,1000,5B8F,23439,
宗,1001,5B97,23447,
定,1002,5B9A,23450,
官,1003,5B98,23448,
宜,1004,5B9C,23452,
宙,1005,5B99,23449,
宛,1006,5B9B,23451,
宣,1007,5BA3,23459,
宦,1008,5BA6,23462,
室,1009,5BA4,23460,
宥,1010,5BA5,23461,
客,1011,5BA2,23458,
宰,1012,5BB0,23472,
家,1013,5BB6,23478,
宴,1014,5BB4,23476,
宮,1015,5BAE,23470,
宵,1016,5BB5,23477,
害,1017,5BB3,23475,
容,1018,5BB9,23481,
密,1019,5BC6,23494,
寇,1020,5BC7,23495,
寅,1021,5BC5,23493,
寄,1022,5BC4,23492,
寂,1023,5BC2,23490,
宿,1024,5BBF,23487,
寒,1025,5BD2,23506,
富,1026,5BCC,23500,
寓,1027,5BD3,23507,
寐,1028,5BD0,23504,
寞,1029,5BDE,23518,
寧,1030,5BE7,23527,
寡,1031,5BE1,23521,
寥,1032,5BE5,23525,
寨,1033,5BE8,23528,
實,1034,5BE6,23526,
寢,1035,5BE2,23522,
寤,1036,5BE4,23524,
察,1037,5BDF,23519,
寮,1038,5BEE,23534,
寬,1039,5BEC,23532,
審,1040,5BE9,23529,
寫,1041,5BEB,23531,
寵,1042,5BF5,23541,
寶,1043,5BF6,23542,
寸,1044,5BF8,23544,
寺,1045,5BFA,23546,
封,1046,5C01,23553,
射,1047,5C04,23556,
尉,1048,5C09,23561,
專,1049,5C08,23560,
將,1050,5C07,23559,
尊,1051,5C0A,23562,
尋,1052,5C0B,23563,
對,1053,5C0D,23565,
導,1054,5C0E,23566,
小,1055,5C0F,23567,
少,1056,5C11,23569,
尖,1057,5C16,23574,
尚,1058,5C1A,23578,
尤,1059,5C24,23588,
尬,1060,5C2C,23596,
就,1061,5C31,23601,
尷,1062,5C37,23607,
尸,1063,5C38,23608,
尺,1064,5C3A,23610,
尼,1065,5C3C,23612,
局,1066,5C40,23616,
屁,1067,5C41,23617,
尿,1068,5C3F,23615,
尾,1069,5C3E,23614,
居,1070,5C45,23621,
屆,1071,5C46,23622,
屈,1072,5C48,23624,
屎,1073,5C4E,23630,
屏,1074,5C4F,23631,
屍,1075,5C4D,23629,
屋,1076,5C4B,23627,
展,1077,5C55,23637,
屑,1078,5C51,23633,
屐,1079,5C50,23632,
屠,1080,5C60,23648,
屜,1081,5C5C,23644,
屢,1082,5C62,23650,
層,1083,5C64,23652,
履,1084,5C65,23653,
屬,1085,5C6C,23660,
屯,1086,5C6F,23663,
山,1087,5C71,23665,
屹,1088,5C79,23673,
岐,1089,5C90,23696,
岑,1090,5C91,23697,
岔,1091,5C94,23700,
岌,1092,5C8C,23692,
岷,1093,5CB7,23735,
岸,1094,5CB8,23736,
岩,1095,5CA9,23721,
岡,1096,5CA1,23713,
崗,1096V,5D17,23831,⿱山岡
岫,1097,5CAB,23723,
岱,1098,5CB1,23729,
岳,1099,5CB3,23731,
峙,1100,5CD9,23769,
峽,1101,5CFD,23805,
峭,1102,5CED,23789,
峻,1103,5CFB,23803,
峪,1104,5CEA,23786,
峨,1105,5CE8,23784,⿰山我
峩,1105V,5CE9,23785,⿱山我
峯,1106,5CEF,23791,⿱山夆
峰,1106V,5CF0,23792,⿰山夆
島,1107,5CF6,23798,
崇,1108,5D07,23815,
崆,1109,5D06,23814,
崎,1110,5D0E,23822,
崛,1111,5D1B,23835,
崖,1112,5D16,23830,
崑,1113,5D11,23825,
崩,1114,5D29,23849,
崢,1115,5D22,23842,
崔,1116,5D14,23828,
崙,1117,5D19,23833,
嵌,1118,5D4C,23884,
嵐,1119,5D50,23888,
嵩,1120,5D69,23913,
嶄,1121,5D84,23940,
嶇,1122,5D87,23943,
嶝,1123,5D9D,23965,
嶼,1124,5DBC,23996,
嶺,1125,5DBA,23994,
嶽,1126,5DBD,23997,
巍,1127,5DCD,24013,
巒,1128,5DD2,24018,
巔,1129,5DD4,24020,
巖,1130,5DD6,24022,
川,1131,5DDD,24029,
州,1132,5DDE,24030,
巢,1133,5DE2,24034,
工,1134,5DE5,24037,
巨,1135,5DE8,24040,
巧,1136,5DE7,24039,
左,1137,5DE6,24038,
巫,1138,5DEB,24043,
差,1139,5DEE,24046,
己,1140,5DF1,24049,
已,1141,5DF2,24050,
巳,1142,5DF3,24051,
巴,1143,5DF4,24052,
巷,1144,5DF7,24055,
巽,1145,5DFD,24061,
巾,1146,5DFE,24062,
市,1147,5E02,24066,
布,1148,5E03,24067,
帆,1149,5E06,24070,
希,1150,5E0C,24076,
帘,1151,5E18,24088,
帚,1152,5E1A,24090,
帖,1153,5E16,24086,
帛,1154,5E1B,24091,
帑,1155,5E11,24081,
帕,1156,5E15,24085,
帝,1157,5E1D,24093,
帥,1158,5E25,24101,
席,1159,5E2D,24109,
師,1160,5E2B,24107,
帶,1161,5E36,24118,
帳,1162,5E33,24115,
常,1163,5E38,24120,
帷,1164,5E37,24119,
幅,1165,5E45,24133,
帽,1166,5E3D,24125,
幀,1167,5E40,24128,
幌,1168,5E4C,24140,
幛,1169,5E5B,24155,
幣,1170,5E63,24163,
幕,1171,5E55,24149,
幗,1172,5E57,24151,
幔,1173,5E54,24148,
幢,1174,5E62,24162,
幟,1175,5E5F,24159,
幫,1176,5E6B,24171,
干,1177,5E72,24178,
平,1178,5E73,24179,
并,1179,5E76,24182,
年,1180,5E74,24180,
幸,1181,5E78,24184,
幹,1182,5E79,24185,
幺,1183,5E7A,24186,
幻,1184,5E7B,24187,
幼,1185,5E7C,24188,
幽,1186,5E7D,24189,
幾,1187,5E7E,24190,
序,1188,5E8F,24207,
庇,1189,5E87,24199,
庚,1190,5E9A,24218,
店,1191,5E97,24215,
府,1192,5E9C,24220,
底,1193,5E95,24213,
庖,1194,5E96,24214,
庠,1195,5EA0,24224,
度,1196,5EA6,24230,
庫,1197,5EAB,24235,
庭,1198,5EAD,24237,
座,1199,5EA7,24231,
康,1200,5EB7,24247,
庸,1201,5EB8,24248,
庶,1202,5EB6,24246,
庵,1203,5EB5,24245,⿸广奄
菴,1203V,83F4,33780,⿱艹奄
庾,1204,5EBE,24254,
廊,1205,5ECA,24266,
廂,1206,5EC2,24258,
廁,1207,5EC1,24257,
廉,1208,5EC9,24265,
廈,1209,5EC8,24264,
廓,1210,5ED3,24275,
廖,1211,5ED6,24278,
廢,1212,5EE2,24290,
廚,1213,5EDA,24282,
廟,1214,5EDF,24287,
廝,1215,5EDD,24285,
廣,1216,5EE3,24291,
廠,1217,5EE0,24288,
龐,1218,9F90,40848,
廬,1219,5EEC,24300,
廳,1220,5EF3,24307,
廷,1221,5EF7,24311,
延,1222,5EF6,24310,
建,1223,5EFA,24314,
廿,1224,5EFF,24319,
弁,1225,5F01,24321,
弄,1226,5F04,24324,
弈,1227,5F08,24328,
弊,1228,5F0A,24330,
式,1229,5F0F,24335,
弒,1230,5F12,24338,
弓,1231,5F13,24339,
弔,1232,5F14,24340,
引,1233,5F15,24341,
弘,1234,5F18,24344,
弗,1235,5F17,24343,
弛,1236,5F1B,24347,
弟,1237,5F1F,24351,
弦,1238,5F26,24358,
弧,1239,5F27,24359,
弩,1240,5F29,24361,
弭,1241,5F2D,24365,
弱,1242,5F31,24369,
張,1243,5F35,24373,
強,1244,5F37,24375,
弼,1245,5F3C,24380,
彆,1246,5F46,24390,
彈,1247,5F48,24392,
彌,1248,5F4C,24396,
彎,1249,5F4E,24398,
彗,1250,5F57,24407,
彙,1251,5F59,24409,
彝,1252,5F5D,24413,
形,1253,5F62,24418,
彤,1254,5F64,24420,
彥,1255,5F65,24421,
彬,1256,5F6C,24428,
彩,1257,5F69,24425,
彫,1258,5F6B,24427,
彭,1259,5F6D,24429,
彰,1260,5F70,24432,
影,1261,5F71,24433,
彷,1262,5F77,24439,
役,1263,5F79,24441,
往,1264,5F80,24448,
征,1265,5F81,24449,
彿,1266,5F7F,24447,
彼,1267,5F7C,24444,
很,1268,5F88,24456,
待,1269,5F85,24453,
律,1270,5F8B,24459,
徊,1271,5F8A,24458,
徇,1272,5F87,24455,
後,1273,5F8C,24460,
徒,1274,5F92,24466,
徑,1275,5F91,24465,
徐,1276,5F90,24464,
得,1277,5F97,24471,
徙,1278,5F99,24473,
徘,1279,5F98,24472,
從,1280,5F9E,24478,
御,1281,5FA1,24481,
復,1282,5FA9,24489,
循,1283,5FAA,24490,
徨,1284,5FA8,24488,
徬,1285,5FAC,24492,
微,1286,5FAE,24494,
徹,1287,5FB9,24505,
德,1288,5FB7,24503,
徵,1289,5FB5,24501,
徽,1290,5FBD,24509,
心,1291,5FC3,24515,
必,1292,5FC5,24517,
忙,1293,5FD9,24537,
忖,1294,5FD6,24534,
忘,1295,5FD8,24536,
忌,1296,5FCC,24524,
志,1297,5FD7,24535,
忍,1298,5FCD,24525,
忱,1299,5FF1,24561,
快,1300,5FEB,24555,
忝,1301,5FDD,24541,
忠,1302,5FE0,24544,
忽,1303,5FFD,24573,
念,1304,5FF5,24565,
忿,1305,5FFF,24575,
怔,1306,6014,24596,
怯,1307,602F,24623,
怵,1308,6035,24629,
怖,1309,6016,24598,
怪,1310,602A,24618,
怏,1311,600F,24591,
怕,1312,6015,24597,
性,1313,6027,24615,
怡,1314,6021,24609,
思,1315,601D,24605,
怒,1316,6012,24594,
怠,1317,6020,24608,
急,1318,6025,24613,
怎,1319,600E,24590,
怨,1320,6028,24616,
恨,1321,6068,24680,
恢,1322,6062,24674,
恆,1323,6046,24646,
恃,1324,6043,24643,
恬,1325,606C,24684,
恍,1326,604D,24653,
恫,1327,606B,24683,
恰,1328,6070,24688,
恪,1329,606A,24682,
恤,1330,6064,24676,
恙,1331,6059,24665,
恣,1332,6063,24675,
恥,1333,6065,24677,
恐,1334,6050,24656,
恭,1335,606D,24685,
恩,1336,6069,24681,
恕,1337,6055,24661,
息,1338,606F,24687,
悌,1339,608C,24716,
悦,1340,60A6,24742,⿰忄⿱丷兄
悅,1340V,6085,24709,⿰忄⿱八兄
悟,1341,609F,24735,
悖,1342,6096,24726,
悚,1343,609A,24730,
悍,1344,608D,24717,
悄,1345,6084,24708,
悔,1346,6094,24724,
恿,1347,607F,24703,
患,1348,60A3,24739,
悉,1349,6089,24713,
悠,1350,60A0,24736,
您,1351,60A8,24744,
惋,1352,60CB,24779,
悴,1353,60B4,24756,
惦,1354,60E6,24806,
悽,1355,60BD,24765,
情,1356,60C5,24773,
悻,1357,60BB,24763,
悵,1358,60B5,24757,
惜,1359,60DC,24796,
悼,1360,60BC,24764,
惘,1361,60D8,24792,
惕,1362,60D5,24789,
惆,1363,60C6,24774,
惟,1364,60DF,24799,
悸,1365,60B8,24760,
惚,1366,60DA,24794,
惑,1367,60D1,24785,
惡,1368,60E1,24801,
惠,1369,60E0,24800,
悶,1370,60B6,24758,
悲,1371,60B2,24754,
愜,1372,611C,24860,
惰,1373,60F0,24816,
慨,1374,6168,24936,
愣,1375,6123,24867,
惺,1376,60FA,24826,
愕,1377,6115,24853,
惻,1378,60FB,24827,
惴,1379,60F4,24820,
愠,1380,6120,24864,⿰忄⿱日皿
慍,1380V,614D,24909,⿰忄⿱囚皿
惱,1381,60F1,24817,
愎,1382,610E,24846,
惶,1383,60F6,24822,
愉,1384,6109,24841,
愀,1385,6100,24832,
意,1386,610F,24847,
想,1387,60F3,24819,
惹,1388,60F9,24825,
愚,1389,611A,24858,
感,1390,611F,24863,
愛,1391,611B,24859,
愁,1392,6101,24833,
愈,1393,6108,24840,
慎,1394,614E,24910,
慌,1395,614C,24908,
慄,1396,6144,24900,
愾,1397,613E,24894,
愴,1398,6134,24884,
愧,1399,6127,24871,
慈,1400,6148,24904,
愿,1401,613F,24895,
慇,1402,6147,24903,
態,1403,614B,24907,
慷,1404,6177,24951,⿰忄康
忼,1404V,5FFC,24572,⿰忄亢
慳,1405,6173,24947,
慚,1406,615A,24922,
慢,1407,6162,24930,
慣,1408,6163,24931,
慟,1409,615F,24927,
慘,1410,6158,24920,
慶,1411,6176,24950,
慧,1412,6167,24935,
慝,1413,615D,24925,
慕,1414,6155,24917,
憂,1415,6182,24962,
慰,1416,6170,24944,
慮,1417,616E,24942,
慼,1418,617C,24956,
慫,1419,616B,24939,
慾,1420,617E,24958,
憧,1421,61A7,24999,
憐,1422,6190,24976,
憎,1423,618E,24974,
憫,1424,61AB,25003,
憤,1425,61A4,24996,
憬,1426,61AC,25004,
憚,1427,619A,24986,
憔,1428,6194,24980,
憲,1429,61B2,25010,
憑,1430,6191,24977,
憩,1431,61A9,25001,
憊,1432,618A,24970,
懍,1433,61CD,25037,
憶,1434,61B6,25014,
憾,1435,61BE,25022,
懂,1436,61C2,25026,
懊,1437,61CA,25034,
懈,1438,61C8,25032,
應,1439,61C9,25033,
懇,1440,61C7,25031,
懦,1441,61E6,25062,
懣,1442,61E3,25059,
懲,1443,61F2,25074,
懷,1444,61F7,25079,
懶,1445,61F6,25078,
懵,1446,61F5,25077,
懸,1447,61F8,25080,
懺,1448,61FA,25082,
懼,1449,61FC,25084,
懿,1450,61FF,25087,
戀,1451,6200,25088,
戈,1452,6208,25096,
戊,1453,620A,25098,
戎,1454,620E,25102,
戌,1455,620C,25100,
戍,1456,620D,25101,
成,1457,6210,25104,
戒,1458,6212,25106,
我,1459,6211,25105,
或,1460,6216,25110,
戕,1461,6215,25109,
戛,1462,621B,25115,
戚,1463,621A,25114,
戟,1464,621F,25119,
戡,1465,6221,25121,
戢,1466,6222,25122,
截,1467,622A,25130,
戮,1468,622E,25134,
戰,1469,6230,25136,
戴,1470,6234,25140,
戲,1471,6232,25138,
戳,1472,6233,25139,
户,1473,6237,25143,
房,1474,623F,25151,
戾,1475,623E,25150,
所,1476,6240,25152,
扁,1477,6241,25153,
扇,1478,6247,25159,
扈,1479,6248,25160,
扉,1480,6249,25161,
才,1481,624D,25165,
手,1482,624B,25163,
扎,1483,624E,25166,
打,1484,6253,25171,
扔,1485,6254,25172,
扒,1486,6252,25170,
扛,1487,625B,25179,
扣,1488,6263,25187,
托,1489,6258,25176,
抗,1490,6297,25239,
抖,1491,6296,25238,
技,1492,6280,25216,
扶,1493,6276,25206,
抉,1494,6289,25225,
扭,1495,626D,25197,
把,1496,628A,25226,
扼,1497,627C,25212,
找,1498,627E,25214,
抒,1499,6292,25234,
抄,1500,6284,25220,
批,1501,6279,25209,
扯,1502,626F,25199,
抑,1503,6291,25233,
折,1504,6298,25240,
扳,1505,6273,25203,
扮,1506,626E,25198,
投,1507,6295,25237,
抓,1508,6293,25235,
承,1509,627F,25215,
拉,1510,62C9,25289,
拌,1511,62CC,25292,
拄,1512,62C4,25284,
抿,1513,62BF,25279,
拂,1514,62C2,25282,
抹,1515,62B9,25273,
拒,1516,62D2,25298,
招,1517,62DB,25307,
拓,1518,62D3,25299,
拔,1519,62D4,25300,
拋,1520,62CB,25291,
抨,1521,62A8,25256,
拆,1522,62C6,25286,
拈,1523,62C8,25288,
抽,1524,62BD,25277,
押,1525,62BC,25276,
拐,1526,62D0,25296,
拙,1527,62D9,25305,
拇,1528,62C7,25287,
披,1529,62AB,25259,
拍,1530,62CD,25293,
抵,1531,62B5,25269,
拚,1532,62DA,25306,
抱,1533,62B1,25265,
拘,1534,62D8,25304,
拖,1535,62D6,25302,
拗,1536,62D7,25303,
抬,1537,62AC,25260,⿰扌台
擡,1537V,64E1,25825,⿰扌臺
拜,1538,62DC,25308,
挖,1539,6316,25366,
按,1540,6309,25353,
拼,1541,62FC,25340,
挑,1542,6311,25361,
拭,1543,62ED,25325,
持,1544,6301,25345,
拮,1545,62EE,25326,
指,1546,6307,25351,
拱,1547,62F1,25329,
拷,1548,62F7,25335,
拯,1549,62EF,25327,
拽,1550,62FD,25341,
拴,1551,62F4,25332,
括,1552,62EC,25324,
拾,1553,62FE,25342,
拿,1554,62FF,25343,
挈,1555,6308,25352,
拳,1556,62F3,25331,
挾,1557,633E,25406,
振,1558,632F,25391,
捕,1559,6355,25429,
捂,1560,6342,25410,
挪,1561,632A,25386,
捎,1562,634E,25422,
捆,1563,6346,25414,
捏,1564,634F,25423,
捉,1565,6349,25417,
捐,1566,6350,25424,
挺,1567,633A,25402,
挽,1568,633D,25405,
挫,1569,632B,25387,
挨,1570,6328,25384,
掠,1571,63A0,25504,
控,1572,63A7,25511,
捲,1573,6372,25458,
掖,1574,6396,25494,
探,1575,63A2,25506,
接,1576,63A5,25509,
捩,1577,6369,25449,
捷,1578,6377,25463,
捧,1579,6367,25447,
掘,1580,6398,25496,
措,1581,63AA,25514,
捱,1582,6371,25457,
掩,1583,63A9,25513,
掃,1584,6383,25475,
掛,1585,639B,25499,
捫,1586,636B,25451,
掉,1587,6389,25481,
排,1588,6392,25490,
捨,1589,6368,25448,
推,1590,63A8,25512,
掄,1591,6384,25476,
授,1592,6388,25480,
掙,1593,6399,25497,
採,1594,63A1,25505,
掬,1595,63AC,25516,
掏,1596,638F,25487,
掀,1597,6380,25472,
捻,1598,637B,25467,
掌,1599,638C,25484,
掣,1600,63A3,25507,
揮,1601,63EE,25582,
描,1602,63CF,25551,
揀,1603,63C0,25536,
揉,1604,63C9,25545,
揆,1605,63C6,25542,
揍,1606,63CD,25549,
插,1607,63D2,25554,
握,1608,63E1,25569,
摒,1609,6452,25682,
揩,1610,63E9,25577,
揣,1611,63E3,25571,
提,1612,63D0,25552,
揖,1613,63D6,25558,
揭,1614,63ED,25581,
揚,1615,63DA,25562,
捶,1616,6376,25462,
援,1617,63F4,25588,
揪,1618,63EA,25578,
換,1619,63DB,25563,
搜,1620,641C,25628,
搾,1621,643E,25662,
搞,1622,641E,25630,
搪,1623,642A,25642,
搓,1624,6413,25619,
搭,1625,642D,25645,
搽,1626,643D,25661,
搏,1627,640F,25615,
搔,1628,6414,25620,
損,1629,640D,25613,
搬,1630,642C,25644,
搶,1631,6436,25654,
搖,1632,6416,25622,
搗,1633,6417,25623,
摘,1634,6458,25688,
摔,1635,6454,25684,
摑,1636,6451,25681,
摸,1637,6478,25720,
摺,1638,647A,25722,
摧,1639,6467,25703,
摟,1640,645F,25695,
撇,1641,6487,25735,
摹,1642,6479,25721,
摩,1643,6469,25705,
摯,1644,646F,25711,
撤,1645,64A4,25764,
撞,1646,649E,25758,
撈,1647,6488,25736,
撰,1648,64B0,25776,
撥,1649,64A5,25765,
撓,1650,6493,25747,
撕,1651,6495,25749,
撩,1652,64A9,25769,
撒,1653,6492,25746,
撐,1654,6490,25744,
撲,1655,64B2,25778,
撮,1656,64AE,25774,
播,1657,64AD,25773,
撫,1658,64AB,25771,
撚,1659,649A,25754,
撬,1660,64AC,25772,
擅,1661,64C5,25797,
擁,1662,64C1,25793,
撻,1663,64BB,25787,
擂,1664,64C2,25794,
擋,1665,64CB,25803,
據,1666,64DA,25818,
擄,1667,64C4,25796,
擇,1668,64C7,25799,
操,1669,64CD,25805,
撼,1670,64BC,25788,
擔,1671,64D4,25812,
擒,1672,64D2,25810,
撿,1673,64BF,25791,
擊,1674,64CA,25802,
擘,1675,64D8,25816,
擎,1676,64CE,25806,
擠,1677,64E0,25824,
擰,1678,64F0,25840,
擦,1679,64E6,25830,
擬,1680,64EC,25836,
擱,1681,64F1,25841,
擴,1682,64F4,25844,
擲,1683,64F2,25842,
擾,1684,64FE,25854,
攆,1685,6506,25862,
擻,1686,64FB,25851,
擺,1687,64FA,25850,
攀,1688,6500,25856,
攏,1689,650F,25871,
攘,1690,6518,25880,
攔,1691,6514,25876,
攙,1692,6519,25881,
攝,1693,651D,25885,
攜,1694,651C,25884,⿰扌巂
携,1694V,643A,25658,⿰扌隽
攤,1695,6524,25892,
攣,1696,6523,25891,
攫,1697,652B,25899,
攪,1698,652A,25898,
攬,1699,652C,25900,
支,1700,652F,25903,
收,1701,6536,25910,
改,1702,6539,25913,
攻,1703,653B,25915,
放,1704,653E,25918,
政,1705,653F,25919,
故,1706,6545,25925,
效,1707,6548,25928,
啟,1708,555F,21855,⿰启攵
啓,1708V,5553,21843,⿱𢼄口
敖,1709,6556,25942,
救,1710,6551,25937,
教,1711,6559,25945,⿰孝攵
敎,1711V,654E,25934,⿰𡥉攵
敝,1712,655D,25949,
敗,1713,6557,25943,
敏,1714,654F,25935,
敍,1715,654D,25933,⿰余攴
叙,1715V,53D9,21465,⿰余又
敘,1715V2,6558,25944,⿰余攵
敦,1716,6566,25958,
敢,1717,6562,25954,
散,1718,6563,25955,
敞,1719,655E,25950,
敬,1720,656C,25964,
敲,1721,6572,25970,
敵,1722,6575,25973,
敷,1723,6577,25975,
數,1724,6578,25976,
整,1725,6574,25972,
斃,1726,6583,25987,
斂,1727,6582,25986,
文,1728,6587,25991,
斑,1729,6591,26001,
斐,1730,6590,26000,
斗,1731,6597,26007,
料,1732,6599,26009,
斜,1733,659C,26012,
斟,1734,659F,26015,
斡,1735,65A1,26017,
斤,1736,65A4,26020,
斥,1737,65A5,26021,
斧,1738,65A7,26023,
斫,1739,65AB,26027,
斬,1740,65AC,26028,
斯,1741,65AF,26031,
新,1742,65B0,26032,
斷,1743,65B7,26039,
方,1744,65B9,26041,
於,1745,65BC,26044,
施,1746,65BD,26045,
旁,1747,65C1,26049,
旅,1748,65C5,26053,
族,1749,65CF,26063,
旋,1750,65CB,26059,
旌,1751,65CC,26060,
旎,1752,65CE,26062,
旗,1753,65D7,26071,
旖,1754,65D6,26070,
既,1755,65E2,26082,
日,1756,65E5,26085,
旦,1757,65E6,26086,
旨,1758,65E8,26088,
早,1759,65E9,26089,
旬,1760,65EC,26092,
旭,1761,65ED,26093,
旱,1762,65F1,26097,
旺,1763,65FA,26106,
昔,1764,6614,26132,
昆,1765,6606,26118,
昌,1766,660C,26124,
易,1767,6613,26131,
昂,1768,6602,26114,
明,1769,660E,26126,
昏,1770,660F,26127,
昇,1771,6607,26119,
春,1772,6625,26149,
昭,1773,662D,26157,
昧,1774,6627,26151,
是,1775,662F,26159,
映,1776,6620,26144,
星,1777,661F,26143,
昨,1778,6628,26152,
晏,1779,664F,26191,
時,1780,6642,26178,
晉,1781,6649,26185,
晃,1782,6643,26179,
晌,1783,664C,26188,
晝,1784,665D,26205,
晤,1785,6664,26212,
晨,1786,6668,26216,
晚,1787,665A,26202,
晦,1788,6666,26214,
普,1789,666E,26222,
晰,1790,6670,26224,
晴,1791,6674,26228,
晶,1792,6676,26230,
景,1793,666F,26223,
暑,1794,6691,26257,
智,1795,667A,26234,
暗,1796,6697,26263,
暉,1797,6689,26249,
暈,1798,6688,26248,
暇,1799,6687,26247,
暖,1800,6696,26262,
暨,1801,66A8,26280,
暢,1802,66A2,26274,
暮,1803,66AE,26286,
暫,1804,66AB,26283,
暴,1805,66B4,26292,
曆,1806,66C6,26310,
曉,1807,66C9,26313,
暹,1808,66B9,26297,
曙,1809,66D9,26329,
曖,1810,66D6,26326,
曠,1811,66E0,26336,
曝,1812,66DD,26333,
曦,1813,66E6,26342,
曬,1814,66EC,26348,
曰,1815,66F0,26352,
曲,1816,66F2,26354,
曳,1817,66F3,26355,
更,1818,66F4,26356,
曷,1819,66F7,26359,
書,1820,66F8,26360,
曹,1821,66F9,26361,
勗,1822,52D7,21207,
曾,1823,66FE,26366,
替,1824,66FF,26367,
會,1825,6703,26371,
月,1826,6708,26376,
有,1827,6709,26377,
服,1828,670D,26381,
朋,1829,670B,26379,
朔,1830,6714,26388,
朕,1831,6715,26389,
朗,1832,6717,26391,
望,1833,671B,26395,
期,1834,671F,26399,
朝,1835,671D,26397,
朦,1836,6726,26406,
朧,1837,6727,26407,
木,1838,6728,26408,
朮,1839,672E,26414,
本,1840,672C,26412,
未,1841,672A,26410,
末,1842,672B,26411,
札,1843,672D,26413,
朽,1844,673D,26429,
朴,1845,6734,26420,
朱,1846,6731,26417,
朵,1847,6735,26421,
李,1848,674E,26446,
材,1849,6750,26448,
杆,1850,6746,26438,
村,1851,6751,26449,⿰木寸
邨,1851V,90A8,37032,⿰屯阝
杜,1852,675C,26460,
杖,1853,6756,26454,
杞,1854,675E,26462,
束,1855,675F,26463,
杏,1856,674F,26447,
杉,1857,6749,26441,
杭,1858,676D,26477,
枕,1859,6795,26517,
杰,1860,6770,26480,
杷,1861,6777,26487,
枝,1862,679D,26525,
林,1863,6797,26519,
杯,1864,676F,26479,
板,1865,677F,26495,
枉,1866,6789,26505,
東,1867,6771,26481,
果,1868,679C,26524,
杳,1869,6773,26483,
枇,1870,6787,26503,
松,1871,677E,26494,
析,1872,6790,26512,
杵,1873,6775,26485,
枚,1874,679A,26522,
柿,1875,67FF,26623,
染,1876,67D3,26579,
柱,1877,67F1,26609,
柔,1878,67D4,26580,
某,1879,67D0,26576,
架,1880,67B6,26550,
枯,1881,67AF,26543,
柩,1882,67E9,26601,
柯,1883,67EF,26607,
柄,1884,67C4,26564,
柑,1885,67D1,26577,
柬,1886,67EC,26604,
柵,1887,67F5,26613,
枴,1888,67B4,26548,
柚,1889,67DA,26586,
查,1890,67E5,26597,
枸,1891,67B8,26552,
柏,1892,67CF,26575,
柳,1893,67F3,26611,
枱,1894,67B1,26545,⿰木台
檯,1894V,6AAF,27311,⿰木臺
校,1895,6821,26657,
核,1896,6838,26680,
案,1897,6848,26696,
框,1898,6846,26694,
桓,1899,6853,26707,
根,1900,6839,26681,
桂,1901,6842,26690,
桔,1902,6854,26708,
栩,1903,6829,26665,
栗,1904,6817,26647,
桑,1905,6851,26705,
栽,1906,683D,26685,
桌,1907,684C,26700,
柴,1908,67F4,26612,
桐,1909,6850,26704,
桀,1910,6840,26688,
格,1911,683C,26684,
桃,1912,6843,26691,
株,1913,682A,26666,
桅,1914,6845,26693,
栓,1915,6813,26643,
梳,1916,68B3,26803,
梁,1917,6881,26753,
梯,1918,68AF,26799,
梢,1919,68A2,26786,
梓,1920,6893,26771,
梵,1921,68B5,26805,
桶,1922,6876,26742,
梧,1923,68A7,26791,
梗,1924,6897,26775,
械,1925,68B0,26800,
桿,1926,687F,26751,
梃,1927,6883,26755,
梭,1928,68AD,26797,
梆,1929,6886,26758,
梅,1930,6885,26757,
條,1931,689D,26781,
梨,1932,68A8,26792,
梟,1933,689F,26783,
棄,1934,68C4,26820,
棺,1935,68FA,26874,
棕,1936,68D5,26837,
椅,1937,6905,26885,
棟,1938,68DF,26847,
森,1939,68EE,26862,
棧,1940,68E7,26855,
棒,1941,68D2,26834,
棲,1942,68F2,26866,
棣,1943,68E3,26851,
棋,1944,68CB,26827,
植,1945,690D,26893,
棠,1946,68E0,26848,
棘,1947,68D8,26840,
棗,1948,68D7,26839,
棵,1949,68F5,26869,
棹,1950,68F9,26873,
棍,1951,68CD,26829,
椒,1952,6912,26898,
椎,1953,690E,26894,
棉,1954,68C9,26825,
棚,1955,68DA,26842,
榔,1956,6994,27028,
楚,1957,695A,26970,
楠,1958,6960,26976,
楔,1959,6954,26964,
極,1960,6975,26997,
椰,1961,6930,26928,
概,1962,6982,27010,
業,1963,696D,26989,
楷,1964,6977,26999,
楊,1965,694A,26954,
楨,1966,6968,26984,
楫,1967,696B,26987,
楞,1968,695E,26974,
楓,1969,6953,26963,
楹,1970,6979,27001,
榆,1971,6986,27014,
榜,1972,699C,27036,
榨,1973,69A8,27048,
榕,1974,6995,27029,
槁,1975,69C1,27073,
榮,1976,69AE,27054,
榷,1977,69B7,27063,
槓,1978,69D3,27091,
構,1979,69CB,27083,
榛,1980,699B,27035,
榻,1981,69BB,27067,
榴,1982,69B4,27060,
槐,1983,69D0,27088,
槍,1984,69CD,27085,
榭,1985,69AD,27053,
槌,1986,69CC,27084,
榦,1987,69A6,27046,
樑,1988,6A11,27153,
樣,1989,6A23,27171,
樟,1990,6A1F,27167,
槨,1991,69E8,27112,
樁,1992,6A01,27137,
樞,1993,6A1E,27166,
標,1994,6A19,27161,
槽,1995,69FD,27133,
樊,1996,6A0A,27146,
模,1997,6A21,27169,
樓,1998,6A13,27155,
槳,1999,69F3,27123,
樂,2000,6A02,27138,
樽,2001,6A3D,27197,
橙,2002,6A59,27225,
橫,2003,6A6B,27243,
橘,2004,6A58,27224,
樹,2005,6A39,27193,
橄,2006,6A44,27204,
橢,2007,6A62,27234,
樸,2008,6A38,27192,
樺,2009,6A3A,27194,
橡,2010,6A61,27233,
橋,2011,6A4B,27211,
橇,2012,6A47,27207,
樵,2013,6A35,27189,
機,2014,6A5F,27231,
檀,2015,6A80,27264,
檔,2016,6A94,27284,
檄,2017,6A84,27268,
檢,2018,6AA2,27298,
檜,2019,6A9C,27292,
櫛,2020,6ADB,27355,
檳,2021,6AB3,27315,
檸,2022,6AB8,27320,
櫃,2023,6AC3,27331,⿰木匱
柜,2023V,67DC,26588,⿰木巨
檻,2024,6ABB,27323,
櫂,2025,6AC2,27330,
檬,2026,6AAC,27308,
櫥,2027,6AE5,27365,
櫝,2028,6ADD,27357,
櫚,2029,6ADA,27354,
櫓,2030,6AD3,27347,
欄,2031,6B04,27396,
櫻,2032,6AFB,27387,
權,2033,6B0A,27402,
欖,2034,6B16,27414,
欠,2035,6B20,27424,
次,2036,6B21,27425,
欣,2037,6B23,27427,
欲,2038,6B32,27442,
款,2039,6B3E,27454,
欺,2040,6B3A,27450,
欽,2041,6B3D,27453,
歇,2042,6B47,27463,
歉,2043,6B49,27465,
歌,2044,6B4C,27468,
歎,2045,6B4E,27470,⿰𦰩欠
嘆,2045V,5606,22022,⿰口𦰩
歐,2046,6B50,27472,
歟,2047,6B5F,27487,
歡,2048,6B61,27489,
止,2049,6B62,27490,
正,2050,6B63,27491,
此,2051,6B64,27492,
步,2052,6B65,27493,
武,2053,6B66,27494,
歧,2054,6B67,27495,
歪,2055,6B6A,27498,
歲,2056,6B72,27506,
歷,2057,6B77,27511,
歸,2058,6B78,27512,
歹,2059,6B79,27513,
死,2060,6B7B,27515,
歿,2061,6B7F,27519,
殃,2062,6B83,27523,
殆,2063,6B86,27526,
殊,2064,6B8A,27530,
殉,2065,6B89,27529,
殘,2066,6B98,27544,
殖,2067,6B96,27542,
殤,2068,6BA4,27556,
殮,2069,6BAE,27566,
殯,2070,6BAF,27567,
殲,2071,6BB2,27570,
段,2072,6BB5,27573,
殷,2073,6BB7,27575,
殺,2074,6BBA,27578,
殼,2075,6BBC,27580,
毀,2076,6BC0,27584,
殿,2077,6BBF,27583,
毅,2078,6BC5,27589,
毆,2079,6BC6,27590,
毋,2080,6BCB,27595,
母,2081,6BCD,27597,
每,2082,6BCF,27599,
毒,2083,6BD2,27602,
毓,2084,6BD3,27603,
比,2085,6BD4,27604,
毗,2086,6BD7,27607,
毛,2087,6BDB,27611,
毫,2088,6BEB,27627,
毯,2089,6BEF,27631,
毽,2090,6BFD,27645,
氈,2091,6C08,27656,
氊,2091V,6C0A,27658,
氏,2092,6C0F,27663,
民,2093,6C11,27665,
氐,2094,6C10,27664,
氓,2095,6C13,27667,
氖,2096,6C16,27670,
氛,2097,6C1B,27675,
氟,2098,6C1F,27679,
氣,2099,6C23,27683,
氧,2100,6C27,27687,
氨,2101,6C28,27688,
氦,2102,6C26,27686,
氤,2103,6C24,27684,
氫,2104,6C2B,27691,
氮,2105,6C2E,27694,
氯,2106,6C2F,27695,
氲,2107,6C32,27698,
水,2108,6C34,27700,
永,2109,6C38,27704,
汁,2110,6C41,27713,
汀,2111,6C40,27712,
氾,2112,6C3E,27710,
汗,2113,6C57,27735,
污,2114,6C61,27745,
江,2115,6C5F,27743,
池,2116,6C60,27744,
汐,2117,6C50,27728,
汕,2118,6C55,27733,
汝,2119,6C5D,27741,
汞,2120,6C5E,27742,
沁,2121,6C81,27777,
沈,2122,6C88,27784,
求,2123,6C42,27714,
沅,2124,6C85,27781,
沛,2125,6C9B,27803,
汪,2126,6C6A,27754,
決,2127,6C7A,27770,
沐,2128,6C90,27792,
汰,2129,6C70,27760,
沌,2130,6C8C,27788,
沙,2131,6C99,27801,
汨,2132,6C68,27752,
沖,2133,6C96,27798,
沒,2134,6C92,27794,
汽,2135,6C7D,27773,
沃,2136,6C83,27779,
汲,2137,6C72,27762,
汾,2138,6C7E,27774,
泣,2139,6CE3,27875,
注,2140,6CE8,27880,
泳,2141,6CF3,27891,
沱,2142,6CB1,27825,
泌,2143,6CCC,27852,
泥,2144,6CE5,27877,
河,2145,6CB3,27827,
沽,2146,6CBD,27837,
泄,2147,6CC4,27844,⿰氵世
洩,2147V,6D29,27945,⿰氵曳
沼,2148,6CBC,27836,
沫,2149,6CAB,27819,
法,2150,6CD5,27861,
泓,2151,6CD3,27859,
沸,2152,6CB8,27832,
泱,2153,6CF1,27889,
沾,2154,6CBE,27838,
油,2155,6CB9,27833,
況,2156,6CC1,27841,
沮,2157,6CAE,27822,
泗,2158,6CD7,27863,
泅,2159,6CC5,27845,
泊,2160,6CCA,27850,
波,2161,6CE2,27874,
沿,2162,6CBF,27839,
治,2163,6CBB,27835,
泡,2164,6CE1,27873,
泛,2165,6CDB,27867,
泉,2166,6CC9,27849,
洛,2167,6D1B,27931,
洋,2168,6D0B,27915,
洲,2169,6D32,27954,
洪,2170,6D2A,27946,
津,2171,6D25,27941,
洱,2172,6D31,27953,
洞,2173,6D1E,27934,
洗,2174,6D17,27927,
活,2175,6D3B,27963,
洽,2176,6D3D,27965,
派,2177,6D3E,27966,
洶,2178,6D36,27958,
泰,2179,6CF0,27888,
涌,2180,6D8C,28044,
流,2181,6D41,27969,
浪,2182,6D6A,28010,
涕,2183,6D95,28053,
涇,2184,6D87,28039,
浦,2185,6D66,28006,
浸,2186,6D78,28024,
浙,2187,6D59,27993,
消,2188,6D88,28040,
涓,2189,6D93,28051,
浬,2190,6D6C,28012,
涉,2191,6D89,28041,
海,2192,6D77,28023,
浮,2193,6D6E,28014,
浚,2194,6D5A,27994,
浴,2195,6D74,28020,
浩,2196,6D69,28009,
涎,2197,6D8E,28046,
涼,2198,6DBC,28092,
淳,2199,6DF3,28147,
淙,2200,6DD9,28121,
液,2201,6DB2,28082,
淡,2202,6DE1,28129,
淤,2203,6DE4,28132,
淚,2204,6DDA,28122,
深,2205,6DF1,28145,
淺,2206,6DFA,28154,
清,2207,6E05,28165,
淇,2208,6DC7,28103,
淋,2209,6DCB,28107,
涯,2210,6DAF,28079,
涮,2211,6DAE,28078,
淞,2212,6DDE,28126,
淹,2213,6DF9,28153,
淅,2214,6DC5,28101,
淒,2215,6DD2,28114,
渚,2216,6E1A,28186,
涵,2217,6DB5,28085,
添,2218,6DFB,28155,
淌,2219,6DCC,28108,
淑,2220,6DD1,28113,
涸,2221,6DB8,28088,
混,2222,6DF7,28151,
淵,2223,6DF5,28149,
淫,2224,6DEB,28139,
淘,2225,6DD8,28120,
淪,2226,6DEA,28138,
淮,2227,6DEE,28142,
淨,2228,6DE8,28136,
淆,2229,6DC6,28102,
淄,2230,6DC4,28100,
游,2231,6E38,28216,
湔,2232,6E54,28244,
渡,2233,6E21,28193,
渲,2234,6E32,28210,
渾,2235,6E3E,28222,
港,2236,6E2F,28207,
湧,2237,6E67,28263,
湊,2238,6E4A,28234,
渠,2239,6E20,28192,
渥,2240,6E25,28197,
渣,2241,6E23,28195,
湛,2242,6E5B,28251,
湘,2243,6E58,28248,
渤,2244,6E24,28196,
湖,2245,6E56,28246,
湮,2246,6E6E,28270,
溉,2247,6E89,28297,
渭,2248,6E2D,28205,
渦,2249,6E26,28198,
湯,2250,6E6F,28271,
渴,2251,6E34,28212,
湍,2252,6E4D,28237,
渺,2253,6E3A,28218,
測,2254,6E2C,28204,
減,2255,6E1B,28187,
湃,2256,6E43,28227,
渝,2257,6E1D,28189,
渙,2258,6E19,28185,
温,2259,6E29,28201,
溯,2260,6EAF,28335,
滓,2261,6ED3,28371,
溶,2262,6EB6,28342,
滂,2263,6EC2,28354,
溢,2264,6EA2,28322,
源,2265,6E90,28304,
溝,2266,6E9D,28317,
滇,2267,6EC7,28359,
滅,2268,6EC5,28357,
溥,2269,6EA5,28325,
溘,2270,6E98,28312,
溼,2271,6EBC,28348,
濕,2271V,6FD5,28629,
溺,2272,6EBA,28346,
滋,2273,6ECB,28363,
滑,2274,6ED1,28369,
準,2275,6E96,28310,
溜,2276,6E9C,28316,
滄,2277,6EC4,28356,
滔,2278,6ED4,28372,
溪,2279,6EAA,28330,
漳,2280,6F33,28467,
演,2281,6F14,28436,
滾,2282,6EFE,28414,
漓,2283,6F13,28435,
滴,2284,6EF4,28404,
漩,2285,6F29,28457,
漾,2286,6F3E,28478,
滬,2287,6EEC,28396,
漬,2288,6F2C,28460,
漏,2289,6F0F,28431,
漂,2290,6F02,28418,
漢,2291,6F22,28450,
滿,2292,6EFF,28415,
滯,2293,6EEF,28399,
漆,2294,6F06,28422,
漱,2295,6F31,28465,
漸,2296,6F38,28472,
漲,2297,6F32,28466,
漣,2298,6F23,28451,
漕,2299,6F15,28437,
漠,2300,6F20,28448,
漫,2301,6F2B,28459,
滌,2302,6ECC,28364,
漪,2303,6F2A,28458,
漁,2304,6F01,28417,
滲,2305,6EF2,28402,
漿,2306,6F3F,28479,
澈,2307,6F88,28552,
潼,2308,6F7C,28540,
澄,2309,6F84,28548,
潑,2310,6F51,28497,
潦,2311,6F66,28518,
潔,2312,6F54,28500,
澆,2313,6F86,28550,
潭,2314,6F6D,28525,
潛,2315,6F5B,28507,
潸,2316,6F78,28536,
潮,2317,6F6E,28526,
澎,2318,6F8E,28558,
潺,2319,6F7A,28538,
潤,2320,6F64,28516,
澗,2321,6F97,28567,
潰,2322,6F70,28528,
潘,2323,6F58,28504,
濂,2324,6FC2,28610,
澱,2325,6FB1,28593,
澡,2326,6FA1,28577,
濃,2327,6FC3,28611,
澤,2328,6FA4,28580,
濁,2329,6FC1,28609,
澧,2330,6FA7,28583,
澳,2331,6FB3,28595,
激,2332,6FC0,28608,
澹,2333,6FB9,28601,
濘,2334,6FD8,28632,
濱,2335,6FF1,28657,
濟,2336,6FDF,28639,
濠,2337,6FE0,28640,
濤,2338,6FE4,28644,
濫,2339,6FEB,28651,
濯,2340,6FEF,28655,
澀,2341,6F80,28544,
濡,2342,6FE1,28641,
濛,2343,6FDB,28635,
濬,2344,6FEC,28652,
瀉,2345,7009,28681,
瀋,2346,700B,28683,
瀆,2347,7006,28678,
濾,2348,6FFE,28670,
濺,2349,6FFA,28666,
瀑,2350,7011,28689,
瀏,2351,700F,28687,
瀛,2352,701B,28699,
瀨,2353,7028,28712,
瀚,2354,701A,28698,
瀝,2355,701D,28701,
瀕,2356,7015,28693,
瀟,2357,701F,28703,
瀾,2358,703E,28734,
瀰,2359,7030,28720,
灌,2360,704C,28748,
灑,2361,7051,28753,
灘,2362,7058,28760,
灣,2363,7063,28771,
火,2364,706B,28779,
灰,2365,7070,28784,
灶,2366,7076,28790,⿰火土
竈,2366V,7AC8,31432,⿱𥤧黽
灼,2367,707C,28796,
災,2368,707D,28797,
灸,2369,7078,28792,
炕,2370,7095,28821,
炎,2371,708E,28814,
炒,2372,7092,28818,
炊,2373,708A,28810,
炙,2374,7099,28825,
炫,2375,70AB,28843,
為,2376,70BA,28858,
爲,2376V,7232,29234,
炳,2377,70B3,28851,
炬,2378,70AC,28844,
炯,2379,70AF,28847,
炭,2380,70AD,28845,
炸,2381,70B8,28856,
炮,2382,70AE,28846,
烊,2383,70CA,28874,
烘,2384,70D8,28888,
烤,2385,70E4,28900,
烈,2386,70C8,28872,
烙,2387,70D9,28889,
烏,2388,70CF,28879,
烹,2389,70F9,28921,
焊,2390,710A,28938,
焉,2391,7109,28937,
烽,2392,70FD,28925,
焙,2393,7119,28953,
焚,2394,711A,28954,
煮,2395,716E,29038,
焦,2396,7126,28966,
焰,2397,7130,28976,
無,2398,7121,28961,
然,2399,7136,28982,
煎,2400,714E,29006,
煙,2401,7159,29017,⿰火垔
烟,2401V,70DF,28895,⿰火因
煩,2402,7169,29033,
煤,2403,7164,29028,
煉,2404,7149,29001,
照,2405,7167,29031,
煜,2406,715C,29020,
煬,2407,716C,29036,
煨,2408,7168,29032,
煦,2409,7166,29030,
煌,2410,714C,29004,
煥,2411,7165,29029,
煞,2412,715E,29022,
熔,2413,7194,29076,
煽,2414,717D,29053,
熙,2415,7199,29081,
熊,2416,718A,29066,
熄,2417,7184,29060,
熟,2418,719F,29087,
熬,2419,71AC,29100,
熱,2420,71B1,29105,
熨,2421,71A8,29096,
熾,2422,71BE,29118,
燉,2423,71C9,29129,
燐,2424,71D0,29136,
燙,2425,71D9,29145,
燒,2426,71D2,29138,
燈,2427,71C8,29128,
燕,2428,71D5,29141,
熹,2429,71B9,29113,
燎,2430,71CE,29134,
燜,2431,71DC,29148,
燃,2432,71C3,29123,
燄,2433,71C4,29124,
燧,2434,71E7,29159,
營,2435,71DF,29151,
燮,2436,71EE,29166,
燦,2437,71E6,29158,
燥,2438,71E5,29157,
燭,2439,71ED,29165,
燬,2440,71EC,29164,
燴,2441,71F4,29172,
燻,2442,71FB,29179,
爆,2443,7206,29190,
爍,2444,720D,29197,
爐,2445,7210,29200,
爛,2446,721B,29211,
爨,2447,7228,29224,
爪,2448,722A,29226,
爬,2449,722C,29228,
爭,2450,722D,29229,
爰,2451,7230,29232,
爵,2452,7235,29237,
父,2453,7236,29238,
爸,2454,7238,29240,
爹,2455,7239,29241,
爺,2456,723A,29242,
爻,2457,723B,29243,
爽,2458,723D,29245,
爾,2459,723E,29246,
牀,2460,7240,29248,
牆,2461,7246,29254,
片,2462,7247,29255,
版,2463,7248,29256,
牌,2464,724C,29260,
牒,2465,7252,29266,
牖,2466,7256,29270,
牘,2467,7258,29272,
牙,2468,7259,29273,
牛,2469,725B,29275,
牟,2470,725F,29279,
牝,2471,725D,29277,
牢,2472,7262,29282,
牡,2473,7261,29281,
牠,2474,7260,29280,
牧,2475,7267,29287,
物,2476,7269,29289,
牲,2477,7272,29298,
牯,2478,726F,29295,
牴,2479,7274,29300,
特,2480,7279,29305,
牽,2481,727D,29309,
犁,2482,7281,29313,
犄,2483,7284,29316,
犀,2484,7280,29312,
犒,2485,7292,29330,
犖,2486,7296,29334,
犛,2487,729B,29339,
犢,2488,72A2,29346,
犧,2489,72A7,29351,
犬,2490,72AC,29356,
犯,2491,72AF,29359,
狄,2492,72C4,29380,
狂,2493,72C2,29378,
狀,2494,72C0,29376,
狎,2495,72CE,29390,
狙,2496,72D9,29401,
狗,2497,72D7,29399,
狐,2498,72D0,29392,
狩,2499,72E9,29417,
狡,2500,72E1,29409,
狠,2501,72E0,29408,
狼,2502,72FC,29436,
狹,2503,72F9,29433,
狽,2504,72FD,29437,
狸,2505,72F8,29432,⿰犭里
貍,2505V,8C8D,35981,⿰豸里
狷,2506,72F7,29431,
猜,2507,731C,29468,
猛,2508,731B,29467,
猖,2509,7316,29462,
猙,2510,7319,29465,
猶,2511,7336,29494,
猥,2512,7325,29477,
猩,2513,7329,29481,
猴,2514,7334,29492,
猷,2515,7337,29495,
猿,2516,733F,29503,
猾,2517,733E,29502,
獅,2518,7345,29509,
獄,2519,7344,29508,
獐,2520,7350,29520,
獎,2521,734E,29518,
獗,2522,7357,29527,
獨,2523,7368,29544,
獰,2524,7370,29552,
獲,2525,7372,29554,
獷,2526,7377,29559,
獵,2527,7375,29557,
獸,2528,7378,29560,
獺,2529,737A,29562,
獻,2530,737B,29563,
玀,2531,7380,29568,
玄,2532,7384,29572,
率,2533,7387,29575,
王,2534,738B,29579,
玉,2535,7389,29577,
玖,2536,7396,29590,
玟,2537,739F,29599,
玩,2538,73A9,29609,
玫,2539,73AB,29611,
玷,2540,73B7,29623,
珊,2541,73CA,29642,
玻,2542,73BB,29627,
玲,2543,73B2,29618,
珍,2544,73CD,29645,
珀,2545,73C0,29632,
玳,2546,73B3,29619,
班,2547,73ED,29677,
珮,2548,73EE,29678,
珠,2549,73E0,29664,
琉,2550,7409,29705,
琅,2551,7405,29701,
琊,2552,740A,29706,
球,2553,7403,29699,
理,2554,7406,29702,
現,2555,73FE,29694,
琺,2556,743A,29754,
琪,2557,742A,29738,
琳,2558,7433,29747,
琢,2559,7422,29730,
琵,2560,7435,29749,
琶,2561,7436,29750,
琥,2562,7425,29733,
琴,2563,7434,29748,
琦,2564,7426,29734,
瑯,2565,746F,29807,
瑁,2566,7441,29761,
琿,2567,743F,29759,
瑚,2568,745A,29786,
瑕,2569,7455,29781,
瑟,2570,745F,29791,
瑞,2571,745E,29790,
瑛,2572,745B,29787,
瑙,2573,7459,29785,
瑜,2574,745C,29788,
瑰,2575,7470,29808,
瑪,2576,746A,29802,
瑣,2577,7463,29795,
瑤,2578,7464,29796,
瑩,2579,7469,29801,
璋,2580,748B,29835,
璃,2581,7483,29827,
璜,2582,749C,29852,
璣,2583,74A3,29859,
環,2584,74B0,29872,
璦,2585,74A6,29862,
璧,2586,74A7,29863,
璽,2587,74BD,29885,
瓊,2588,74CA,29898,
瓏,2589,74CF,29903,
瓜,2590,74DC,29916,
瓠,2591,74E0,29920,
瓢,2592,74E2,29922,
瓣,2593,74E3,29923,
瓦,2594,74E6,29926,
瓶,2595,74F6,29942,
瓷,2596,74F7,29943,
甄,2597,7504,29956,
甌,2598,750C,29964,
甕,2599,7515,29973,
甘,2600,7518,29976,
甚,2601,751A,29978,
甜,2602,751C,29980,
生,2603,751F,29983,
產,2604,7522,29986,
甦,2605,7526,29990,
甥,2606,7525,29989,
用,2607,7528,29992,
甩,2608,7529,29993,
甬,2609,752C,29996,
甫,2610,752B,29995,
甭,2611,752D,29997,
田,2612,7530,30000,
由,2613,7531,30001,
甲,2614,7532,30002,
申,2615,7533,30003,
男,2616,7537,30007,
甸,2617,7538,30008,
畏,2618,754F,30031,
界,2619,754C,30028,
畔,2620,7554,30036,
畝,2621,755D,30045,
畜,2622,755C,30044,
畚,2623,755A,30042,
留,2624,7559,30041,
畦,2625,7566,30054,
異,2626,7570,30064,
略,2627,7565,30053,⿰田各
畧,2627V,7567,30055,⿱田各
畢,2628,7562,30050,
畫,2629,756B,30059,
番,2630,756A,30058,
畸,2631,7578,30072,
當,2632,7576,30070,
疇,2633,7587,30087,
疆,2634,7586,30086,
疊,2635,758A,30090,
疋,2636,758B,30091,
疏,2637,758F,30095,⿰𤴔㐬
疎,2637V,758E,30094,⿰𤴔束
疑,2638,7591,30097,
疝,2639,759D,30109,
疙,2640,7599,30105,
疚,2641,759A,30106,
疤,2642,75A4,30116,
疫,2643,75AB,30123,
疥,2644,75A5,30117,
疾,2645,75BE,30142,
病,2646,75C5,30149,
症,2647,75C7,30151,
疳,2648,75B3,30131,
疽,2649,75BD,30141,
疲,2650,75B2,30130,
疼,2651,75BC,30140,
疹,2652,75B9,30137,
痔,2653,75D4,30164,
痕,2654,75D5,30165,
疵,2655,75B5,30133,
痊,2656,75CA,30154,
痛,2657,75DB,30171,
痣,2658,75E3,30179,
痙,2659,75D9,30169,
痘,2660,75D8,30168,
痞,2661,75DE,30174,
痢,2662,75E2,30178,
瘀,2663,7600,30208,
痰,2664,75F0,30192,
瘁,2665,7601,30209,
痳,2666,75F3,30195,
痱,2667,75F1,30193,
痺,2668,75FA,30202,
痿,2669,75FF,30207,
痴,2670,75F4,30196,⿸疒知
癡,2670V,7661,30305,⿸疒疑
瘧,2671,7627,30247,
瘍,2672,760D,30221,
瘋,2673,760B,30219,
瘉,2674,7609,30217,⿸疒俞
癒,2674V,7652,30290,⿸疒愈
瘓,2675,7613,30227,
瘦,2676,7626,30246,
瘟,2677,761F,30239,
瘩,2678,7629,30249,
瘠,2679,7620,30240,
瘤,2680,7624,30244,
瘡,2681,7621,30241,
瘴,2682,7634,30260,
瘸,2683,7638,30264,
癆,2684,7646,30278,
癌,2685,764C,30284,
療,2686,7642,30274,
癖,2687,7656,30294,
癘,2688,7658,30296,
癢,2689,7662,30306,
癥,2690,7665,30309,
癩,2691,7669,30313,
癮,2692,766E,30318,
癬,2693,766C,30316,
癱,2694,7671,30321,
癲,2695,7672,30322,
癸,2696,7678,30328,
登,2697,767B,30331,
發,2698,767C,30332,
白,2699,767D,30333,
百,2700,767E,30334,
皂,2701,7682,30338,
的,2702,7684,30340,
皇,2703,7687,30343,
皆,2704,7686,30342,
皈,2705,7688,30344,
皎,2706,768E,30350,
皖,2707,7696,30358,
皓,2708,7693,30355,
皚,2709,769A,30362,
皮,2710,76AE,30382,
皰,2711,76B0,30384,
皴,2712,76B4,30388,
皺,2713,76BA,30394,
皿,2714,76BF,30399,
盂,2715,76C2,30402,
盈,2716,76C8,30408,
盃,2717,76C3,30403,
盆,2718,76C6,30406,
益,2719,76CA,30410,
盍,2720,76CD,30413,
盎,2721,76CE,30414,
盔,2722,76D4,30420,
盛,2723,76DB,30427,
盒,2724,76D2,30418,
盜,2725,76DC,30428,
盞,2726,76DE,30430,
盟,2727,76DF,30431,
盡,2728,76E1,30433,
監,2729,76E3,30435,
盤,2730,76E4,30436,
盧,2731,76E7,30439,
盥,2732,76E5,30437,
盪,2733,76EA,30442,
目,2734,76EE,30446,
盯,2735,76EF,30447,
盲,2736,76F2,30450,
直,2737,76F4,30452,
盹,2738,76F9,30457,
相,2739,76F8,30456,
眉,2740,7709,30473,
省,2741,7701,30465,
看,2742,770B,30475,
盾,2743,76FE,30462,
盼,2744,76FC,30460,
眩,2745,7729,30505,
真,2746,771F,30495,
眠,2747,7720,30496,
眨,2748,7728,30504,
眷,2749,7737,30519,
眼,2750,773C,30524,
眶,2751,7736,30518,
眾,2752,773E,30526,
眸,2753,7738,30520,
眺,2754,773A,30522,
着,2755,7740,30528,
睏,2756,774F,30543,
睛,2757,775B,30555,
睫,2758,776B,30571,
睦,2759,7766,30566,
睞,2760,775E,30558,
睹,2761,7779,30585,
督,2762,7763,30563,
睬,2763,776C,30572,
睜,2764,775C,30556,
睥,2765,7765,30565,
睨,2766,7768,30568,
睽,2767,777D,30589,
瞄,2768,7784,30596,
睿,2769,777F,30591,
睾,2770,777E,30590,
睪,2770V,776A,30570,
睡,2771,7761,30561,
瞎,2772,778E,30606,
瞇,2773,7787,30599,
瞑,2774,7791,30609,
瞌,2775,778C,30604,
瞞,2776,779E,30622,
瞟,2777,779F,30623,
瞠,2778,77A0,30624,
瞥,2779,77A5,30629,
瞳,2780,77B3,30643,
瞪,2781,77AA,30634,
瞰,2782,77B0,30640,
瞭,2783,77AD,30637,
瞬,2784,77AC,30636,
瞧,2785,77A7,30631,
瞽,2786,77BD,30653,
瞿,2787,77BF,30655,
瞻,2788,77BB,30651,
矇,2789,77C7,30663,
矓,2790,77D3,30675,
矗,2791,77D7,30679,
矚,2792,77DA,30682,
矛,2793,77DB,30683,
矜,2794,77DC,30684,
矢,2795,77E2,30690,
矣,2796,77E3,30691,
知,2797,77E5,30693,
矩,2798,77E9,30697,
短,2799,77ED,30701,
矮,2800,77EE,30702,
矯,2801,77EF,30703,
石,2802,77F3,30707,
矽,2803,77FD,30717,
研,2804,7814,30740,
砌,2805,780C,30732,
砂,2806,7802,30722,
砍,2807,780D,30733,
砰,2808,7830,30768,
砸,2809,7838,30776,
砝,2810,781D,30749,
砧,2811,7827,30759,
破,2812,7834,30772,
砥,2813,7825,30757,
砭,2814,782D,30765,
砲,2815,7832,30770,
硃,2816,7843,30787,
硫,2817,786B,30827,
硬,2818,786C,30828,
硝,2819,785D,30813,
硯,2820,786F,30831,
碎,2821,788E,30862,
碰,2822,78B0,30896,
碗,2823,7897,30871,
碘,2824,7898,30872,
碌,2825,788C,30860,
碉,2826,7889,30857,
硼,2827,787C,30844,
碑,2828,7891,30865,
碟,2829,789F,30879,
碧,2830,78A7,30887,
碩,2831,78A9,30889,
碳,2832,78B3,30899,
磋,2833,78CB,30923,
磅,2834,78C5,30917,
確,2835,78BA,30906,
磁,2836,78C1,30913,
磊,2837,78CA,30922,
碾,2838,78BE,30910,
磕,2839,78D5,30933,
碼,2840,78BC,30908,
磐,2841,78D0,30928,
磨,2842,78E8,30952,
磚,2843,78DA,30938,
磬,2844,78EC,30956,
磷,2845,78F7,30967,
磺,2846,78FA,30970,
磴,2847,78F4,30964,
磯,2848,78EF,30959,
礁,2849,7901,30977,
礎,2850,790E,30990,
礙,2851,7919,31001,
礦,2852,7926,31014,
礪,2853,792A,31018,
礬,2854,792C,31020,
礫,2855,792B,31019,
示,2856,793A,31034,
社,2857,793E,31038,
祀,2858,7940,31040,
祁,2859,7941,31041,
祆,2860,7946,31046,
祉,2861,7949,31049,
祈,2862,7948,31048,
祇,2863,7947,31047,
祕,2864,7955,31061,
祠,2865,7960,31072,
祝,2866,795D,31069,
祐,2867,7950,31056,
祖,2868,7956,31062,
神,2869,795E,31070,
祚,2870,795A,31066,
祗,2871,7957,31063,
祟,2872,795F,31071,
祥,2873,7965,31077,
票,2874,7968,31080,
祭,2875,796D,31085,
視,2876,8996,35222,
祺,2877,797A,31098,
祿,2878,797F,31103,
禁,2879,7981,31105,
禎,2880,798E,31118,
福,2881,798F,31119,
禍,2882,798D,31117,
禦,2883,79A6,31142,
禧,2884,79A7,31143,
禪,2885,79AA,31146,
禮,2886,79AE,31150,
禱,2887,79B1,31153,
禹,2888,79B9,31161,
萬,2889,842C,33836,
禽,2890,79BD,31165,
禾,2891,79BE,31166,
私,2892,79C1,31169,
秀,2893,79C0,31168,
禿,2894,79BF,31167,
秉,2895,79C9,31177,
科,2896,79D1,31185,
秒,2897,79D2,31186,
秋,2898,79CB,31179,
秤,2899,79E4,31204,
秣,2900,79E3,31203,
秦,2901,79E6,31206,
秧,2902,79E7,31207,
租,2903,79DF,31199,
秩,2904,79E9,31209,
移,2905,79FB,31227,
税,2906,7A0E,31246,⿰禾⿱丷兄
稅,2906V,7A05,31237,⿰禾⿱八兄
稍,2907,7A0D,31245,
稈,2908,7A08,31240,
程,2909,7A0B,31243,
稀,2910,7A00,31232,
稜,2911,7A1C,31260,
稟,2912,7A1F,31263,
稚,2913,7A1A,31258,
稠,2914,7A20,31264,
稔,2915,7A14,31252,
種,2916,7A2E,31278,
稱,2917,7A31,31281,
稿,2918,7A3F,31295,
稼,2919,7A3C,31292,
穀,2920,7A40,31296,
稽,2921,7A3D,31293,
稷,2922,7A37,31287,
稻,2923,7A3B,31291,
積,2924,7A4D,31309,
穎,2925,7A4E,31310,
穆,2926,7A46,31302,
穌,2927,7A4C,31308,
穗,2928,7A57,31319,
穡,2929,7A61,31329,
穢,2930,7A62,31330,
穫,2931,7A6B,31339,
穩,2932,7A69,31337,
穴,2933,7A74,31348,
究,2934,7A76,31350,
空,2935,7A7A,31354,
穹,2936,7A79,31353,
穿,2937,7A7F,31359,
突,2938,7A81,31361,
窄,2939,7A84,31364,
窈,2940,7A88,31368,
窒,2941,7A92,31378,
窕,2942,7A95,31381,
窘,2943,7A98,31384,
窗,2944,7A97,31383,
窖,2945,7A96,31382,
窟,2946,7A9F,31391,
窠,2947,7AA0,31392,
窪,2948,7AAA,31402,
窩,2949,7AA9,31401,
窯,2950,7AAF,31407,
窮,2951,7AAE,31406,
窺,2952,7ABA,31418,
竄,2953,7AC4,31428,
竅,2954,7AC5,31429,
竇,2955,7AC7,31431,
竊,2956,7ACA,31434,
立,2957,7ACB,31435,
站,2958,7AD9,31449,
童,2959,7AE5,31461,
竣,2960,7AE3,31459,
竭,2961,7AED,31469,
端,2962,7AEF,31471,
競,2963,7AF6,31478,
竹,2964,7AF9,31481,
竺,2965,7AFA,31482,
竿,2966,7AFF,31487,
竽,2967,7AFD,31485,
笆,2968,7B06,31494,
笑,2969,7B11,31505,
笠,2970,7B20,31520,
笨,2971,7B28,31528,
第,2972,7B2C,31532,
笛,2973,7B1B,31515,
符,2974,7B26,31526,
笙,2975,7B19,31513,
笞,2976,7B1E,31518,
等,2977,7B49,31561,
策,2978,7B56,31574,
筆,2979,7B46,31558,
筐,2980,7B50,31568,
筒,2981,7B52,31570,
答,2982,7B54,31572,
筍,2983,7B4D,31565,
筋,2984,7B4B,31563,
筏,2985,7B4F,31567,
筷,2986,7B77,31607,
節,2987,7BC0,31680,
筠,2988,7B60,31584,
管,2989,7BA1,31649,
箔,2990,7B94,31636,
箕,2991,7B95,31637,
箋,2992,7B8B,31627,
筵,2993,7B75,31605,
箝,2994,7B9D,31645,
算,2995,7B97,31639,
箏,2996,7B8F,31631,
箭,2997,7BAD,31661,
篇,2998,7BC7,31687,
箱,2999,7BB1,31665,
範,3000,7BC4,31684,
箴,3001,7BB4,31668,
篆,3002,7BC6,31686,
篁,3003,7BC1,31681,
篙,3004,7BD9,31705,
築,3005,7BC9,31689,
篤,3006,7BE4,31716,
篡,3007,7BE1,31713,
篩,3008,7BE9,31721,
簇,3009,7C07,31751,
簍,3010,7C0D,31757,
篾,3011,7BFE,31742,
篷,3012,7BF7,31735,
簧,3013,7C27,31783,
簪,3014,7C2A,31786,
簡,3015,7C21,31777,
簞,3016,7C1E,31774,
簣,3017,7C23,31779,
簫,3018,7C2B,31787,
簾,3019,7C3E,31806,
簿,3020,7C3F,31807,
簸,3021,7C38,31800,
簽,3022,7C3D,31805,
簷,3023,7C37,31799,
籃,3024,7C43,31811,
籌,3025,7C4C,31820,
籍,3026,7C4D,31821,
籟,3027,7C5F,31839,
籠,3028,7C60,31840,
籤,3029,7C64,31844,
籬,3030,7C6C,31852,
籮,3031,7C6E,31854,
籲,3032,7C72,31858,
米,3033,7C73,31859,
粉,3034,7C89,31881,
粒,3035,7C92,31890,
粗,3036,7C97,31895,
粕,3037,7C95,31893,
粟,3038,7C9F,31903,
粥,3039,7CA5,31909,
粱,3040,7CB1,31921,
粳,3041,7CB3,31923,
粵,3042,7CB5,31925,
粹,3043,7CB9,31929,
粽,3044,7CBD,31933,⿰米宗
糉,3044V,7CC9,31945,⿰米㚇
精,3045,7CBE,31934,
糊,3046,7CCA,31946,
糕,3047,7CD5,31957,
糖,3048,7CD6,31958,
糠,3049,7CE0,31968,
糜,3050,7CDC,31964,
糟,3051,7CDF,31967,
糞,3052,7CDE,31966,
糢,3053,7CE2,31970,
糙,3054,7CD9,31961,
糧,3055,7CE7,31975,
糯,3056,7CEF,31983,
系,3057,7CFB,31995,
糾,3058,7CFE,31998,
紂,3059,7D02,32002,
紅,3060,7D05,32005,
紀,3061,7D00,32000,
紉,3062,7D09,32009,
紇,3063,7D07,32007,
約,3064,7D04,32004,
紡,3065,7D21,32033,
紊,3066,7D0A,32010,
紋,3067,7D0B,32011,
素,3068,7D20,32032,
索,3069,7D22,32034,
純,3070,7D14,32020,
紐,3071,7D10,32016,
紕,3072,7D15,32021,
紜,3073,7D1C,32028,
紗,3074,7D17,32023,
納,3075,7D0D,32013,
級,3076,7D1A,32026,
紙,3077,7D19,32025,
紛,3078,7D1B,32027,
絆,3079,7D46,32070,
絃,3080,7D43,32067,
紮,3081,7D2E,32046,
紹,3082,7D39,32057,
紼,3083,7D3C,32060,
絀,3084,7D40,32064,
細,3085,7D30,32048,
紳,3086,7D33,32051,
組,3087,7D44,32068,
累,3088,7D2F,32047,
終,3089,7D42,32066,
統,3090,7D71,32113,
絞,3091,7D5E,32094,
結,3092,7D50,32080,
絨,3093,7D68,32104,
絕,3094,7D55,32085,
紫,3095,7D2B,32043,
絮,3096,7D6E,32110,
絲,3097,7D72,32114,
絡,3098,7D61,32097,
給,3099,7D66,32102,
絢,3100,7D62,32098,
經,3101,7D93,32147,
絹,3102,7D79,32121,
綑,3103,7D91,32145,
綁,3104,7D81,32129,
綏,3105,7D8F,32143,
綻,3106,7DBB,32187,
綰,3107,7DB0,32176,
綜,3108,7D9C,32156,
綾,3109,7DBE,32190,
綴,3110,7DB4,32180,
綺,3111,7DBA,32186,
緒,3112,7DD2,32210,
綽,3113,7DBD,32189,
網,3114,7DB2,32178,
綱,3115,7DB1,32177,
緊,3116,7DCA,32202,
綠,3117,7DA0,32160,
綢,3118,7DA2,32162,
綿,3119,7DBF,32191,
綵,3120,7DB5,32181,
綸,3121,7DB8,32184,
維,3122,7DAD,32173,
緇,3123,7DC7,32199,
締,3124,7DE0,32224,
編,3125,7DE8,32232,
練,3126,7DF4,32244,
緯,3127,7DEF,32239,
緻,3128,7DFB,32251,
緬,3129,7DEC,32236,
緝,3130,7DDD,32221,
緘,3131,7DD8,32216,
緣,3132,7DE3,32227,
線,3133,7DDA,32218,⿰糸泉
綫,3133V,7DAB,32171,⿰糸戔
緞,3134,7DDE,32222,
緩,3135,7DE9,32233,
綞,3136,7D9E,32158,
縊,3137,7E0A,32266,
縑,3138,7E11,32273,
縈,3139,7E08,32264,
縛,3140,7E1B,32283,
縣,3141,7E23,32291,
縮,3142,7E2E,32302,
績,3143,7E3E,32318,
繆,3144,7E46,32326,
縷,3145,7E37,32311,
縲,3146,7E32,32306,
繃,3147,7E43,32323,
縫,3148,7E2B,32299,
總,3149,7E3D,32317,
縱,3150,7E31,32305,
繅,3151,7E45,32325,
繁,3152,7E41,32321,
織,3153,7E54,32340,
繕,3154,7E55,32341,
繞,3155,7E5E,32350,
繚,3156,7E5A,32346,
繡,3157,7E61,32353,⿰糸肅
綉,3157V,7D89,32137,⿰糸秀
繫,3158,7E6B,32363,
繭,3159,7E6D,32365,
繹,3160,7E79,32377,
繩,3161,7E69,32361,
繪,3162,7E6A,32362,
繳,3163,7E73,32371,
繽,3164,7E7D,32381,
辮,3165,8FAE,36782,
繼,3166,7E7C,32380,
纂,3167,7E82,32386,
纏,3168,7E8F,32399,
續,3169,7E8C,32396,
纓,3170,7E93,32403,
纖,3171,7E96,32406,
纜,3172,7E9C,32412,
缶,3173,7F36,32566,
缸,3174,7F38,32568,
缺,3175,7F3A,32570,
缽,3176,7F3D,32573,⿰缶本
鉢,3176V,9262,37474,⿰金本
罄,3177,7F44,32580,
罈,3178,7F48,32584,
罐,3179,7F50,32592,
罕,3180,7F55,32597,
罔,3181,7F54,32596,
罟,3182,7F5F,32607,
置,3183,7F6E,32622,
署,3184,7F72,32626,
罩,3185,7F69,32617,
罪,3186,7F6A,32618,
罰,3187,7F70,32624,
罵,3188,7F75,32629,
罷,3189,7F77,32631,
罹,3190,7F79,32633,
羅,3191,7F85,32645,
羈,3192,7F88,32648,
羊,3193,7F8A,32650,
羌,3194,7F8C,32652,
美,3195,7F8E,32654,
羔,3196,7F94,32660,
羞,3197,7F9E,32670,
羚,3198,7F9A,32666,
善,3199,5584,21892,
羨,3200,7FA8,32680,
羣,3201,7FA3,32675,⿱君羊
群,3201V,7FA4,32676,⿰君羊
義,3202,7FA9,32681,
羯,3203,7FAF,32687,
羲,3204,7FB2,32690,
羶,3205,7FB6,32694,
羹,3206,7FB9,32697,
羸,3207,7FB8,32696,
羽,3208,7FBD,32701,
羿,3209,7FBF,32703,
翅,3210,7FC5,32709,
翁,3211,7FC1,32705,
翌,3212,7FCC,32716,
翎,3213,7FCE,32718,
習,3214,7FD2,32722,
翔,3215,7FD4,32724,
翕,3216,7FD5,32725,
翠,3217,7FE0,32736,
翡,3218,7FE1,32737,
翟,3219,7FDF,32735,
翩,3220,7FE9,32745,
翰,3221,7FF0,32752,
翱,3222,7FF1,32753,⿰皋羽
翺,3222V,7FFA,32762,⿰臯羽
翳,3223,7FF3,32755,
翼,3224,7FFC,32764,
翹,3225,7FF9,32761,
翻,3226,7FFB,32763,
耀,3227,8000,32768,
老,3228,8001,32769,
考,3229,8003,32771,
者,3230,8005,32773,
耆,3231,8006,32774,
而,3232,800C,32780,
耐,3233,8010,32784,
耍,3234,800D,32781,
耒,3235,8012,32786,
耘,3236,8018,32792,
耕,3237,8015,32789,
耙,3238,8019,32793,
耗,3239,8017,32791,
耜,3240,801C,32796,
耳,3241,8033,32819,
耶,3242,8036,32822,
耽,3243,803D,32829,
耿,3244,803F,32831,
聊,3245,804A,32842,
聆,3246,8046,32838,
聖,3247,8056,32854,
聘,3248,8058,32856,
聞,3249,805E,32862,
聚,3250,805A,32858,
聱,3251,8071,32881,
聲,3252,8072,32882,
聰,3253,8070,32880,
聯,3254,806F,32879,
聳,3255,8073,32883,
職,3256,8077,32887,
聶,3257,8076,32886,
聽,3258,807D,32893,
聾,3259,807E,32894,
聿,3260,807F,32895,
肆,3261,8086,32902,
肄,3262,8084,32900,
肅,3263,8085,32901,
肇,3264,8087,32903,
肉,3265,8089,32905,
肋,3266,808B,32907,
肌,3267,808C,32908,
肓,3268,8093,32915,
肖,3269,8096,32918,
肝,3270,809D,32925,
肘,3271,8098,32920,
肛,3272,809B,32923,
肚,3273,809A,32922,
育,3274,80B2,32946,
肩,3275,80A9,32937,
肪,3276,80AA,32938,
肺,3277,80BA,32954,
肥,3278,80A5,32933,
肢,3279,80A2,32930,
肱,3280,80B1,32945,
股,3281,80A1,32929,
肫,3282,80AB,32939,
肴,3283,80B4,32948,
肯,3284,80AF,32943,
胖,3285,80D6,32982,
胥,3286,80E5,32997,
胚,3287,80DA,32986,
胡,3288,80E1,32993,
胃,3289,80C3,32963,
背,3290,80CC,32972,
胛,3291,80DB,32987,
胎,3292,80CE,32974,
胞,3293,80DE,32990,
胤,3294,80E4,32996,
胰,3295,80F0,33008,
脅,3296,8105,33029,
胱,3297,80F1,33009,
脂,3298,8102,33026,
胭,3299,80ED,33005,
胴,3300,80F4,33012,
脆,3301,8106,33030,
胸,3302,80F8,33016,
胳,3303,80F3,33011,
脈,3304,8108,33032,
能,3305,80FD,33021,
脊,3306,810A,33034,
脱,3307,8131,33073,⿰⺼⿱丷兄
脫,3307V,812B,33067,⿰⺼⿱八兄
脯,3308,812F,33071,
脖,3309,8116,33046,
脣,3310,8123,33059,⿸辰⺝
唇,3310V,5507,21767,⿸辰口
脩,3311,8129,33065,
腕,3312,8155,33109,
腔,3313,8154,33108,
腋,3314,814B,33099,
腑,3315,8151,33105,
腎,3316,814E,33102,
脹,3317,8139,33081,
腆,3318,8146,33094,
脾,3319,813E,33086,
腐,3320,8150,33104,
腱,3321,8171,33137,
腰,3322,8170,33136,
腸,3323,8178,33144,
腥,3324,8165,33125,
腮,3325,816E,33134,
腳,3326,8173,33139,
腫,3327,816B,33131,
腹,3328,8179,33145,
腺,3329,817A,33146,
腦,3330,8166,33126,
膀,3331,8180,33152,
膏,3332,818F,33167,
膈,3333,8188,33160,
膊,3334,818A,33162,
腿,3335,817F,33151,
膝,3336,819D,33181,
膠,3337,81A0,33184,
膛,3338,819B,33179,
膜,3339,819C,33180,
膚,3340,819A,33178,
膳,3341,81B3,33203,
膩,3342,81A9,33193,
膨,3343,81A8,33192,
臆,3344,81C6,33222,
臃,3345,81C3,33219,
膺,3346,81BA,33210,
臂,3347,81C2,33218,
臀,3348,81C0,33216,
膿,3349,81BF,33215,
膽,3350,81BD,33213,
臉,3351,81C9,33225,
膾,3352,81BE,33214,
臍,3353,81CD,33229,
臏,3354,81CF,33231,
臘,3355,81D8,33240,
臚,3356,81DA,33242,
臟,3357,81DF,33247,
臣,3358,81E3,33251,
卧,3359,5367,21351,⿰臣卜
臥,3359V,81E5,33253,⿰臣人
臧,3360,81E7,33255,
臨,3361,81E8,33256,
自,3362,81EA,33258,
臭,3363,81ED,33261,
至,3364,81F3,33267,
致,3365,81F4,33268,
臻,3366,81FB,33275,
臼,3367,81FC,33276,
臾,3368,81FE,33278,
舀,3369,8200,33280,
舂,3370,8202,33282,
舅,3371,8205,33285,
與,3372,8207,33287,
興,3373,8208,33288,
舉,3374,8209,33289,⿱與𰀁
擧,3374V,64E7,25831,⿱與手
舊,3375,820A,33290,
舌,3376,820C,33292,
舍,3377,820D,33293,
舐,3378,8210,33296,
舒,3379,8212,33298,
舔,3380,8214,33300,
舛,3381,821B,33307,
舜,3382,821C,33308,
舞,3383,821E,33310,
舟,3384,821F,33311,
舢,3385,8222,33314,
航,3386,822A,33322,
舫,3387,822B,33323,
舨,3388,8228,33320,
般,3389,822C,33324,
舵,3390,8235,33333,
舷,3391,8237,33335,
舶,3392,8236,33334,
船,3393,8239,33337,
艇,3394,8247,33351,
艘,3395,8258,33368,
艙,3396,8259,33369,
艦,3397,8266,33382,
艮,3398,826E,33390,
良,3399,826F,33391,
艱,3400,8271,33393,
色,3401,8272,33394,
艾,3402,827E,33406,
芒,3403,8292,33426,
芋,3404,828B,33419,
芍,3405,828D,33421,
芳,3406,82B3,33459,
芝,3407,829D,33437,
芙,3408,8299,33433,
芭,3409,82AD,33453,
芽,3410,82BD,33469,
芟,3411,829F,33439,
芹,3412,82B9,33465,
花,3413,82B1,33457,
芬,3414,82AC,33452,
芥,3415,82A5,33445,
苧,3416,82E7,33511,
范,3417,8303,33539,
茅,3418,8305,33541,
苣,3419,82E3,33507,
苛,3420,82DB,33499,
苦,3421,82E6,33510,
茄,3422,8304,33540,
若,3423,82E5,33509,
茂,3424,8302,33538,
茉,3425,8309,33545,
苒,3426,82D2,33490,
苗,3427,82D7,33495,
英,3428,82F1,33521,
茁,3429,8301,33537,
苔,3430,82D4,33492,
苑,3431,82D1,33489,
苞,3432,82DE,33502,
苓,3433,82D3,33491,
苟,3434,82DF,33503,
茫,3435,832B,33579,
荒,3436,8352,33618,
荔,3437,8354,33620,
荊,3438,834A,33610,
茸,3439,8338,33592,
荐,3440,8350,33616,⿱艹存
薦,3440V,85A6,34214,⿱艹廌
茵,3441,8335,33589,
茴,3442,8334,33588,
草,3443,8349,33609,
荏,3444,834F,33615,
芻,3445,82BB,33467,
茹,3446,8339,33593,
茶,3447,8336,33590,
茗,3448,8317,33559,
茲,3449,8332,33586,
兹,3449V,5179,20857,
荀,3450,8340,33600,
茱,3451,8331,33585,
荃,3452,8343,33603,
莎,3453,838E,33678,
莞,3454,839E,33694,
莘,3455,8398,33688,
荸,3456,8378,33656,
莢,3457,83A2,33698,
莖,3458,8396,33686,
莽,3459,83BD,33725,
莫,3460,83AB,33707,
莒,3461,8392,33682,
莊,3462,838A,33674,
莓,3463,8393,33683,
莉,3464,8389,33673,
莠,3465,83A0,33696,
荷,3466,8377,33655,
荻,3467,837B,33659,
荼,3468,837C,33660,
菩,3469,83E9,33769,
萃,3470,8403,33795,
菸,3471,83F8,33784,
萍,3472,840D,33805,
菠,3473,83E0,33760,
菅,3474,83C5,33733,
萋,3475,840B,33803,
菁,3476,83C1,33729,
華,3477,83EF,33775,
菱,3478,83F1,33777,
著,3479,8457,33879,
萊,3480,840A,33802,
菰,3481,83F0,33776,
萌,3482,840C,33804,
菌,3483,83CC,33740,
菽,3484,83FD,33789,
菲,3485,83F2,33778,
菊,3486,83CA,33738,
萸,3487,8438,33848,
萎,3488,840E,33806,
萄,3489,8404,33796,
菜,3490,83DC,33756,
蒂,3491,8482,33922,
葷,3492,8477,33911,
落,3493,843D,33853,
萱,3494,8431,33841,
葵,3495,8475,33909,
葦,3496,8466,33894,
葫,3497,846B,33899,
葉,3498,8449,33865,
葬,3499,846C,33900,
葛,3500,845B,33883,
萼,3501,843C,33852,
萵,3502,8435,33845,
葱,3503,8471,33905,
蔥,3503V,8525,34085,
葡,3504,8461,33889,
董,3505,8463,33891,
葩,3506,8469,33897,
蓑,3507,84D1,34001,
蓉,3508,84C9,33993,
蒿,3509,84BF,33983,
蓆,3510,84C6,33990,
蓄,3511,84C4,33988,
蒙,3512,8499,33945,
蒞,3513,849E,33950,
蒲,3514,84B2,33970,
蒜,3515,849C,33948,
蓋,3516,84CB,33995,
蒸,3517,84B8,33976,
蓀,3518,84C0,33984,
蓓,3519,84D3,34003,
蒐,3520,8490,33936,
蒼,3521,84BC,33980,
蔗,3522,8517,34071,
蔽,3523,853D,34109,
蔚,3524,851A,34074,
蓮,3525,84EE,34030,
蔭,3526,852D,34093,
蓬,3527,84EC,34028,
蔓,3528,8513,34067,
蔑,3529,8511,34065,
蔣,3530,8523,34083,
蔡,3531,8521,34081,
蔔,3532,8514,34068,
蔬,3533,852C,34092,
蕊,3534,854A,34122,
蕩,3535,8569,34153,
蕙,3536,8559,34137,
蕨,3537,8568,34152,
蕃,3538,8543,34115,
蕉,3539,8549,34121,
蕪,3540,856A,34154,
薪,3541,85AA,34218,
薄,3542,8584,34180,
蕭,3543,856D,34157,
蕾,3544,857E,34174,
薑,3545,8591,34193,
薔,3546,8594,34196,
薯,3547,85AF,34223,
薛,3548,859B,34203,
薇,3549,8587,34183,
薩,3550,85A9,34217,
藍,3551,85CD,34253,
藉,3552,85C9,34249,
薰,3553,85B0,34224,
藐,3554,85D0,34256,
藏,3555,85CF,34255,
藩,3556,85E9,34281,
藝,3557,85DD,34269,
藪,3558,85EA,34282,
藕,3559,85D5,34261,
藤,3560,85E4,34276,
藥,3561,85E5,34277,
藴,3562,85F4,34292,
蘊,3562V,860A,34314,
藹,3563,85F9,34297,
蘑,3564,8611,34321,
藻,3565,85FB,34299,
蘆,3566,8606,34310,
蘋,3567,860B,34315,
藺,3568,85FA,34298,
蘇,3569,8607,34311,
蘭,3570,862D,34349,
蘚,3571,861A,34330,
蘸,3572,8638,34360,
蘿,3573,863F,34367,
虎,3574,864E,34382,
虐,3575,8650,34384,
虔,3576,8654,34388,
處,3577,8655,34389,
彪,3578,5F6A,24426,
虛,3579,865B,34395,
虞,3580,865E,34398,
虜,3581,865C,34396,
號,3582,865F,34399,
虧,3583,8667,34407,
虫,3584,866B,34411,
虱,3585,8671,34417,
虯,3586,866F,34415,
虹,3587,8679,34425,
蚊,3588,868A,34442,
蚪,3589,86AA,34474,
蚓,3590,8693,34451,
蚤,3591,86A4,34468,
蚩,3592,86A9,34473,
蚌,3593,868C,34444,
蚣,3594,86A3,34467,
蛇,3595,86C7,34503,
蛀,3596,86C0,34496,
蚶,3597,86B6,34486,
蛋,3598,86CB,34507,
蛆,3599,86C6,34502,
蚱,3600,86B1,34481,
蚯,3601,86AF,34479,
蛟,3602,86DF,34527,
蛙,3603,86D9,34521,
蛭,3604,86ED,34541,
蛔,3605,86D4,34516,
蛛,3606,86DB,34523,
蛤,3607,86E4,34532,
蜕,3608,8715,34581,⿰虫⿱丷兄
蛻,3608V,86FB,34555,⿰虫⿱八兄
蛹,3609,86F9,34553,
蜇,3610,8707,34567,
蜃,3611,8703,34563,
蜈,3612,8708,34568,
蜀,3613,8700,34560,
蛾,3614,86FE,34558,
蜂,3615,8702,34562,
蜓,3616,8713,34579,
蜚,3617,871A,34586,
蜿,3618,873F,34623,
蜜,3619,871C,34588,
蜻,3620,873B,34619,
蜢,3621,8722,34594,
蜥,3622,8725,34597,
蜴,3623,8734,34612,
蜘,3624,8718,34584,
蝕,3625,8755,34645,
螂,3626,8782,34690,
蝙,3627,8759,34649,
蝴,3628,8774,34676,
蝶,3629,8776,34678,
蝠,3630,8760,34656,
蝦,3631,8766,34662,
蝨,3632,8768,34664,
蝸,3633,8778,34680,
蝗,3634,8757,34647,
蝌,3635,874C,34636,
螃,3636,8783,34691,
螟,3637,879F,34719,
螢,3638,87A2,34722,
螞,3639,879E,34718,
融,3640,878D,34701,
蟀,3641,87C0,34752,
蟑,3642,87D1,34769,
螫,3643,87AB,34731,
蟒,3644,87D2,34770,
蟆,3645,87C6,34758,
螳,3646,87B3,34739,
螻,3647,87BB,34747,
螺,3648,87BA,34746,
蟈,3649,87C8,34760,
蟋,3650,87CB,34763,
蟯,3651,87EF,34799,
蟬,3652,87EC,34796,
蟲,3653,87F2,34802,
蟻,3654,87FB,34811,
蠅,3655,8805,34821,
蠍,3656,880D,34829,
蟹,3657,87F9,34809,
蠔,3658,8814,34836,
蠕,3659,8815,34837,
蠣,3660,8823,34851,
蠢,3661,8822,34850,
蠡,3662,8821,34849,
蠟,3663,881F,34847,
蠱,3664,8831,34865,
蠶,3665,8836,34870,
蠹,3666,8839,34873,
蠻,3667,883B,34875,
血,3668,8840,34880,
行,3669,884C,34892,
衍,3670,884D,34893,
術,3671,8853,34899,
街,3672,8857,34903,
衙,3673,8859,34905,
衝,3674,885D,34909,
衞,3675,885E,34910,
衛,3675V,885B,34907,
衡,3676,8861,34913,
衢,3677,8862,34914,
衣,3678,8863,34915,
初,3679,521D,21021,
表,3680,8868,34920,
衫,3681,886B,34923,
袂,3682,8882,34946,
衰,3683,8870,34928,
衷,3684,8877,34935,
袁,3685,8881,34945,
袒,3686,8892,34962,
袖,3687,8896,34966,
被,3688,88AB,34987,
袍,3689,888D,34957,
袈,3690,8888,34952,
袞,3691,889E,34974,
袋,3692,888B,34955,
袱,3693,88B1,34993,
裁,3694,88C1,35009,
裂,3695,88C2,35010,
裙,3696,88D9,35033,
補,3697,88DC,35036,
裕,3698,88D5,35029,
裟,3699,88DF,35039,
裘,3700,88D8,35032,
裔,3701,88D4,35028,
裝,3702,88DD,35037,
裏,3703,88CF,35023,⿱𫟯𧘇
裡,3703V,88E1,35041,⿰衤里
裊,3704,88CA,35018,
褂,3705,8902,35074,
褚,3706,891A,35098,
裸,3707,88F8,35064,
裨,3708,88E8,35048,
裳,3709,88F3,35059,
裴,3710,88F4,35060,
裹,3711,88F9,35065,
製,3712,88FD,35069,
褐,3713,8910,35088,
複,3714,8907,35079,
褓,3715,8913,35091,
褲,3716,8932,35122,
褪,3717,892A,35114,
褫,3718,892B,35115,
褥,3719,8925,35109,
褶,3720,8936,35126,
褸,3721,8938,35128,
褻,3722,893B,35131,
襄,3723,8944,35140,
襃,3724,8943,35139,⿳亠⿰⿷#(丿𠃊>)一呆𧘇
褒,3724V,8912,35090,⿳亠⿰亻呆𧘇
襟,3725,895F,35167,
襠,3726,8960,35168,
襖,3727,8956,35158,
襤,3728,8964,35172,
襪,3729,896A,35178,
襯,3730,896F,35183,
襲,3731,8972,35186,
西,3732,897F,35199,
要,3733,8981,35201,
覃,3734,8983,35203,
覆,3735,8986,35206,
見,3736,898B,35211,
規,3737,898F,35215,
覓,3738,8993,35219,
親,3739,89AA,35242,
覦,3740,89A6,35238,
覬,3741,89AC,35244,
覲,3742,89B2,35250,
覺,3743,89BA,35258,
覽,3744,89BD,35261,
觀,3745,89C0,35264,
角,3746,89D2,35282,
解,3747,89E3,35299,
觴,3748,89F4,35316,
觸,3749,89F8,35320,
言,3750,8A00,35328,
計,3751,8A08,35336,
訂,3752,8A02,35330,
訃,3753,8A03,35331,
記,3754,8A18,35352,
訐,3755,8A10,35344,
討,3756,8A0E,35342,
訌,3757,8A0C,35340,
訕,3758,8A15,35349,
訊,3759,8A0A,35338,
託,3760,8A17,35351,
訓,3761,8A13,35347,
訖,3762,8A16,35350,
訪,3763,8A2A,35370,
訝,3764,8A1D,35357,
訣,3765,8A23,35363,
訥,3766,8A25,35365,
許,3767,8A31,35377,
設,3768,8A2D,35373,
訟,3769,8A1F,35359,
訛,3770,8A1B,35355,⿰言化
譌,3770V,8B4C,35660,⿰言爲
註,3771,8A3B,35387,
詠,3772,8A60,35424,
評,3773,8A55,35413,
詞,3774,8A5E,35422,
詁,3775,8A41,35393,
詔,3776,8A54,35412,
詛,3777,8A5B,35419,
詐,3778,8A50,35408,
詆,3779,8A46,35398,
訴,3780,8A34,35380,
診,3781,8A3A,35386,
詫,3782,8A6B,35435,
該,3783,8A72,35442,
詳,3784,8A73,35443,
試,3785,8A66,35430,
詩,3786,8A69,35433,
詰,3787,8A70,35440,
誇,3788,8A87,35463,
詼,3789,8A7C,35452,
詣,3790,8A63,35427,
誠,3791,8AA0,35488,
話,3792,8A71,35441,
誅,3793,8A85,35461,
詭,3794,8A6D,35437,
詢,3795,8A62,35426,
詮,3796,8A6E,35438,
詬,3797,8A6C,35436,
詹,3798,8A79,35449,
説,3799,8AAC,35500,⿰言⿱丷兄
說,3799V,8AAA,35498,⿰言⿱八兄
誦,3800,8AA6,35494,
誌,3801,8A8C,35468,
語,3802,8A9E,35486,
誣,3803,8AA3,35491,
認,3804,8A8D,35469,
誡,3805,8AA1,35489,
誓,3806,8A93,35475,
誤,3807,8AA4,35492,
誥,3808,8AA5,35493,
誨,3809,8AA8,35496,
誘,3810,8A98,35480,
誑,3811,8A91,35473,
誼,3812,8ABC,35516,
諒,3813,8AD2,35538,
談,3814,8AC7,35527,
諄,3815,8AC4,35524,
請,3816,8ACB,35531,
諸,3817,8AF8,35576,
課,3818,8AB2,35506,
誕,3819,8A95,35477,
諉,3820,8AC9,35529,
諂,3821,8AC2,35522,
調,3822,8ABF,35519,
誰,3823,8AB0,35504,
論,3824,8AD6,35542,
諍,3825,8ACD,35533,
諦,3826,8AE6,35558,
諺,3827,8AFA,35578,
諮,3828,8AEE,35566,
諱,3829,8AF1,35569,
謀,3830,8B00,35584,
諜,3831,8ADC,35548,
諫,3832,8AEB,35563,
諧,3833,8AE7,35559,
諾,3834,8AFE,35582,
謁,3835,8B01,35585,
謂,3836,8B02,35586,
諷,3837,8AF7,35575,
諭,3838,8AED,35565,
謎,3839,8B0E,35598,
謗,3840,8B17,35607,
謙,3841,8B19,35609,
講,3842,8B1B,35611,
謊,3843,8B0A,35594,
謠,3844,8B20,35616,
謝,3845,8B1D,35613,
謄,3846,8B04,35588,
謨,3847,8B28,35624,
謹,3848,8B39,35641,
謬,3849,8B2C,35628,
譜,3850,8B5C,35676,
識,3851,8B58,35672,
譁,3852,8B41,35649,
證,3853,8B49,35657,
譚,3854,8B5A,35674,
譎,3855,8B4E,35662,
譏,3856,8B4F,35663,
議,3857,8B70,35696,
譬,3858,8B6C,35692,
警,3859,8B66,35686,
譯,3860,8B6F,35695,
護,3861,8B77,35703,
譴,3862,8B74,35700,
譽,3863,8B7D,35709,
讀,3864,8B80,35712,
變,3865,8B8A,35722,
讓,3866,8B93,35731,
讒,3867,8B92,35730,
讖,3868,8B96,35734,
讚,3869,8B9A,35738,
谷,3870,8C37,35895,
豁,3871,8C41,35905,
谿,3872,8C3F,35903,
豆,3873,8C46,35910,
豈,3874,8C48,35912,
豉,3875,8C49,35913,
豌,3876,8C4C,35916,
豎,3877,8C4E,35918,
豐,3878,8C50,35920,
豔,3879,8C54,35924,⿰豐盍
艶,3879V,8276,33398,⿰豐色
豕,3880,8C55,35925,
豚,3881,8C5A,35930,
象,3882,8C61,35937,
豢,3883,8C62,35938,
豪,3884,8C6A,35946,
豬,3885,8C6C,35948,
豫,3886,8C6B,35947,
豺,3887,8C7A,35962,
豹,3888,8C79,35961,
貂,3889,8C82,35970,
貉,3890,8C89,35977,
貌,3891,8C8C,35980,
貓,3892,8C93,35987,
貝,3893,8C9D,35997,
貞,3894,8C9E,35998,
負,3895,8CA0,36000,
財,3896,8CA1,36001,
貢,3897,8CA2,36002,
販,3898,8CA9,36009,
責,3899,8CAC,36012,
貫,3900,8CAB,36011,
貨,3901,8CA8,36008,
貪,3902,8CAA,36010,
貧,3903,8CA7,36007,
貯,3904,8CAF,36015,
貳,3905,8CB3,36019,
賁,3906,8CC1,36033,
費,3907,8CBB,36027,
賀,3908,8CC0,36032,
貼,3909,8CBC,36028,
貴,3910,8CB4,36020,
買,3911,8CB7,36023,
貽,3912,8CBD,36029,
貶,3913,8CB6,36022,
貿,3914,8CBF,36031,
貸,3915,8CB8,36024,
賅,3916,8CC5,36037,
資,3917,8CC7,36039,
賊,3918,8CCA,36042,
賈,3919,8CC8,36040,
貲,3920,8CB2,36018,
賄,3921,8CC4,36036,
賃,3922,8CC3,36035,
賂,3923,8CC2,36034,
賓,3924,8CD3,36051,
賑,3925,8CD1,36049,
賒,3926,8CD2,36050,
賠,3927,8CE0,36064,
賦,3928,8CE6,36070,
賤,3929,8CE4,36068,
賬,3930,8CEC,36076,
賭,3931,8CED,36077,
賢,3932,8CE2,36066,
賣,3933,8CE3,36067,
賞,3934,8CDE,36062,
賜,3935,8CDC,36060,
質,3936,8CEA,36074,
賴,3937,8CF4,36084,
賺,3938,8CFA,36090,
賽,3939,8CFD,36093,
購,3940,8CFC,36092,
贅,3941,8D05,36101,
贈,3942,8D08,36104,
贋,3943,8D0B,36107,
贊,3944,8D0A,36106,
贏,3945,8D0F,36111,
贍,3946,8D0D,36109,
贓,3947,8D13,36115,
贖,3948,8D16,36118,
贛,3949,8D1B,36123,
赤,3950,8D64,36196,
赧,3951,8D67,36199,
赦,3952,8D66,36198,
赫,3953,8D6B,36203,
赭,3954,8D6D,36205,
走,3955,8D70,36208,
赴,3956,8D74,36212,
赳,3957,8D73,36211,
起,3958,8D77,36215,
越,3959,8D8A,36234,
超,3960,8D85,36229,
趁,3961,8D81,36225,
趙,3962,8D99,36249,
趕,3963,8D95,36245,
趣,3964,8DA3,36259,
趟,3965,8D9F,36255,
趨,3966,8DA8,36264,
足,3967,8DB3,36275,
趴,3968,8DB4,36276,
趾,3969,8DBE,36286,
跎,3970,8DCE,36302,
距,3971,8DDD,36317,
跋,3972,8DCB,36299,
跚,3973,8DDA,36314,
跑,3974,8DD1,36305,
跌,3975,8DCC,36300,
跛,3976,8DDB,36315,
跆,3977,8DC6,36294,
跡,3978,8DE1,36321,⿰𧾷亦
迹,3978V,8FF9,36857,⿺辶亦
蹟,3978V2,8E5F,36447,⿰𧾷責
跟,3979,8DDF,36319,
跨,3980,8DE8,36328,
路,3981,8DEF,36335,
跳,3982,8DF3,36339,
跺,3983,8DFA,36346,
跪,3984,8DEA,36330,
跼,3985,8DFC,36348,
踫,3986,8E2B,36395,
踐,3987,8E10,36368,
踝,3988,8E1D,36381,
踢,3989,8E22,36386,
踏,3990,8E0F,36367,
踩,3991,8E29,36393,
踟,3992,8E1F,36383,
蹄,3993,8E44,36420,
踱,3994,8E31,36401,
踴,3995,8E34,36404,
蹂,3996,8E42,36418,
踹,3997,8E39,36409,
踵,3998,8E35,36405,
蹉,3999,8E49,36425,
蹋,4000,8E4B,36427,
蹈,4001,8E48,36424,
蹊,4002,8E4A,36426,
蹣,4003,8E63,36451,
蹦,4004,8E66,36454,
蹙,4005,8E59,36441,
蹤,4006,8E64,36452,⿰𧾷從
踪,4006V,8E2A,36394,⿰𧾷宗
蹲,4007,8E72,36466,
蹬,4008,8E6C,36460,
蹺,4009,8E7A,36474,
躇,4010,8E87,36487,
蹼,4011,8E7C,36476,
蹶,4012,8E76,36470,
躂,4013,8E82,36482,
躁,4014,8E81,36481,
躅,4015,8E85,36485,
躉,4016,8E89,36489,
躊,4017,8E8A,36490,
躍,4018,8E8D,36493,
躑,4019,8E91,36497,
躡,4020,8EA1,36513,
躪,4021,8EAA,36522,
身,4022,8EAB,36523,
躬,4023,8EAC,36524,
躭,4024,8EAD,36525,
躲,4025,8EB2,36530,
躺,4026,8EBA,36538,
軀,4027,8EC0,36544,
車,4028,8ECA,36554,
軋,4029,8ECB,36555,
軍,4030,8ECD,36557,
軌,4031,8ECC,36556,
軒,4032,8ED2,36562,
軔,4033,8ED4,36564,
軛,4034,8EDB,36571,
軟,4035,8EDF,36575,⿰車欠
輭,4035V,8F2D,36653,⿰車耎
軻,4036,8EFB,36603,
軸,4037,8EF8,36600,
軼,4038,8EFC,36604,
較,4039,8F03,36611,
載,4040,8F09,36617,
軾,4041,8EFE,36606,
輊,4042,8F0A,36618,
輔,4043,8F14,36628,
輒,4044,8F12,36626,
輕,4045,8F15,36629,
輓,4046,8F13,36627,
輝,4047,8F1D,36637,
輛,4048,8F1B,36635,
輟,4049,8F1F,36639,
輦,4050,8F26,36646,
輩,4051,8F29,36649,
輪,4052,8F2A,36650,
輜,4053,8F1C,36636,
輻,4054,8F3B,36667,
輯,4055,8F2F,36655,
輸,4056,8F38,36664,
轄,4057,8F44,36676,
輾,4058,8F3E,36670,
轂,4059,8F42,36674,
轅,4060,8F45,36677,
輿,4061,8F3F,36671,
轉,4062,8F49,36681,
轍,4063,8F4D,36685,
轔,4064,8F54,36692,
轎,4065,8F4E,36686,
轟,4066,8F5F,36703,
轡,4067,8F61,36705,
辛,4068,8F9B,36763,
辜,4069,8F9C,36764,
辟,4070,8F9F,36767,
辣,4071,8FA3,36771,
辦,4072,8FA6,36774,
辨,4073,8FA8,36776,
辭,4074,8FAD,36781,
辯,4075,8FAF,36783,
辰,4076,8FB0,36784,
辱,4077,8FB1,36785,
農,4078,8FB2,36786,
迂,4079,8FC2,36802,
迅,4080,8FC5,36805,
迄,4081,8FC4,36804,
巡,4082,5DE1,24033,
迎,4083,8FCE,36814,
返,4084,8FD4,36820,
近,4085,8FD1,36817,
述,4086,8FF0,36848,
迦,4087,8FE6,36838,
迢,4088,8FE2,36834,
迪,4089,8FEA,36842,
迥,4090,8FE5,36837,
迫,4091,8FEB,36843,
迤,4092,8FE4,36836,
迭,4093,8FED,36845,
迸,4094,8FF8,36856,
送,4095,9001,36865,
逆,4096,9006,36870,
迷,4097,8FF7,36855,
退,4098,9000,36864,
迺,4099,8FFA,36858,
迴,4100,8FF4,36852,
逃,4101,9003,36867,
追,4102,8FFD,36861,
逅,4103,9005,36869,
這,4104,9019,36889,
通,4105,901A,36890,
逗,4106,9017,36887,
連,4107,9023,36899,
速,4108,901F,36895,
逝,4109,901D,36893,
逐,4110,9010,36880,
逕,4111,9015,36885,
逍,4112,900D,36877,
逞,4113,901E,36894,
造,4114,9020,36896,
透,4115,900F,36879,
逢,4116,9022,36898,
逖,4117,9016,36886,
逛,4118,901B,36891,
途,4119,9014,36884,
逮,4120,902E,36910,
逵,4121,9035,36917,
週,4122,9031,36913,
逸,4123,9038,36920,
進,4124,9032,36914,
運,4125,904B,36939,
遊,4126,904A,36938,
道,4127,9053,36947,
遂,4128,9042,36930,
遍,4129,904D,36941,
達,4130,9054,36948,
逼,4131,903C,36924,
違,4132,9055,36949,
遐,4133,9050,36944,
遇,4134,9047,36935,
遏,4135,904F,36943,
過,4136,904E,36942,
遑,4137,9051,36945,
逾,4138,903E,36926,
遁,4139,9041,36929,
遠,4140,9060,36960,
遘,4141,9058,36952,
遜,4142,905C,36956,
遣,4143,9063,36963,
遙,4144,9059,36953,
遞,4145,905E,36958,
適,4146,9069,36969,
遮,4147,906E,36974,
遨,4148,9068,36968,
遭,4149,906D,36973,
遷,4150,9077,36983,
遵,4151,9075,36981,
遴,4152,9074,36980,
選,4153,9078,36984,
遲,4154,9072,36978,
遼,4155,907C,36988,
遺,4156,907A,36986,
避,4157,907F,36991,
遽,4158,907D,36989,
還,4159,9084,36996,
邁,4160,9081,36993,
邂,4161,9082,36994,
邀,4162,9080,36992,
邇,4163,9087,36999,
邊,4164,908A,37002,
邐,4165,9090,37008,
邏,4166,908F,37007,
邑,4167,9091,37009,
邕,4168,9095,37013,
邢,4169,90A2,37026,
邪,4170,90AA,37034,
那,4171,90A3,37027,
邦,4172,90A6,37030,
邵,4173,90B5,37045,
邸,4174,90B8,37048,
邱,4175,90B1,37041,
郊,4176,90CA,37066,
郎,4177,90CE,37070,
郁,4178,90C1,37057,
郡,4179,90E1,37089,
部,4180,90E8,37096,
郭,4181,90ED,37101,
都,4182,90FD,37117,
都,4182V,FA26,64038,
鄂,4183,9102,37122,
郵,4184,90F5,37109,
鄉,4185,9109,37129,
鄒,4186,9112,37138,
鄙,4187,9119,37145,
鄰,4188,9130,37168,
鄭,4189,912D,37165,
鄧,4190,9127,37159,
鄱,4191,9131,37169,
酉,4192,9149,37193,
酋,4193,914B,37195,
酊,4194,914A,37194,
酒,4195,9152,37202,
配,4196,914D,37197,
酌,4197,914C,37196,
酗,4198,9157,37207,
酣,4199,9163,37219,
酥,4200,9165,37221,
酬,4201,916C,37228,
酪,4202,916A,37226,
酩,4203,9169,37225,
酵,4204,9175,37237,
酸,4205,9178,37240,
酷,4206,9177,37239,
醇,4207,9187,37255,
醉,4208,9189,37257,
醋,4209,918B,37259,
醃,4210,9183,37251,
醒,4211,9192,37266,
醖,4212,9196,37270,
醞,4212V,919E,37278,
醣,4213,91A3,37283,
醜,4214,919C,37276,
醫,4215,91AB,37291,
醬,4216,91AC,37292,
醺,4217,91BA,37306,
釀,4218,91C0,37312,
釁,4219,91C1,37313,
采,4220,91C7,37319,
釉,4221,91C9,37321,
釋,4222,91CB,37323,
里,4223,91CC,37324,
重,4224,91CD,37325,
野,4225,91CE,37326,
量,4226,91CF,37327,
釐,4227,91D0,37328,
金,4228,91D1,37329,
釘,4229,91D8,37336,
針,4230,91DD,37341,
釗,4231,91D7,37335,
釜,4232,91DC,37340,
釵,4233,91F5,37365,
釦,4234,91E6,37350,
釣,4235,91E3,37347,
釧,4236,91E7,37351,
鈕,4237,9215,37397,
鈣,4238,9223,37411,
鈍,4239,920D,37389,
鈔,4240,9214,37396,
鈉,4241,9209,37385,
鈞,4242,921E,37406,
鈐,4243,9210,37392,
鈷,4244,9237,37431,
鉗,4245,9257,37463,
鈸,4246,9238,37432,
鉀,4247,9240,37440,
鈾,4248,923E,37438,
鉛,4249,925B,37467,
鉋,4250,924B,37451,
鈎,4251,920E,37390,⿰金⿹勹厶
鉤,4251V,9264,37476,⿰金⿹勹口
鉑,4252,9251,37457,
鈴,4253,9234,37428,
銀,4254,9280,37504,
銅,4255,9285,37509,
銘,4256,9298,37528,
銖,4257,9296,37526,
銓,4258,9293,37523,
銜,4259,929C,37532,
銬,4260,92AC,37548,
銻,4261,92BB,37563,
鋭,4262,92ED,37613,⿰金⿱丷兄
銳,4262V,92B3,37555,⿰金⿱八兄
鋅,4263,92C5,37573,
鋪,4264,92EA,37610,
銷,4265,92B7,37559,
鋤,4266,92E4,37604,
鋁,4267,92C1,37569,
銼,4268,92BC,37564,
鋒,4269,92D2,37586,
錠,4270,9320,37664,
錶,4271,9336,37686,
鋸,4272,92F8,37624,
錳,4273,9333,37683,
錯,4274,932F,37679,
錢,4275,9322,37666,
鋼,4276,92FC,37628,
錫,4277,932B,37675,
錄,4278,9304,37636,
錚,4279,931A,37658,
錐,4280,9310,37648,
錦,4281,9326,37670,
鍍,4282,934D,37709,
鎂,4283,9382,37762,
錨,4284,9328,37672,
鍵,4285,9375,37749,
鍊,4286,934A,37706,
鍥,4287,9365,37733,
鍋,4288,934B,37707,
錘,4289,9318,37656,
鍾,4290,937E,37758,
鍬,4291,936C,37740,
鍛,4292,935B,37723,
鎔,4293,9394,37780,
鎊,4294,938A,37770,
鎮,4295,93AE,37806,
鎖,4296,9396,37782,
鎢,4297,93A2,37794,
鎳,4298,93B3,37811,
鏡,4299,93E1,37857,
鏑,4300,93D1,37841,
鏟,4301,93DF,37855,
鏃,4302,93C3,37827,
鏖,4303,93D6,37846,
鏈,4304,93C8,37832,
鏢,4305,93E2,37858,
鏗,4306,93D7,37847,
鏜,4307,93DC,37852,
鏘,4308,93D8,37848,
鐘,4309,9418,37912,
鐃,4310,9403,37891,
鏽,4311,93FD,37885,⿰金肅
銹,4311V,92B9,37561,⿰金秀
鐮,4312,942E,37934,
鐳,4313,9433,37939,
鐵,4314,9435,37941,
鐺,4315,943A,37946,
鐸,4316,9438,37944,
鐲,4317,9432,37938,
鑄,4318,9444,37956,
鑒,4319,9452,37970,⿱𰯲金
鑑,4319V,9451,37969,⿰金監
鑣,4320,9463,37987,
鑠,4321,9460,37984,
鑲,4322,9472,38002,
鑰,4323,9470,38000,
鑾,4324,947E,38014,
鑼,4325,947C,38012,
鑽,4326,947D,38013,
鑿,4327,947F,38015,
長,4328,9577,38263,
門,4329,9580,38272,
閂,4330,9582,38274,
閃,4331,9583,38275,
閉,4332,9589,38281,
閔,4333,9594,38292,
閏,4334,958F,38287,
開,4335,958B,38283,
閑,4336,9591,38289,
間,4337,9593,38291,
閒,4338,9592,38290,
閘,4339,9598,38296,
閡,4340,95A1,38305,
閨,4341,95A8,38312,
閩,4342,95A9,38313,
閣,4343,95A3,38307,
閥,4344,95A5,38309,
閤,4345,95A4,38308,
閲,4346,95B2,38322,⿵門⿱丷兄
閱,4346V,95B1,38321,⿵門⿱八兄
閭,4347,95AD,38317,
閻,4348,95BB,38331,
闊,4349,95CA,38346,
闋,4350,95CB,38347,
闌,4351,95CC,38348,
闈,4352,95C8,38344,
闆,4353,95C6,38342,
闔,4354,95D4,38356,
闖,4355,95D6,38358,
闐,4356,95D0,38352,
關,4357,95DC,38364,
闡,4358,95E1,38369,
闢,4359,95E2,38370,
阡,4360,9621,38433,
防,4361,9632,38450,
阮,4362,962E,38446,
阱,4363,9631,38449,
阪,4364,962A,38442,
阜,4365,961C,38428,
陀,4366,9640,38464,
阿,4367,963F,38463,
阻,4368,963B,38459,
附,4369,9644,38468,
限,4370,9650,38480,
陋,4371,964B,38475,
陌,4372,964C,38476,
降,4373,964D,38477,
院,4374,9662,38498,
陣,4375,9663,38499,
陡,4376,9661,38497,
陝,4377,965D,38493,
陛,4378,965B,38491,
除,4379,9664,38500,
陪,4380,966A,38506,
陵,4381,9675,38517,
陳,4382,9673,38515,
陸,4383,9678,38520,
陰,4384,9670,38512,
陶,4385,9676,38518,
陷,4386,9677,38519,
隊,4387,968A,38538,
隋,4388,968B,38539,
階,4389,968E,38542,
陽,4390,967D,38525,
隅,4391,9685,38533,
隆,4392,9686,38534,
隍,4393,968D,38541,
陲,4394,9672,38514,
隘,4395,9698,38552,
隔,4396,9694,38548,
隕,4397,9695,38549,
隙,4398,9699,38553,
障,4399,969C,38556,
際,4400,969B,38555,
隧,4401,96A7,38567,
隨,4402,96A8,38568,
險,4403,96AA,38570,
隱,4404,96B1,38577,
隴,4405,96B4,38580,
隸,4406,96B8,38584,
隻,4407,96BB,38587,
雀,4408,96C0,38592,
雇,4409,96C7,38599,
雁,4410,96C1,38593,
雅,4411,96C5,38597,
雄,4412,96C4,38596,
集,4413,96C6,38598,
雋,4414,96CB,38603,
雍,4415,96CD,38605,
雉,4416,96C9,38601,
雌,4417,96CC,38604,
雕,4418,96D5,38613,
雖,4419,96D6,38614,
雜,4420,96DC,38620,
雙,4421,96D9,38617,
雛,4422,96DB,38619,
雞,4423,96DE,38622,
難,4424,96E3,38627,
離,4425,96E2,38626,
雨,4426,96E8,38632,
雪,4427,96EA,38634,
雯,4428,96EF,38639,
雲,4429,96F2,38642,
雷,4430,96F7,38647,
電,4431,96FB,38651,
雹,4432,96F9,38649,
零,4433,96F6,38646,
需,4434,9700,38656,
震,4435,9707,38663,
霄,4436,9704,38660,
霆,4437,9706,38662,
霉,4438,9709,38665,
霎,4439,970E,38670,
霑,4440,9711,38673,
霖,4441,9716,38678,
霍,4442,970D,38669,
霓,4443,9713,38675,
霏,4444,970F,38671,
霜,4445,971C,38684,
霞,4446,971E,38686,
霪,4447,972A,38698,
霧,4448,9727,38695,
霸,4449,9738,38712,
霹,4450,9739,38713,
露,4451,9732,38706,
霽,4452,973D,38717,
霾,4453,973E,38718,
靄,4454,9744,38724,
靂,4455,9742,38722,
靈,4456,9748,38728,
青,4457,9752,38738,
靖,4458,9756,38742,
靛,4459,975B,38747,
靜,4460,975C,38748,
非,4461,975E,38750,
靠,4462,9760,38752,
靡,4463,9761,38753,
面,4464,9762,38754,
靦,4465,9766,38758,
靨,4466,9768,38760,
革,4467,9769,38761,
靶,4468,9776,38774,
靴,4469,9774,38772,
靼,4470,977C,38780,
鞅,4471,9785,38789,
鞍,4472,978D,38797,
鞋,4473,978B,38795,
鞏,4474,978F,38799,
鞘,4475,9798,38808,
鞠,4476,97A0,38816,
鞣,4477,97A3,38819,
鞦,4478,97A6,38822,
鞭,4479,97AD,38829,
韃,4480,97C3,38851,
韁,4481,97C1,38849,
韆,4482,97C6,38854,
韋,4483,97CB,38859,
韌,4484,97CC,38860,⿰韋刃
靭,4484V,976D,38765,⿰革刃
韓,4485,97D3,38867,
韜,4486,97DC,38876,
韭,4487,97ED,38893,
音,4488,97F3,38899,
章,4489,7AE0,31456,
竟,4490,7ADF,31455,
韶,4491,97F6,38902,
韻,4492,97FB,38907,⿰音員
韵,4492V,97F5,38901,⿰音勻
響,4493,97FF,38911,
頁,4494,9801,38913,
頂,4495,9802,38914,
頃,4496,9803,38915,
項,4497,9805,38917,
順,4498,9806,38918,
須,4499,9808,38920,
預,4500,9810,38928,
頑,4501,9811,38929,
頓,4502,9813,38931,
頒,4503,9812,38930,
頌,4504,980C,38924,
頗,4505,9817,38935,
領,4506,9818,38936,
頡,4507,9821,38945,
頰,4508,9830,38960,
頸,4509,9838,38968,
頻,4510,983B,38971,
頭,4511,982D,38957,
頤,4512,9824,38948,
頷,4513,9837,38967,
頹,4514,9839,38969,
顆,4515,9846,38982,
額,4516,984D,38989,
顏,4517,984F,38991,
題,4518,984C,38988,
顎,4519,984E,38990,
類,4520,985E,39006,
願,4521,9858,39000,
顛,4522,985B,39003,
顧,4523,9867,39015,
顫,4524,986B,39019,
顯,4525,986F,39023,
顰,4526,9870,39024,
顱,4527,9871,39025,
風,4528,98A8,39080,
颯,4529,98AF,39087,
颱,4530,98B1,39089,
颳,4531,98B3,39091,
颶,4532,98B6,39094,
颺,4533,98BA,39098,
颼,4534,98BC,39100,
飄,4535,98C4,39108,
飛,4536,98DB,39131,
食,4537,98DF,39135,
飢,4538,98E2,39138,
飧,4539,98E7,39143,
飪,4540,98EA,39146,
飯,4541,98EF,39151,
飩,4542,98E9,39145,
飲,4543,98F2,39154,
飭,4544,98ED,39149,
飼,4545,98FC,39164,
飴,4546,98F4,39156,
飽,4547,98FD,39165,
飾,4548,98FE,39166,
餃,4549,9903,39171,
餅,4550,9905,39173,
餌,4551,990C,39180,
餉,4552,9909,39177,
養,4553,990A,39178,
餓,4554,9913,39187,
餒,4555,9912,39186,
餘,4556,9918,39192,
餐,4557,9910,39184,
館,4558,9928,39208,
餞,4559,991E,39198,
餛,4560,991B,39195,
餡,4561,9921,39201,
餵,4562,9935,39221,
餿,4563,993F,39231,
餾,4564,993E,39230,
餽,4565,993D,39229,
饅,4566,9945,39237,
饒,4567,9952,39250,
饑,4568,9951,39249,
饜,4569,995C,39260,
饞,4570,995E,39262,
首,4571,9996,39318,
香,4572,9999,39321,
馥,4573,99A5,39333,
馨,4574,99A8,39336,
馬,4575,99AC,39340,
馮,4576,99AE,39342,
馭,4577,99AD,39341,
馳,4578,99B3,39347,
馱,4579,99B1,39345,
馴,4580,99B4,39348,
駁,4581,99C1,39361,
駝,4582,99DD,39389,
駐,4583,99D0,39376,
駕,4584,99D5,39381,
駟,4585,99DF,39391,
駛,4586,99DB,39387,
駑,4587,99D1,39377,
駒,4588,99D2,39378,
駙,4589,99D9,39385,
駭,4590,99ED,39405,
駢,4591,99E2,39394,
駱,4592,99F1,39409,
騁,4593,9A01,39425,
駿,4594,99FF,39423,
騎,4595,9A0E,39438,
騙,4596,9A19,39449,
騖,4597,9A16,39446,
騫,4598,9A2B,39467,
騷,4599,9A37,39479,
騰,4600,9A30,39472,
驅,4601,9A45,39493,
驃,4602,9A43,39491,
驀,4603,9A40,39488,
騾,4604,9A3E,39486,
驕,4605,9A55,39509,
驚,4606,9A5A,39514,
驛,4607,9A5B,39515,
驗,4608,9A57,39511,
驟,4609,9A5F,39519,
驢,4610,9A62,39522,
驥,4611,9A65,39525,
驪,4612,9A6A,39530,
骨,4613,9AA8,39592,
骯,4614,9AAF,39599,
骰,4615,9AB0,39600,
骷,4616,9AB7,39607,
骸,4617,9AB8,39608,
骼,4618,9ABC,39612,
髏,4619,9ACF,39631,
髒,4620,9AD2,39634,
髓,4621,9AD3,39635,
體,4622,9AD4,39636,
高,4623,9AD8,39640,
髦,4624,9AE6,39654,
髮,4625,9AEE,39662,
髯,4626,9AEF,39663,
髻,4627,9AFB,39675,
髭,4628,9AED,39661,
鬃,4629,9B03,39683,
鬆,4630,9B06,39686,
鬍,4631,9B0D,39693,
鬚,4632,9B1A,39706,
鬢,4633,9B22,39714,
鬥,4634,9B25,39717,
鬧,4635,9B27,39719,
鬨,4636,9B28,39720,
鬱,4637,9B31,39729,
鬼,4638,9B3C,39740,
魁,4639,9B41,39745,
魂,4640,9B42,39746,
魅,4641,9B45,39749,
魄,4642,9B44,39748,
魏,4643,9B4F,39759,
魔,4644,9B54,39764,
魘,4645,9B58,39768,
魚,4646,9B5A,39770,
魷,4647,9B77,39799,
魯,4648,9B6F,39791,
鮑,4649,9B91,39825,
鮮,4650,9BAE,39854,
鮫,4651,9BAB,39851,
鯊,4652,9BCA,39882,
鯽,4653,9BFD,39933,
鯉,4654,9BC9,39881,
鯨,4655,9BE8,39912,
鰓,4656,9C13,39955,
鰍,4657,9C0D,39949,
鰭,4658,9C2D,39981,
鰥,4659,9C25,39973,
鰱,4660,9C31,39985,
鰾,4661,9C3E,39998,
鰻,4662,9C3B,39995,
鱔,4663,9C54,40020,
鱗,4664,9C57,40023,
鱖,4665,9C56,40022,
鱷,4666,9C77,40055,
鱸,4667,9C78,40056,
鳥,4668,9CE5,40165,
鳩,4669,9CE9,40169,
鳶,4670,9CF6,40182,
鳴,4671,9CF4,40180,
鳳,4672,9CF3,40179,
鴆,4673,9D06,40198,
鴉,4674,9D09,40201,
鴕,4675,9D15,40213,
鴣,4676,9D23,40227,
鴦,4677,9D26,40230,
鴨,4678,9D28,40232,
鴛,4679,9D1B,40219,
鴻,4680,9D3B,40251,
鴿,4681,9D3F,40255,
鵑,4682,9D51,40273,
鵝,4683,9D5D,40285,
鵠,4684,9D60,40288,
鶉,4685,9D89,40329,
鵡,4686,9D61,40289,
鵲,4687,9D72,40306,
鵪,4688,9D6A,40298,
鵬,4689,9D6C,40300,
鶯,4690,9DAF,40367,
鶴,4691,9DB4,40372,
鷂,4692,9DC2,40386,
鷓,4693,9DD3,40403,
鷗,4694,9DD7,40407,
鷥,4695,9DE5,40421,
鷹,4696,9DF9,40441,
鷺,4697,9DFA,40442,
鸚,4698,9E1A,40474,
鸞,4699,9E1E,40478,
鹵,4700,9E75,40565,
鹹,4701,9E79,40569,
鹽,4702,9E7D,40573,
鹼,4703,9E7C,40572,
鹿,4704,9E7F,40575,
麋,4705,9E8B,40587,
麒,4706,9E92,40594,
麗,4707,9E97,40599,
麓,4708,9E93,40595,
麝,4709,9E9D,40605,
麟,4710,9E9F,40607,
麥,4711,9EA5,40613,
麩,4712,9EA9,40617,
麪,4713,9EAA,40618,
麴,4714,9EB4,40628,
麻,4715,9EBB,40635,
麼,4716,9EBC,40636,⿸麻幺
麽,4716V,9EBD,40637,⿸麻么
麾,4717,9EBE,40638,
黃,4718,9EC3,40643,
黍,4719,9ECD,40653,
黎,4720,9ECE,40654,
黏,4721,9ECF,40655,
黑,4722,9ED1,40657,
墨,4723,58A8,22696,
默,4724,9ED8,40664,
黔,4725,9ED4,40660,
點,4726,9EDE,40670,
黜,4727,9EDC,40668,
黝,4728,9EDD,40669,
黛,4729,9EDB,40667,
黠,4730,9EE0,40672,
黨,4731,9EE8,40680,
黯,4732,9EEF,40687,
黴,4733,9EF4,40692,
黷,4734,9EF7,40695,
鼈,4735,9F08,40712,
鼇,4736,9F07,40711,
鼎,4737,9F0E,40718,
鼓,4738,9F13,40723,
鼕,4739,9F15,40725,
鼙,4740,9F19,40729,
鼠,4741,9F20,40736,
鼬,4742,9F2C,40748,
鼴,4743,9F34,40756,
鼻,4744,9F3B,40763,
鼾,4745,9F3E,40766,
齊,4746,9F4A,40778,
齋,4747,9F4B,40779,
齒,4748,9F52,40786,
齟,4749,9F5F,40799,
齣,4750,9F63,40803,
齡,4751,9F61,40801,
齦,4752,9F66,40806,
齬,4753,9F6C,40812,
齪,4754,9F6A,40810,
齷,4755,9F77,40823,
齲,4756,9F72,40818,
龍,4757,9F8D,40845,
龔,4758,9F94,40852,
龜,4759,9F9C,40860,
