han,name,hex,dec
一,1,4E00,19968
丁,2,4E01,19969
七,3,4E03,19971
三,4,4E09,19977
下,5,4E0B,19979
上,6,4E0A,19978
丈,7,4E08,19976
丑,8,4E11,19985
丐,9,4E10,19984
不,10,4E0D,19981
丕,11,4E15,19989
丙,12,4E19,19993
世,13,4E16,19990
且,14,4E14,19988
丘,15,4E18,19992
丞,16,4E1E,19998
丟,17,4E1F,19999
並,18,4E26,20006
丫,19,4E2B,20011
中,20,4E2D,20013
串,21,4E32,20018
丸,22,4E38,20024
凡,23,51E1,20961
丹,24,4E39,20025
主,25,4E3B,20027
乃,26,4E43,20035
久,27,4E45,20037
之,28,4E4B,20043
尹,29,5C39,23609
乍,30,4E4D,20045
乏,31,4E4F,20047
乎,32,4E4E,20046
乒,33,4E52,20050
乓,34,4E53,20051
乖,35,4E56,20054
乘,36,4E58,20056
乙,37,4E59,20057
九,38,4E5D,20061
也,39,4E5F,20063
乞,40,4E5E,20062
乩,41,4E69,20073
乳,42,4E73,20083
乾,43,4E7E,20094
亂,44,4E82,20098
了,45,4E86,20102
予,46,4E88,20104
事,47,4E8B,20107
二,48,4E8C,20108
于,49,4E8E,20110
云,50,4E91,20113
井,51,4E95,20117
互,52,4E92,20114
五,53,4E94,20116
亙,54,4E99,20121
些,55,4E9B,20123
亞,56,4E9E,20126
亟,57,4E9F,20127
亡,58,4EA1,20129
交,59,4EA4,20132
亦,60,4EA6,20134
亥,61,4EA5,20133
亨,62,4EA8,20136
享,63,4EAB,20139
京,64,4EAC,20140
亭,65,4EAD,20141
亮,66,4EAE,20142
人,67,4EBA,20154
仁,68,4EC1,20161
什,69,4EC0,20160
仃,70,4EC3,20163
今,71,4ECA,20170
仄,72,4EC4,20164
仆,73,4EC6,20166
仇,74,4EC7,20167
仍,75,4ECD,20173
介,76,4ECB,20171
付,77,4ED8,20184
仔,78,4ED4,20180
仕,79,4ED5,20181
他,80,4ED6,20182
仗,81,4ED7,20183
代,82,4EE3,20195
令,83,4EE4,20196
仞,84,4EDE,20190
以,85,4EE5,20197
仙,86,4ED9,20185
仿,87,4EFF,20223
伉,88,4F09,20233
伙,89,4F19,20249
伊,90,4F0A,20234
伕,91,4F15,20245
伍,92,4F0D,20237
伐,93,4F10,20240
休,94,4F11,20241
伏,95,4F0F,20239
任,96,4EFB,20219
仳,97,4EF3,20211
仲,98,4EF2,20210
企,99,4F01,20225
件,100,4EF6,20214
仰,101,4EF0,20208
份,102,4EFD,20221
位,103,4F4D,20301
住,104,4F4F,20303
佇,105,4F47,20295
佗,106,4F57,20311
伴,107,4F34,20276
佞,108,4F5E,20318
佛,109,4F5B,20315
何,110,4F55,20309
估,111,4F30,20272
佐,112,4F50,20304
佑,113,4F51,20305
佈,114,4F48,20296
伽,115,4F3D,20285
伺,116,4F3A,20282
伸,117,4F38,20280
佃,118,4F43,20291
佔,119,4F54,20308
似,120,4F3C,20284
但,121,4F46,20294
佣,122,4F63,20323
作,123,4F5C,20316
你,124,4F60,20320
伯,125,4F2F,20271
低,126,4F4E,20302
伶,127,4F36,20278
余,128,4F59,20313
佝,129,4F5D,20317
佯,130,4F6F,20335
依,131,4F9D,20381
併,132,4F75,20341
侍,133,4F8D,20365
佳,134,4F73,20339
使,135,4F7F,20351
佬,136,4F6C,20332
供,137,4F9B,20379
例,138,4F8B,20363
來,139,4F86,20358
佰,140,4F70,20336
侃,141,4F83,20355
侈,142,4F88,20360
佩,143,4F69,20329
佻,144,4F7B,20347
侖,145,4F96,20374
侏,146,4F8F,20367
信,147,4FE1,20449
侵,148,4FB5,20405
侯,149,4FAF,20399
便,150,4FBF,20415
俠,151,4FE0,20448
俑,152,4FD1,20433
俏,153,4FCF,20431
保,154,4FDD,20445
促,155,4FC3,20419
侶,156,4FB6,20406
俚,157,4FDA,20442
俘,158,4FD8,20440
俟,159,4FDF,20447
俊,160,4FCA,20426
俗,161,4FD7,20439
侮,162,4FAE,20398
俐,163,4FD0,20432
俄,164,4FC4,20420
係,165,4FC2,20418
俎,166,4FCE,20430
俞,167,4FDE,20446
倌,168,500C,20492
倍,169,500D,20493
倣,170,5023,20515
俯,171,4FEF,20463
倦,172,5026,20518
倥,173,5025,20517
俸,174,4FF8,20472
倩,175,5029,20521
倖,176,5016,20502
倆,177,5006,20486
值,178,503C,20540
借,179,501F,20511
倚,180,501A,20506
倒,181,5012,20498
們,182,5011,20497
俺,183,4FFA,20474
倀,184,5000,20480
倔,185,5014,20500
倨,186,5028,20520
俱,187,4FF1,20465
倡,188,5021,20513
個,189,500B,20491
候,190,5019,20505
倘,191,5018,20504
俳,192,4FF3,20467
修,193,4FEE,20462
倭,194,502D,20525
倪,195,502A,20522
俾,196,4FFE,20478
倫,197,502B,20523
倉,198,5009,20489
偽,199,507D,20605
停,200,505C,20572
偏,201,504F,20559
假,202,5047,20551
偃,203,5043,20547
偌,204,504C,20556
做,205,505A,20570
偉,206,5049,20553
健,207,5065,20581
偶,208,5076,20598
偎,209,504E,20558
偕,210,5055,20565
偵,211,5075,20597
側,212,5074,20596
倏,213,500F,20495
偷,214,5077,20599
傢,215,50A2,20642
傍,216,508D,20621
傅,217,5085,20613
備,218,5099,20633
傑,219,5091,20625
傀,220,5080,20608
傖,221,5096,20630
傘,222,5098,20632
傭,223,50AD,20653
債,224,50B5,20661
傲,225,50B2,20658
傳,226,50B3,20659
僅,227,50C5,20677
傾,228,50BE,20670
催,229,50AC,20652
傷,230,50B7,20663
傻,231,50BB,20667
僧,232,50E7,20711
僮,233,50EE,20718
僱,234,50F1,20721
僥,235,50E5,20709
僭,236,50ED,20717
僖,237,50D6,20694
僚,238,50DA,20698
僕,239,50D5,20693
像,240,50CF,20687
僑,241,50D1,20689
億,242,5104,20740
儀,243,5100,20736
僻,244,50FB,20731
僵,245,50F5,20725
價,246,50F9,20729
儂,247,5102,20738
儈,248,5108,20744
儉,249,5109,20745
儐,250,5110,20752
儒,251,5112,20754
儘,252,5118,20760
儔,253,5114,20756
儲,254,5132,20786
優,255,512A,20778
償,256,511F,20767
儡,257,5121,20769
儷,258,5137,20791
儼,259,513C,20796
兀,260,5140,20800
元,261,5143,20803
允,262,5141,20801
兄,263,5144,20804
充,264,5145,20805
光,265,5149,20809
兇,266,5147,20807
兆,267,5146,20806
先,268,5148,20808
克,269,514B,20811
兑,270,5151,20817
免,271,514D,20813
兕,272,5155,20821
兔,273,5154,20820
兒,274,5152,20818
兗,275,5157,20823
兜,276,515C,20828
兢,277,5162,20834
入,278,5165,20837
內,279,5167,20839
全,280,5168,20840
兩,281,5169,20841
八,282,516B,20843
六,283,516D,20845
兮,284,516E,20846
公,285,516C,20844
共,286,5171,20849
兵,287,5175,20853
具,288,5177,20855
其,289,5176,20854
典,290,5178,20856
兼,291,517C,20860
冀,292,5180,20864
冉,293,5189,20873
冊,294,518A,20874
再,295,518D,20877
冒,296,5192,20882
冑,297,5191,20881
冕,298,5195,20885
最,299,6700,26368
冠,300,51A0,20896
冢,301,51A2,20898
冥,302,51A5,20901
冤,303,51A4,20900
冬,304,51AC,20908
冰,305,51B0,20912
冶,306,51B6,20918
冷,307,51B7,20919
冽,308,51BD,20925
凍,309,51CD,20941
凌,310,51CC,20940
准,311,51C6,20934
凋,312,51CB,20939
凜,313,51DC,20956
凝,314,51DD,20957
几,315,51E0,20960
凰,316,51F0,20976
凱,317,51F1,20977
凳,318,51F3,20979
凶,319,51F6,20982
凹,320,51F9,20985
出,321,51FA,20986
凸,322,51F8,20984
函,323,51FD,20989
刀,324,5200,20992
刁,325,5201,20993
刃,326,5203,20995
切,327,5207,20999
分,328,5206,20998
刈,329,5208,21000
刊,330,520A,21002
列,331,5217,21015
刑,332,5211,21009
划,333,5212,21010
刎,334,520E,21006
判,335,5224,21028
別,336,5225,21029
刪,337,522A,21034
利,338,5229,21033
刨,339,5228,21032
刻,340,523B,21051
券,341,5238,21048
刷,342,5237,21047
刺,343,523A,21050
到,344,5230,21040
刮,345,522E,21038
制,346,5236,21046
剁,347,5241,21057
剃,348,5243,21059
前,349,524D,21069
剌,350,524C,21068
剋,351,524B,21067
則,352,5247,21063
削,353,524A,21066
剎,354,524E,21070
剖,355,5256,21078
剜,356,525C,21084
剔,357,5254,21076
剛,358,525B,21083
剝,359,525D,21085
剪,360,526A,21098
副,361,526F,21103
割,362,5272,21106
剴,363,5274,21108
創,364,5275,21109
剩,365,5269,21097
剷,366,5277,21111
剽,367,527D,21117
剿,368,527F,21119
劃,369,5283,21123
劈,370,5288,21128
劇,371,5287,21127
劉,372,5289,21129
劍,373,528D,21133
劑,374,5291,21137
力,375,529B,21147
加,376,52A0,21152
功,377,529F,21151
劣,378,52A3,21155
劫,379,52AB,21163
助,380,52A9,21161
努,381,52AA,21162
劬,382,52AC,21164
劾,383,52BE,21182
勇,384,52C7,21191
勃,385,52C3,21187
勉,386,52C9,21193
勁,387,52C1,21185
勒,388,52D2,21202
務,389,52D9,21209
勘,390,52D8,21208
動,391,52D5,21205
勞,392,52DE,21214
勛,393,52DB,21211
勝,394,52DD,21213
募,395,52DF,21215
勤,396,52E4,21220
勢,397,52E2,21218
勵,398,52F5,21237
勸,399,52F8,21240
勻,400,52FB,21243
勾,401,52FE,21246
勿,402,52FF,21247
包,403,5305,21253
匆,404,5306,21254
匈,405,5308,21256
匍,406,530D,21261
匐,407,5310,21264
匏,408,530F,21263
匕,409,5315,21269
化,410,5316,21270
北,411,5317,21271
匙,412,5319,21273
匝,413,531D,21277
匡,414,5321,21281
匠,415,5320,21280
匣,416,5323,21283
匪,417,532A,21290
匯,418,532F,21295
匱,419,5331,21297
匹,420,5339,21305
匾,421,533E,21310
匿,422,533F,21311
區,423,5340,21312
十,424,5341,21313
千,425,5343,21315
卅,426,5345,21317
午,427,5348,21320
升,428,5347,21319
半,429,534A,21322
卉,430,5349,21321
仟,431,4EDF,20191
卒,432,5352,21330
協,433,5354,21332
卓,434,5353,21331
卑,435,5351,21329
南,436,5357,21335
博,437,535A,21338
卜,438,535C,21340
卞,439,535E,21342
卡,440,5361,21345
占,441,5360,21344
卦,442,5366,21350
卯,443,536F,21359
卮,444,536E,21358
印,445,5370,21360
危,446,5371,21361
即,447,5373,21363
卵,448,5375,21365
卷,449,5377,21367
卸,450,5378,21368
卹,451,5379,21369
卻,452,537B,21371
卿,453,537F,21375
厄,454,5384,21380
厚,455,539A,21402
原,456,539F,21407
厥,457,53A5,21413
厭,458,53AD,21421
厲,459,53B2,21426
去,460,53BB,21435
參,461,53C3,21443
又,462,53C8,21448
叉,463,53C9,21449
友,464,53CB,21451
反,465,53CD,21453
及,466,53CA,21450
取,467,53D6,21462
叔,468,53D4,21460
受,469,53D7,21463
叛,470,53DB,21467
叟,471,53DF,21471
曼,472,66FC,26364
叢,473,53E2,21474
口,474,53E3,21475
可,475,53EF,21487
古,476,53E4,21476
右,477,53F3,21491
召,478,53EC,21484
叮,479,53EE,21486
叩,480,53E9,21481
叨,481,53E8,21480
叼,482,53FC,21500
司,483,53F8,21496
叵,484,53F5,21493
另,485,53E6,21478
叫,486,53EB,21483
只,487,53EA,21482
史,488,53F2,21490
叱,489,53F1,21489
台,490,53F0,21488
句,491,53E5,21477
叭,492,53ED,21485
吉,493,5409,21513
吏,494,540F,21519
吐,495,5410,21520
吁,496,5401,21505
吋,497,540B,21515
同,498,540C,21516
各,499,5404,21508
向,500,5411,21521
名,501,540D,21517
合,502,5408,21512
吃,503,5403,21507
后,504,540E,21518
吆,505,5406,21510
吒,506,5412,21522
吊,507,540A,21514
吝,508,541D,21533
吭,509,542D,21549
吞,510,541E,21534
吾,511,543E,21566
否,512,5426,21542
呎,513,544E,21582
吧,514,5427,21543
呃,515,5443,21571
君,516,541B,21531
吠,517,5420,21536
吼,518,543C,21564
呀,519,5440,21568
吱,520,5431,21553
呆,521,5446,21574
吳,522,5433,21555
吵,523,5435,21557
吶,524,5436,21558
呈,525,5448,21576
呂,526,5442,21570
吩,527,5429,21545
告,528,544A,21578
吹,529,5439,21561
吻,530,543B,21563
吸,531,5438,21560
吮,532,542E,21550
含,533,542B,21547
吟,534,541F,21535
味,535,5473,21619
呵,536,5475,21621
咖,537,5496,21654
呸,538,5478,21624
咕,539,5495,21653
呢,540,5462,21602
咀,541,5480,21632
呻,542,547B,21627
呷,543,5477,21623
咄,544,5484,21636
咒,545,5492,21650
咆,546,5486,21638
呼,547,547C,21628
咐,548,5490,21648
呱,549,5471,21617
呶,550,5476,21622
和,551,548C,21644
咚,552,549A,21658
周,553,5468,21608
咋,554,548B,21643
命,555,547D,21629
咎,556,548E,21646
咬,557,54AC,21676
哀,558,54C0,21696
咩,559,54A9,21673
咨,560,54A8,21672
咳,561,54B3,21683
咪,562,54AA,21674
哎,563,54CE,21710
哉,564,54C9,21705
咦,565,54A6,21670
哇,566,54C7,21703
哂,567,54C2,21698
哄,568,54C4,21700
咫,569,54AB,21675
咧,570,54A7,21671
咽,571,54BD,21693
品,572,54C1,21697
哈,573,54C8,21704
咯,574,54AF,21679
咱,575,54B1,21681
咻,576,54BB,21691
咸,577,54B8,21688
唐,578,5510,21776
唁,579,5501,21761
哼,580,54FC,21756
哥,581,54E5,21733
哲,582,54F2,21746
哺,583,54FA,21754
唔,584,5514,21780
哮,585,54EE,21742
哪,586,54EA,21738
唧,587,5527,21799
哩,588,54E9,21737
哭,589,54ED,21741
員,590,54E1,21729
哨,591,54E8,21736
唆,592,5506,21766
唉,593,5509,21769
哦,594,54E6,21734
唷,595,5537,21815
商,596,5546,21830
啖,597,5556,21846
唳,598,5533,21811
啪,599,556A,21866
啦,600,5566,21862
啄,601,5544,21828
啞,602,555E,21854
啊,603,554A,21834
啜,604,555C,21852
啃,605,5543,21827
唱,606,5531,21809
問,607,554F,21839
唬,608,552C,21804
啡,609,5561,21857
啕,610,5555,21845
唯,611,552F,21807
啤,612,5564,21860
唸,613,5538,21816
售,614,552E,21806
啣,615,5563,21859
啁,616,5541,21825
啥,617,5565,21861
啻,618,557B,21883
喀,619,5580,21888
喧,620,55A7,21927
啼,621,557C,21884
喜,622,559C,21916
喪,623,55AA,21930
喔,624,5594,21908
喇,625,5587,21895
喋,626,558B,21899
喃,627,5583,21891
喳,628,55B3,21939
喱,629,55B1,21937
喝,630,559D,21917
喘,631,5598,21912
喂,632,5582,21890
單,633,55AE,21934
喟,634,559F,21919
喊,635,558A,21898
唾,636,553E,21822
喲,637,55B2,21938
喚,638,559A,21914
喻,639,55BB,21947
喬,640,55AC,21932
啾,641,557E,21886
喉,642,5589,21897
嗟,643,55DF,21983
嗨,644,55E8,21992
嗓,645,55D3,21971
嗦,646,55E6,21990
嗎,647,55CE,21966
嗜,648,55DC,21980
嗇,649,55C7,21959
嗑,650,55D1,21969
嗣,651,55E3,21987
嗤,652,55E4,21988
嗯,653,55EF,21999
嗚,654,55DA,21978
嗡,655,55E1,21985
嗅,656,55C5,21957
嗆,657,55C6,21958
嗥,658,55E5,21989
嗾,659,55FE,22014
嘀,660,5600,22016
嘛,661,561B,22043
嗽,662,55FD,22013
嘔,663,5614,22036
嘉,664,5609,22025
嗷,665,55F7,22007
嘖,666,5616,22038
嘟,667,561F,22047
嘈,668,5608,22024
嘗,669,5617,22039
嘍,670,560D,22029
嘮,671,562E,22062
嘻,672,563B,22075
嘹,673,5639,22073
嘲,674,5632,22066
嘩,675,5629,22057
噎,676,564E,22094
噴,677,5674,22132
嘶,678,5636,22070
嘿,679,563F,22079
嘰,680,5630,22064
噓,681,5653,22099
噗,682,5657,22103
嘴,683,5634,22068
噫,684,566B,22123
噩,685,5669,22121
噤,686,5664,22116
噸,687,5678,22136
噹,688,5679,22137
噪,689,566A,22122
器,690,5668,22120
噥,691,5665,22117
噱,692,5671,22129
噙,693,5659,22105
噯,694,566F,22127
噬,695,566C,22124
噢,696,5662,22114
嘯,697,562F,22063
嚎,698,568E,22158
嚀,699,5680,22144
嚅,700,5685,22149
嚇,701,5687,22151
嚏,702,568F,22159
嚕,703,5695,22165
嚮,704,56AE,22190
嚨,705,56A8,22184
嚥,706,56A5,22181
嚷,707,56B7,22199
嚶,708,56B6,22198
嚴,709,56B4,22196
嚼,710,56BC,22204
囁,711,56C1,22209
囀,712,56C0,22208
囂,713,56C2,22210
囈,714,56C8,22216
囊,715,56CA,22218
囉,716,56C9,22217
囌,717,56CC,22220
囑,718,56D1,22225
四,719,56DB,22235
囚,720,56DA,22234
因,721,56E0,22240
回,722,56DE,22238
困,723,56F0,22256
囤,724,56E4,22244
囱,725,56F1,22257
固,726,56FA,22266
圃,727,5703,22275
圈,728,5708,22280
國,729,570B,22283
圍,730,570D,22285
園,731,5712,22290
圓,732,5713,22291
團,733,5718,22296
圖,734,5716,22294
土,735,571F,22303
地,736,5730,22320
在,737,5728,22312
圭,738,572D,22317
圬,739,572C,22316
圯,740,572F,22319
圳,741,5733,22323
坊,742,574A,22346
坑,743,5751,22353
址,744,5740,22336
坍,745,574D,22349
均,746,5747,22343
坎,747,574E,22350
圾,748,573E,22334
坐,749,5750,22352
坏,750,574F,22351
垃,751,5783,22403
坷,752,5777,22391
坪,753,576A,22378
坩,754,5769,22377
坡,755,5761,22369
坦,756,5766,22374
坤,757,5764,22372
坼,758,577C,22396
垂,759,5782,22402
型,760,578B,22411
垠,761,57A0,22432
垣,762,57A3,22435
垮,763,57AE,22446
垢,764,57A2,22434
城,765,57CE,22478
埔,766,57D4,22484
埋,767,57CB,22475
埃,768,57C3,22467
培,769,57F9,22521
域,770,57DF,22495
堅,771,5805,22533
基,772,57FA,22522
堵,773,5835,22581
執,774,57F7,22519
堂,775,5802,22530
堆,776,5806,22534
埠,777,57E0,22496
報,778,5831,22577
堯,779,582F,22575
堪,780,582A,22570
堰,781,5830,22576
場,782,5834,22580
堤,783,5824,22564
堡,784,5821,22561
塞,785,585E,22622
塑,786,5851,22609
塘,787,5858,22616
塗,788,5857,22615
塚,789,585A,22618
塔,790,5854,22612
填,791,586B,22635
塌,792,584C,22604
塊,793,584A,22602
塢,794,5862,22626
塵,795,5875,22645
塾,796,587E,22654
境,797,5883,22659
墓,798,5893,22675
墊,799,588A,22666
塹,800,5879,22649
墅,801,5885,22661
增,802,589E,22686
墀,803,5880,22656
墳,804,58B3,22707
墜,805,589C,22684
墮,806,58AE,22702
墟,807,589F,22687
壅,808,58C5,22725
壇,809,58C7,22727
壁,810,58C1,22721
墾,811,58BE,22718
壕,812,58D5,22741
壓,813,58D3,22739
壑,814,58D1,22737
壙,815,58D9,22745
壘,816,58D8,22744
壞,817,58DE,22750
壟,818,58DF,22751
壤,819,58E4,22756
壩,820,58E9,22761
士,821,58EB,22763
壬,822,58EC,22764
壯,823,58EF,22767
壹,824,58F9,22777
壺,825,58FA,22778
壽,826,58FD,22781
夏,827,590F,22799
夕,828,5915,22805
外,829,5916,22806
夙,830,5919,22809
多,831,591A,22810
夜,832,591C,22812
夠,833,5920,22816
夥,834,5925,22821
夢,835,5922,22818
夤,836,5924,22820
大,837,5927,22823
太,838,592A,22826
天,839,5929,22825
夫,840,592B,22827
夭,841,592D,22829
央,842,592E,22830
失,843,5931,22833
夷,844,5937,22839
夸,845,5938,22840
夾,846,593E,22846
奉,847,5949,22857
奇,848,5947,22855
奈,849,5948,22856
奔,850,5954,22868
奄,851,5944,22852
奕,852,5955,22869
契,853,5951,22865
奏,854,594F,22863
奎,855,594E,22862
奐,856,5950,22864
套,857,5957,22871
奘,858,5958,22872
奚,859,595A,22874
奢,860,5962,22882
奠,861,5960,22880
奧,862,5967,22887
奪,863,596A,22890
奩,864,5969,22889
奮,865,596E,22894
女,866,5973,22899
奴,867,5974,22900
奶,868,5976,22902
妄,869,5984,22916
奸,870,5978,22904
妃,871,5983,22915
好,872,597D,22909
她,873,5979,22905
如,874,5982,22914
妒,875,5992,22930
妨,876,59A8,22952
妞,877,599E,22942
妣,878,59A3,22947
妍,879,598D,22925
妤,880,59A4,22948
妓,881,5993,22931
妊,882,598A,22922
妝,883,599D,22941
妙,884,5999,22937
妖,885,5996,22934
妥,886,59A5,22949
妾,887,59BE,22974
妻,888,59BB,22971
妹,889,59B9,22969
妮,890,59AE,22958
姑,891,59D1,22993
姐,892,59D0,22992
姍,893,59CD,22989
妯,894,59AF,22959
姒,895,59D2,22994
委,896,59D4,22996
姆,897,59C6,22982
始,898,59CB,22987
姓,899,59D3,22995
姊,900,59CA,22986
妳,901,59B3,22963
姜,902,59DC,23004
姘,903,59D8,23000
姿,904,59FF,23039
姣,905,59E3,23011
姨,906,59E8,23016
娃,907,5A03,23043
姥,908,59E5,23013
姪,909,59EA,23018
姻,910,59FB,23035
姚,911,59DA,23002
姦,912,59E6,23014
威,913,5A01,23041
娑,914,5A11,23057
娘,915,5A18,23064
娣,916,5A23,23075
娜,917,5A1C,23068
娓,918,5A13,23059
姬,919,59EC,23020
娠,920,5A20,23072
娟,921,5A1F,23071
娛,922,5A1B,23067
娌,923,5A0C,23052
娩,924,5A29,23081
娥,925,5A25,23077
婉,926,5A49,23113
婆,927,5A46,23110
婊,928,5A4A,23114
婦,929,5A66,23142
婪,930,5A6A,23146
娶,931,5A36,23094
婀,932,5A40,23104
婁,933,5A41,23105
娼,934,5A3C,23100
婢,935,5A62,23138
婚,936,5A5A,23130
婷,937,5A77,23159
媚,938,5A9A,23194
婿,939,5A7F,23167
媒,940,5A92,23186
媼,941,5ABC,23228
媛,942,5A9B,23195
嫂,943,5AC2,23234
嫁,944,5AC1,23233
嫉,945,5AC9,23241
嫌,946,5ACC,23244
媾,947,5ABE,23230
媽,948,5ABD,23229
媳,949,5AB3,23219
媲,950,5AB2,23218
嫡,951,5AE1,23265
嫩,952,5AE9,23273
嫗,953,5AD7,23255
嫖,954,5AD6,23254
嫣,955,5AE3,23267
嫦,956,5AE6,23270
嫘,957,5AD8,23256
嬉,958,5B09,23305
嫻,959,5AFB,23291
嬋,960,5B0B,23307
嫵,961,5AF5,23285
嬌,962,5B0C,23308
嬴,963,5B34,23348
嬝,964,5B1D,23325
嬪,965,5B2A,23338
嬤,966,5B24,23332
嬰,967,5B30,23344
嬸,968,5B38,23352
孀,969,5B40,23360
子,970,5B50,23376
孑,971,5B51,23377
孓,972,5B53,23379
孔,973,5B54,23380
孕,974,5B55,23381
字,975,5B57,23383
存,976,5B58,23384
孝,977,5B5D,23389
孜,978,5B5C,23388
孚,979,5B5A,23386
孟,980,5B5F,23391
孤,981,5B64,23396
季,982,5B63,23395
孩,983,5B69,23401
孫,984,5B6B,23403
孰,985,5B70,23408
孳,986,5B73,23411
孱,987,5B71,23409
孵,988,5B75,23413
學,989,5B78,23416
孺,990,5B7A,23418
孽,991,5B7D,23421
孿,992,5B7F,23423
它,993,5B83,23427
宂,994,5B82,23426
宇,995,5B87,23431
守,996,5B88,23432
宅,997,5B85,23429
安,998,5B89,23433
完,999,5B8C,23436
宋,1000,5B8B,23435
宏,1001,5B8F,23439
宗,1002,5B97,23447
定,1003,5B9A,23450
官,1004,5B98,23448
宜,1005,5B9C,23452
宙,1006,5B99,23449
宛,1007,5B9B,23451
宣,1008,5BA3,23459
宦,1009,5BA6,23462
室,1010,5BA4,23460
宥,1011,5BA5,23461
客,1012,5BA2,23458
宰,1013,5BB0,23472
家,1014,5BB6,23478
宴,1015,5BB4,23476
宮,1016,5BAE,23470
宵,1017,5BB5,23477
害,1018,5BB3,23475
容,1019,5BB9,23481
密,1020,5BC6,23494
寇,1021,5BC7,23495
寅,1022,5BC5,23493
寄,1023,5BC4,23492
寂,1024,5BC2,23490
宿,1025,5BBF,23487
寒,1026,5BD2,23506
富,1027,5BCC,23500
寓,1028,5BD3,23507
寐,1029,5BD0,23504
寞,1030,5BDE,23518
寧,1031,5BE7,23527
寡,1032,5BE1,23521
寥,1033,5BE5,23525
寨,1034,5BE8,23528
實,1035,5BE6,23526
寢,1036,5BE2,23522
寤,1037,5BE4,23524
察,1038,5BDF,23519
寮,1039,5BEE,23534
寬,1040,5BEC,23532
審,1041,5BE9,23529
寫,1042,5BEB,23531
寵,1043,5BF5,23541
寶,1044,5BF6,23542
寸,1045,5BF8,23544
寺,1046,5BFA,23546
封,1047,5C01,23553
射,1048,5C04,23556
尉,1049,5C09,23561
專,1050,5C08,23560
將,1051,5C07,23559
尊,1052,5C0A,23562
尋,1053,5C0B,23563
對,1054,5C0D,23565
導,1055,5C0E,23566
小,1056,5C0F,23567
少,1057,5C11,23569
尖,1058,5C16,23574
尚,1059,5C1A,23578
尤,1060,5C24,23588
尬,1061,5C2C,23596
就,1062,5C31,23601
尷,1063,5C37,23607
尸,1064,5C38,23608
尺,1065,5C3A,23610
尼,1066,5C3C,23612
局,1067,5C40,23616
屁,1068,5C41,23617
尿,1069,5C3F,23615
尾,1070,5C3E,23614
居,1071,5C45,23621
屆,1072,5C46,23622
屈,1073,5C48,23624
屎,1074,5C4E,23630
屏,1075,5C4F,23631
屍,1076,5C4D,23629
屋,1077,5C4B,23627
展,1078,5C55,23637
屑,1079,5C51,23633
屐,1080,5C50,23632
屠,1081,5C60,23648
屜,1082,5C5C,23644
屢,1083,5C62,23650
層,1084,5C64,23652
履,1085,5C65,23653
屬,1086,5C6C,23660
屯,1087,5C6F,23663
山,1088,5C71,23665
屹,1089,5C79,23673
岐,1090,5C90,23696
岑,1091,5C91,23697
岔,1092,5C94,23700
岌,1093,5C8C,23692
岷,1094,5CB7,23735
岸,1095,5CB8,23736
岩,1096,5CA9,23721
岡,1097,5CA1,23713
岫,1098,5CAB,23723
岱,1099,5CB1,23729
岳,1100,5CB3,23731
峙,1101,5CD9,23769
峽,1102,5CFD,23805
峭,1103,5CED,23789
峻,1104,5CFB,23803
峪,1105,5CEA,23786
峨,1106,5CE8,23784
峯,1107,5CEF,23791
島,1108,5CF6,23798
崇,1109,5D07,23815
崆,1110,5D06,23814
崎,1111,5D0E,23822
崛,1112,5D1B,23835
崖,1113,5D16,23830
崑,1114,5D11,23825
崩,1115,5D29,23849
崢,1116,5D22,23842
崔,1117,5D14,23828
崙,1118,5D19,23833
嵌,1119,5D4C,23884
嵐,1120,5D50,23888
嵩,1121,5D69,23913
嶄,1122,5D84,23940
嶇,1123,5D87,23943
嶝,1124,5D9D,23965
嶼,1125,5DBC,23996
嶺,1126,5DBA,23994
嶽,1127,5DBD,23997
巍,1128,5DCD,24013
巒,1129,5DD2,24018
巔,1130,5DD4,24020
巖,1131,5DD6,24022
川,1132,5DDD,24029
州,1133,5DDE,24030
巢,1134,5DE2,24034
工,1135,5DE5,24037
巨,1136,5DE8,24040
巧,1137,5DE7,24039
左,1138,5DE6,24038
巫,1139,5DEB,24043
差,1140,5DEE,24046
己,1141,5DF1,24049
已,1142,5DF2,24050
巳,1143,5DF3,24051
巴,1144,5DF4,24052
巷,1145,5DF7,24055
巽,1146,5DFD,24061
巾,1147,5DFE,24062
市,1148,5E02,24066
布,1149,5E03,24067
帆,1150,5E06,24070
希,1151,5E0C,24076
帘,1152,5E18,24088
帚,1153,5E1A,24090
帖,1154,5E16,24086
帛,1155,5E1B,24091
帑,1156,5E11,24081
帕,1157,5E15,24085
帝,1158,5E1D,24093
帥,1159,5E25,24101
席,1160,5E2D,24109
師,1161,5E2B,24107
帶,1162,5E36,24118
帳,1163,5E33,24115
常,1164,5E38,24120
帷,1165,5E37,24119
幅,1166,5E45,24133
帽,1167,5E3D,24125
幀,1168,5E40,24128
幌,1169,5E4C,24140
幛,1170,5E5B,24155
幣,1171,5E63,24163
幕,1172,5E55,24149
幗,1173,5E57,24151
幔,1174,5E54,24148
幢,1175,5E62,24162
幟,1176,5E5F,24159
幫,1177,5E6B,24171
干,1178,5E72,24178
平,1179,5E73,24179
并,1180,5E76,24182
年,1181,5E74,24180
幸,1182,5E78,24184
幹,1183,5E79,24185
幺,1184,5E7A,24186
幻,1185,5E7B,24187
幼,1186,5E7C,24188
幽,1187,5E7D,24189
幾,1188,5E7E,24190
序,1189,5E8F,24207
庇,1190,5E87,24199
庚,1191,5E9A,24218
店,1192,5E97,24215
府,1193,5E9C,24220
底,1194,5E95,24213
庖,1195,5E96,24214
庠,1196,5EA0,24224
度,1197,5EA6,24230
庫,1198,5EAB,24235
庭,1199,5EAD,24237
座,1200,5EA7,24231
康,1201,5EB7,24247
庸,1202,5EB8,24248
庶,1203,5EB6,24246
庵,1204,5EB5,24245
庾,1205,5EBE,24254
廊,1206,5ECA,24266
廂,1207,5EC2,24258
廁,1208,5EC1,24257
廉,1209,5EC9,24265
廈,1210,5EC8,24264
廓,1211,5ED3,24275
廖,1212,5ED6,24278
廢,1213,5EE2,24290
廚,1214,5EDA,24282
廟,1215,5EDF,24287
廝,1216,5EDD,24285
廣,1217,5EE3,24291
廠,1218,5EE0,24288
龐,1219,9F90,40848
廬,1220,5EEC,24300
廳,1221,5EF3,24307
廷,1222,5EF7,24311
延,1223,5EF6,24310
建,1224,5EFA,24314
廿,1225,5EFF,24319
弁,1226,5F01,24321
弄,1227,5F04,24324
弈,1228,5F08,24328
弊,1229,5F0A,24330
式,1230,5F0F,24335
弒,1231,5F12,24338
弓,1232,5F13,24339
弔,1233,5F14,24340
引,1234,5F15,24341
弘,1235,5F18,24344
弗,1236,5F17,24343
弛,1237,5F1B,24347
弟,1238,5F1F,24351
弦,1239,5F26,24358
弧,1240,5F27,24359
弩,1241,5F29,24361
弭,1242,5F2D,24365
弱,1243,5F31,24369
張,1244,5F35,24373
強,1245,5F37,24375
弼,1246,5F3C,24380
彆,1247,5F46,24390
彈,1248,5F48,24392
彌,1249,5F4C,24396
彎,1250,5F4E,24398
彗,1251,5F57,24407
彙,1252,5F59,24409
彝,1253,5F5D,24413
形,1254,5F62,24418
彤,1255,5F64,24420
彥,1256,5F65,24421
彬,1257,5F6C,24428
彩,1258,5F69,24425
彫,1259,5F6B,24427
彭,1260,5F6D,24429
彰,1261,5F70,24432
影,1262,5F71,24433
彷,1263,5F77,24439
役,1264,5F79,24441
往,1265,5F80,24448
征,1266,5F81,24449
彿,1267,5F7F,24447
彼,1268,5F7C,24444
很,1269,5F88,24456
待,1270,5F85,24453
律,1271,5F8B,24459
徊,1272,5F8A,24458
徇,1273,5F87,24455
後,1274,5F8C,24460
徒,1275,5F92,24466
徑,1276,5F91,24465
徐,1277,5F90,24464
得,1278,5F97,24471
徙,1279,5F99,24473
徘,1280,5F98,24472
從,1281,5F9E,24478
御,1282,5FA1,24481
復,1283,5FA9,24489
循,1284,5FAA,24490
徨,1285,5FA8,24488
徬,1286,5FAC,24492
微,1287,5FAE,24494
徹,1288,5FB9,24505
德,1289,5FB7,24503
徵,1290,5FB5,24501
徽,1291,5FBD,24509
心,1292,5FC3,24515
必,1293,5FC5,24517
忙,1294,5FD9,24537
忖,1295,5FD6,24534
忘,1296,5FD8,24536
忌,1297,5FCC,24524
志,1298,5FD7,24535
忍,1299,5FCD,24525
忱,1300,5FF1,24561
快,1301,5FEB,24555
忝,1302,5FDD,24541
忠,1303,5FE0,24544
忽,1304,5FFD,24573
念,1305,5FF5,24565
忿,1306,5FFF,24575
怔,1307,6014,24596
怯,1308,602F,24623
怵,1309,6035,24629
怖,1310,6016,24598
怪,1311,602A,24618
怏,1312,600F,24591
怕,1313,6015,24597
性,1314,6027,24615
怡,1315,6021,24609
思,1316,601D,24605
怒,1317,6012,24594
怠,1318,6020,24608
急,1319,6025,24613
怎,1320,600E,24590
怨,1321,6028,24616
恨,1322,6068,24680
恢,1323,6062,24674
恆,1324,6046,24646
恃,1325,6043,24643
恬,1326,606C,24684
恍,1327,604D,24653
恫,1328,606B,24683
恰,1329,6070,24688
恪,1330,606A,24682
恤,1331,6064,24676
恙,1332,6059,24665
恣,1333,6063,24675
恥,1334,6065,24677
恐,1335,6050,24656
恭,1336,606D,24685
恩,1337,6069,24681
恕,1338,6055,24661
息,1339,606F,24687
悌,1340,608C,24716
悦,1341,60A6,24742
悟,1342,609F,24735
悖,1343,6096,24726
悚,1344,609A,24730
悍,1345,608D,24717
悄,1346,6084,24708
悔,1347,6094,24724
恿,1348,607F,24703
患,1349,60A3,24739
悉,1350,6089,24713
悠,1351,60A0,24736
您,1352,60A8,24744
惋,1353,60CB,24779
悴,1354,60B4,24756
惦,1355,60E6,24806
悽,1356,60BD,24765
情,1357,60C5,24773
悻,1358,60BB,24763
悵,1359,60B5,24757
惜,1360,60DC,24796
悼,1361,60BC,24764
惘,1362,60D8,24792
惕,1363,60D5,24789
惆,1364,60C6,24774
惟,1365,60DF,24799
悸,1366,60B8,24760
惚,1367,60DA,24794
惑,1368,60D1,24785
惡,1369,60E1,24801
惠,1370,60E0,24800
悶,1371,60B6,24758
悲,1372,60B2,24754
愜,1373,611C,24860
惰,1374,60F0,24816
慨,1375,6168,24936
愣,1376,6123,24867
惺,1377,60FA,24826
愕,1378,6115,24853
惻,1379,60FB,24827
惴,1380,60F4,24820
愠,1381,6120,24864
惱,1382,60F1,24817
愎,1383,610E,24846
惶,1384,60F6,24822
愉,1385,6109,24841
愀,1386,6100,24832
意,1387,610F,24847
想,1388,60F3,24819
惹,1389,60F9,24825
愚,1390,611A,24858
感,1391,611F,24863
愛,1392,611B,24859
愁,1393,6101,24833
愈,1394,6108,24840
慎,1395,614E,24910
慌,1396,614C,24908
慄,1397,6144,24900
愾,1398,613E,24894
愴,1399,6134,24884
愧,1400,6127,24871
慈,1401,6148,24904
愿,1402,613F,24895
慇,1403,6147,24903
態,1404,614B,24907
慷,1405,6177,24951
慳,1406,6173,24947
慚,1407,615A,24922
慢,1408,6162,24930
慣,1409,6163,24931
慟,1410,615F,24927
慘,1411,6158,24920
慶,1412,6176,24950
慧,1413,6167,24935
慝,1414,615D,24925
慕,1415,6155,24917
憂,1416,6182,24962
慰,1417,6170,24944
慮,1418,616E,24942
慼,1419,617C,24956
慫,1420,616B,24939
慾,1421,617E,24958
憧,1422,61A7,24999
憐,1423,6190,24976
憎,1424,618E,24974
憫,1425,61AB,25003
憤,1426,61A4,24996
憬,1427,61AC,25004
憚,1428,619A,24986
憔,1429,6194,24980
憲,1430,61B2,25010
憑,1431,6191,24977
憩,1432,61A9,25001
憊,1433,618A,24970
懍,1434,61CD,25037
憶,1435,61B6,25014
憾,1436,61BE,25022
懂,1437,61C2,25026
懊,1438,61CA,25034
懈,1439,61C8,25032
應,1440,61C9,25033
懇,1441,61C7,25031
懦,1442,61E6,25062
懣,1443,61E3,25059
懲,1444,61F2,25074
懷,1445,61F7,25079
懶,1446,61F6,25078
懵,1447,61F5,25077
懸,1448,61F8,25080
懺,1449,61FA,25082
懼,1450,61FC,25084
懿,1451,61FF,25087
戀,1452,6200,25088
戈,1453,6208,25096
戊,1454,620A,25098
戎,1455,620E,25102
戌,1456,620C,25100
戍,1457,620D,25101
成,1458,6210,25104
戒,1459,6212,25106
我,1460,6211,25105
或,1461,6216,25110
戕,1462,6215,25109
戛,1463,621B,25115
戚,1464,621A,25114
戟,1465,621F,25119
戡,1466,6221,25121
戢,1467,6222,25122
截,1468,622A,25130
戮,1469,622E,25134
戰,1470,6230,25136
戴,1471,6234,25140
戲,1472,6232,25138
戳,1473,6233,25139
户,1474,6237,25143
房,1475,623F,25151
戾,1476,623E,25150
所,1477,6240,25152
扁,1478,6241,25153
扇,1479,6247,25159
扈,1480,6248,25160
扉,1481,6249,25161
才,1482,624D,25165
手,1483,624B,25163
扎,1484,624E,25166
打,1485,6253,25171
扔,1486,6254,25172
扒,1487,6252,25170
扛,1488,625B,25179
扣,1489,6263,25187
托,1490,6258,25176
抗,1491,6297,25239
抖,1492,6296,25238
技,1493,6280,25216
扶,1494,6276,25206
抉,1495,6289,25225
扭,1496,626D,25197
把,1497,628A,25226
扼,1498,627C,25212
找,1499,627E,25214
抒,1500,6292,25234
抄,1501,6284,25220
批,1502,6279,25209
扯,1503,626F,25199
抑,1504,6291,25233
折,1505,6298,25240
扳,1506,6273,25203
扮,1507,626E,25198
投,1508,6295,25237
抓,1509,6293,25235
承,1510,627F,25215
拉,1511,62C9,25289
拌,1512,62CC,25292
拄,1513,62C4,25284
抿,1514,62BF,25279
拂,1515,62C2,25282
抹,1516,62B9,25273
拒,1517,62D2,25298
招,1518,62DB,25307
拓,1519,62D3,25299
拔,1520,62D4,25300
拋,1521,62CB,25291
抨,1522,62A8,25256
拆,1523,62C6,25286
拈,1524,62C8,25288
抽,1525,62BD,25277
押,1526,62BC,25276
拐,1527,62D0,25296
拙,1528,62D9,25305
拇,1529,62C7,25287
披,1530,62AB,25259
拍,1531,62CD,25293
抵,1532,62B5,25269
拚,1533,62DA,25306
抱,1534,62B1,25265
拘,1535,62D8,25304
拖,1536,62D6,25302
拗,1537,62D7,25303
抬,1538,62AC,25260
拜,1539,62DC,25308
挖,1540,6316,25366
按,1541,6309,25353
拼,1542,62FC,25340
挑,1543,6311,25361
拭,1544,62ED,25325
持,1545,6301,25345
拮,1546,62EE,25326
指,1547,6307,25351
拱,1548,62F1,25329
拷,1549,62F7,25335
拯,1550,62EF,25327
拽,1551,62FD,25341
拴,1552,62F4,25332
括,1553,62EC,25324
拾,1554,62FE,25342
拿,1555,62FF,25343
挈,1556,6308,25352
拳,1557,62F3,25331
挾,1558,633E,25406
振,1559,632F,25391
捕,1560,6355,25429
捂,1561,6342,25410
挪,1562,632A,25386
捎,1563,634E,25422
捆,1564,6346,25414
捏,1565,634F,25423
捉,1566,6349,25417
捐,1567,6350,25424
挺,1568,633A,25402
挽,1569,633D,25405
挫,1570,632B,25387
挨,1571,6328,25384
掠,1572,63A0,25504
控,1573,63A7,25511
捲,1574,6372,25458
掖,1575,6396,25494
探,1576,63A2,25506
接,1577,63A5,25509
捩,1578,6369,25449
捷,1579,6377,25463
捧,1580,6367,25447
掘,1581,6398,25496
措,1582,63AA,25514
捱,1583,6371,25457
掩,1584,63A9,25513
掃,1585,6383,25475
掛,1586,639B,25499
捫,1587,636B,25451
掉,1588,6389,25481
排,1589,6392,25490
捨,1590,6368,25448
推,1591,63A8,25512
掄,1592,6384,25476
授,1593,6388,25480
掙,1594,6399,25497
採,1595,63A1,25505
掬,1596,63AC,25516
掏,1597,638F,25487
掀,1598,6380,25472
捻,1599,637B,25467
掌,1600,638C,25484
掣,1601,63A3,25507
揮,1602,63EE,25582
描,1603,63CF,25551
揀,1604,63C0,25536
揉,1605,63C9,25545
揆,1606,63C6,25542
揍,1607,63CD,25549
插,1608,63D2,25554
握,1609,63E1,25569
摒,1610,6452,25682
揩,1611,63E9,25577
揣,1612,63E3,25571
提,1613,63D0,25552
揖,1614,63D6,25558
揭,1615,63ED,25581
揚,1616,63DA,25562
捶,1617,6376,25462
援,1618,63F4,25588
揪,1619,63EA,25578
換,1620,63DB,25563
搜,1621,641C,25628
搾,1622,643E,25662
搞,1623,641E,25630
搪,1624,642A,25642
搓,1625,6413,25619
搭,1626,642D,25645
搽,1627,643D,25661
搏,1628,640F,25615
搔,1629,6414,25620
損,1630,640D,25613
搬,1631,642C,25644
搶,1632,6436,25654
搖,1633,6416,25622
搗,1634,6417,25623
摘,1635,6458,25688
摔,1636,6454,25684
摑,1637,6451,25681
摸,1638,6478,25720
摺,1639,647A,25722
摧,1640,6467,25703
摟,1641,645F,25695
撇,1642,6487,25735
摹,1643,6479,25721
摩,1644,6469,25705
摯,1645,646F,25711
撤,1646,64A4,25764
撞,1647,649E,25758
撈,1648,6488,25736
撰,1649,64B0,25776
撥,1650,64A5,25765
撓,1651,6493,25747
撕,1652,6495,25749
撩,1653,64A9,25769
撒,1654,6492,25746
撐,1655,6490,25744
撲,1656,64B2,25778
撮,1657,64AE,25774
播,1658,64AD,25773
撫,1659,64AB,25771
撚,1660,649A,25754
撬,1661,64AC,25772
擅,1662,64C5,25797
擁,1663,64C1,25793
撻,1664,64BB,25787
擂,1665,64C2,25794
擋,1666,64CB,25803
據,1667,64DA,25818
擄,1668,64C4,25796
擇,1669,64C7,25799
操,1670,64CD,25805
撼,1671,64BC,25788
擔,1672,64D4,25812
擒,1673,64D2,25810
撿,1674,64BF,25791
擊,1675,64CA,25802
擘,1676,64D8,25816
擎,1677,64CE,25806
擠,1678,64E0,25824
擰,1679,64F0,25840
擦,1680,64E6,25830
擬,1681,64EC,25836
擱,1682,64F1,25841
擴,1683,64F4,25844
擲,1684,64F2,25842
擾,1685,64FE,25854
攆,1686,6506,25862
擻,1687,64FB,25851
擺,1688,64FA,25850
攀,1689,6500,25856
攏,1690,650F,25871
攘,1691,6518,25880
攔,1692,6514,25876
攙,1693,6519,25881
攝,1694,651D,25885
攜,1695,651C,25884
攤,1696,6524,25892
攣,1697,6523,25891
攫,1698,652B,25899
攪,1699,652A,25898
攬,1700,652C,25900
支,1701,652F,25903
收,1702,6536,25910
改,1703,6539,25913
攻,1704,653B,25915
放,1705,653E,25918
政,1706,653F,25919
故,1707,6545,25925
效,1708,6548,25928
啟,1709,555F,21855
敖,1710,6556,25942
救,1711,6551,25937
教,1712,6559,25945
敝,1713,655D,25949
敗,1714,6557,25943
敏,1715,654F,25935
敍,1716,654D,25933
敦,1717,6566,25958
敢,1718,6562,25954
散,1719,6563,25955
敞,1720,655E,25950
敬,1721,656C,25964
敲,1722,6572,25970
敵,1723,6575,25973
敷,1724,6577,25975
數,1725,6578,25976
整,1726,6574,25972
斃,1727,6583,25987
斂,1728,6582,25986
文,1729,6587,25991
斑,1730,6591,26001
斐,1731,6590,26000
斗,1732,6597,26007
料,1733,6599,26009
斜,1734,659C,26012
斟,1735,659F,26015
斡,1736,65A1,26017
斤,1737,65A4,26020
斥,1738,65A5,26021
斧,1739,65A7,26023
斫,1740,65AB,26027
斬,1741,65AC,26028
斯,1742,65AF,26031
新,1743,65B0,26032
斷,1744,65B7,26039
方,1745,65B9,26041
於,1746,65BC,26044
施,1747,65BD,26045
旁,1748,65C1,26049
旅,1749,65C5,26053
族,1750,65CF,26063
旋,1751,65CB,26059
旌,1752,65CC,26060
旎,1753,65CE,26062
旗,1754,65D7,26071
旖,1755,65D6,26070
既,1756,65E2,26082
日,1757,65E5,26085
旦,1758,65E6,26086
旨,1759,65E8,26088
早,1760,65E9,26089
旬,1761,65EC,26092
旭,1762,65ED,26093
旱,1763,65F1,26097
旺,1764,65FA,26106
昔,1765,6614,26132
昆,1766,6606,26118
昌,1767,660C,26124
易,1768,6613,26131
昂,1769,6602,26114
明,1770,660E,26126
昏,1771,660F,26127
昇,1772,6607,26119
春,1773,6625,26149
昭,1774,662D,26157
昧,1775,6627,26151
是,1776,662F,26159
映,1777,6620,26144
星,1778,661F,26143
昨,1779,6628,26152
晏,1780,664F,26191
時,1781,6642,26178
晉,1782,6649,26185
晃,1783,6643,26179
晌,1784,664C,26188
晝,1785,665D,26205
晤,1786,6664,26212
晨,1787,6668,26216
晚,1788,665A,26202
晦,1789,6666,26214
普,1790,666E,26222
晰,1791,6670,26224
晴,1792,6674,26228
晶,1793,6676,26230
景,1794,666F,26223
暑,1795,6691,26257
智,1796,667A,26234
暗,1797,6697,26263
暉,1798,6689,26249
暈,1799,6688,26248
暇,1800,6687,26247
暖,1801,6696,26262
暨,1802,66A8,26280
暢,1803,66A2,26274
暮,1804,66AE,26286
暫,1805,66AB,26283
暴,1806,66B4,26292
曆,1807,66C6,26310
曉,1808,66C9,26313
暹,1809,66B9,26297
曙,1810,66D9,26329
曖,1811,66D6,26326
曠,1812,66E0,26336
曝,1813,66DD,26333
曦,1814,66E6,26342
曬,1815,66EC,26348
曰,1816,66F0,26352
曲,1817,66F2,26354
曳,1818,66F3,26355
更,1819,66F4,26356
曷,1820,66F7,26359
書,1821,66F8,26360
曹,1822,66F9,26361
勗,1823,52D7,21207
曾,1824,66FE,26366
替,1825,66FF,26367
會,1826,6703,26371
月,1827,6708,26376
有,1828,6709,26377
服,1829,670D,26381
朋,1830,670B,26379
朔,1831,6714,26388
朕,1832,6715,26389
朗,1833,6717,26391
望,1834,671B,26395
期,1835,671F,26399
朝,1836,671D,26397
朦,1837,6726,26406
朧,1838,6727,26407
木,1839,6728,26408
朮,1840,672E,26414
本,1841,672C,26412
未,1842,672A,26410
末,1843,672B,26411
札,1844,672D,26413
朽,1845,673D,26429
朴,1846,6734,26420
朱,1847,6731,26417
朵,1848,6735,26421
李,1849,674E,26446
材,1850,6750,26448
杆,1851,6746,26438
村,1852,6751,26449
杜,1853,675C,26460
杖,1854,6756,26454
杞,1855,675E,26462
束,1856,675F,26463
杏,1857,674F,26447
杉,1858,6749,26441
杭,1859,676D,26477
枕,1860,6795,26517
杰,1861,6770,26480
杷,1862,6777,26487
枝,1863,679D,26525
林,1864,6797,26519
杯,1865,676F,26479
板,1866,677F,26495
枉,1867,6789,26505
東,1868,6771,26481
果,1869,679C,26524
杳,1870,6773,26483
枇,1871,6787,26503
松,1872,677E,26494
析,1873,6790,26512
杵,1874,6775,26485
枚,1875,679A,26522
柿,1876,67FF,26623
染,1877,67D3,26579
柱,1878,67F1,26609
柔,1879,67D4,26580
某,1880,67D0,26576
架,1881,67B6,26550
枯,1882,67AF,26543
柩,1883,67E9,26601
柯,1884,67EF,26607
柄,1885,67C4,26564
柑,1886,67D1,26577
柬,1887,67EC,26604
柵,1888,67F5,26613
枴,1889,67B4,26548
柚,1890,67DA,26586
查,1891,67E5,26597
枸,1892,67B8,26552
柏,1893,67CF,26575
柳,1894,67F3,26611
枱,1895,67B1,26545
校,1896,6821,26657
核,1897,6838,26680
案,1898,6848,26696
框,1899,6846,26694
桓,1900,6853,26707
根,1901,6839,26681
桂,1902,6842,26690
桔,1903,6854,26708
栩,1904,6829,26665
栗,1905,6817,26647
桑,1906,6851,26705
栽,1907,683D,26685
桌,1908,684C,26700
柴,1909,67F4,26612
桐,1910,6850,26704
桀,1911,6840,26688
格,1912,683C,26684
桃,1913,6843,26691
株,1914,682A,26666
桅,1915,6845,26693
栓,1916,6813,26643
梳,1917,68B3,26803
梁,1918,6881,26753
梯,1919,68AF,26799
梢,1920,68A2,26786
梓,1921,6893,26771
梵,1922,68B5,26805
桶,1923,6876,26742
梧,1924,68A7,26791
梗,1925,6897,26775
械,1926,68B0,26800
桿,1927,687F,26751
梃,1928,6883,26755
梭,1929,68AD,26797
梆,1930,6886,26758
梅,1931,6885,26757
條,1932,689D,26781
梨,1933,68A8,26792
梟,1934,689F,26783
棄,1935,68C4,26820
棺,1936,68FA,26874
棕,1937,68D5,26837
椅,1938,6905,26885
棟,1939,68DF,26847
森,1940,68EE,26862
棧,1941,68E7,26855
棒,1942,68D2,26834
棲,1943,68F2,26866
棣,1944,68E3,26851
棋,1945,68CB,26827
植,1946,690D,26893
棠,1947,68E0,26848
棘,1948,68D8,26840
棗,1949,68D7,26839
棵,1950,68F5,26869
棹,1951,68F9,26873
棍,1952,68CD,26829
椒,1953,6912,26898
椎,1954,690E,26894
棉,1955,68C9,26825
棚,1956,68DA,26842
榔,1957,6994,27028
楚,1958,695A,26970
楠,1959,6960,26976
楔,1960,6954,26964
極,1961,6975,26997
椰,1962,6930,26928
概,1963,6982,27010
業,1964,696D,26989
楷,1965,6977,26999
楊,1966,694A,26954
楨,1967,6968,26984
楫,1968,696B,26987
楞,1969,695E,26974
楓,1970,6953,26963
楹,1971,6979,27001
榆,1972,6986,27014
榜,1973,699C,27036
榨,1974,69A8,27048
榕,1975,6995,27029
槁,1976,69C1,27073
榮,1977,69AE,27054
榷,1978,69B7,27063
槓,1979,69D3,27091
構,1980,69CB,27083
榛,1981,699B,27035
榻,1982,69BB,27067
榴,1983,69B4,27060
槐,1984,69D0,27088
槍,1985,69CD,27085
榭,1986,69AD,27053
槌,1987,69CC,27084
榦,1988,69A6,27046
樑,1989,6A11,27153
樣,1990,6A23,27171
樟,1991,6A1F,27167
槨,1992,69E8,27112
樁,1993,6A01,27137
樞,1994,6A1E,27166
標,1995,6A19,27161
槽,1996,69FD,27133
樊,1997,6A0A,27146
模,1998,6A21,27169
樓,1999,6A13,27155
槳,2000,69F3,27123
樂,2001,6A02,27138
樽,2002,6A3D,27197
橙,2003,6A59,27225
橫,2004,6A6B,27243
橘,2005,6A58,27224
樹,2006,6A39,27193
橄,2007,6A44,27204
橢,2008,6A62,27234
樸,2009,6A38,27192
樺,2010,6A3A,27194
橡,2011,6A61,27233
橋,2012,6A4B,27211
橇,2013,6A47,27207
樵,2014,6A35,27189
機,2015,6A5F,27231
檀,2016,6A80,27264
檔,2017,6A94,27284
檄,2018,6A84,27268
檢,2019,6AA2,27298
檜,2020,6A9C,27292
櫛,2021,6ADB,27355
檳,2022,6AB3,27315
檸,2023,6AB8,27320
櫃,2024,6AC3,27331
檻,2025,6ABB,27323
櫂,2026,6AC2,27330
檬,2027,6AAC,27308
櫥,2028,6AE5,27365
櫝,2029,6ADD,27357
櫚,2030,6ADA,27354
櫓,2031,6AD3,27347
欄,2032,6B04,27396
櫻,2033,6AFB,27387
權,2034,6B0A,27402
欖,2035,6B16,27414
欠,2036,6B20,27424
次,2037,6B21,27425
欣,2038,6B23,27427
欲,2039,6B32,27442
款,2040,6B3E,27454
欺,2041,6B3A,27450
欽,2042,6B3D,27453
歇,2043,6B47,27463
歉,2044,6B49,27465
歌,2045,6B4C,27468
歎,2046,6B4E,27470
歐,2047,6B50,27472
歟,2048,6B5F,27487
歡,2049,6B61,27489
止,2050,6B62,27490
正,2051,6B63,27491
此,2052,6B64,27492
步,2053,6B65,27493
武,2054,6B66,27494
歧,2055,6B67,27495
歪,2056,6B6A,27498
歲,2057,6B72,27506
歷,2058,6B77,27511
歸,2059,6B78,27512
歹,2060,6B79,27513
死,2061,6B7B,27515
歿,2062,6B7F,27519
殃,2063,6B83,27523
殆,2064,6B86,27526
殊,2065,6B8A,27530
殉,2066,6B89,27529
殘,2067,6B98,27544
殖,2068,6B96,27542
殤,2069,6BA4,27556
殮,2070,6BAE,27566
殯,2071,6BAF,27567
殲,2072,6BB2,27570
段,2073,6BB5,27573
殷,2074,6BB7,27575
殺,2075,6BBA,27578
殼,2076,6BBC,27580
毀,2077,6BC0,27584
殿,2078,6BBF,27583
毅,2079,6BC5,27589
毆,2080,6BC6,27590
毋,2081,6BCB,27595
母,2082,6BCD,27597
每,2083,6BCF,27599
毒,2084,6BD2,27602
毓,2085,6BD3,27603
比,2086,6BD4,27604
毗,2087,6BD7,27607
毛,2088,6BDB,27611
毫,2089,6BEB,27627
毯,2090,6BEF,27631
毽,2091,6BFD,27645
氈,2092,6C08,27656
氏,2093,6C0F,27663
民,2094,6C11,27665
氐,2095,6C10,27664
氓,2096,6C13,27667
氖,2097,6C16,27670
氛,2098,6C1B,27675
氟,2099,6C1F,27679
氣,2100,6C23,27683
氧,2101,6C27,27687
氨,2102,6C28,27688
氦,2103,6C26,27686
氤,2104,6C24,27684
氫,2105,6C2B,27691
氮,2106,6C2E,27694
氯,2107,6C2F,27695
氲,2108,6C32,27698
水,2109,6C34,27700
永,2110,6C38,27704
汁,2111,6C41,27713
汀,2112,6C40,27712
氾,2113,6C3E,27710
求,2114,6C42,27714
汗,2115,6C57,27735
污,2116,6C61,27745
江,2117,6C5F,27743
池,2118,6C60,27744
汐,2119,6C50,27728
汕,2120,6C55,27733
汝,2121,6C5D,27741
汞,2122,6C5E,27742
沁,2123,6C81,27777
沈,2124,6C88,27784
沅,2125,6C85,27781
沛,2126,6C9B,27803
汪,2127,6C6A,27754
決,2128,6C7A,27770
沐,2129,6C90,27792
汰,2130,6C70,27760
沌,2131,6C8C,27788
沙,2132,6C99,27801
汨,2133,6C68,27752
沖,2134,6C96,27798
沒,2135,6C92,27794
汽,2136,6C7D,27773
沃,2137,6C83,27779
汲,2138,6C72,27762
汾,2139,6C7E,27774
沉,2140,6C89,27785
泣,2141,6CE3,27875
注,2142,6CE8,27880
泳,2143,6CF3,27891
沱,2144,6CB1,27825
泌,2145,6CCC,27852
泥,2146,6CE5,27877
河,2147,6CB3,27827
沽,2148,6CBD,27837
泄,2149,6CC4,27844
沼,2150,6CBC,27836
沫,2151,6CAB,27819
法,2152,6CD5,27861
泓,2153,6CD3,27859
沸,2154,6CB8,27832
泱,2155,6CF1,27889
沾,2156,6CBE,27838
油,2157,6CB9,27833
況,2158,6CC1,27841
沮,2159,6CAE,27822
泗,2160,6CD7,27863
泅,2161,6CC5,27845
泊,2162,6CCA,27850
波,2163,6CE2,27874
沿,2164,6CBF,27839
治,2165,6CBB,27835
泡,2166,6CE1,27873
泛,2167,6CDB,27867
泉,2168,6CC9,27849
泰,2169,6CF0,27888
洛,2170,6D1B,27931
洋,2171,6D0B,27915
洲,2172,6D32,27954
洪,2173,6D2A,27946
津,2174,6D25,27941
洱,2175,6D31,27953
洞,2176,6D1E,27934
洗,2177,6D17,27927
活,2178,6D3B,27963
洽,2179,6D3D,27965
派,2180,6D3E,27966
洶,2181,6D36,27958
涌,2182,6D8C,28044
流,2183,6D41,27969
浪,2184,6D6A,28010
涕,2185,6D95,28053
涇,2186,6D87,28039
浦,2187,6D66,28006
浸,2188,6D78,28024
浙,2189,6D59,27993
消,2190,6D88,28040
涓,2191,6D93,28051
浬,2192,6D6C,28012
涉,2193,6D89,28041
海,2194,6D77,28023
浮,2195,6D6E,28014
浚,2196,6D5A,27994
浴,2197,6D74,28020
浩,2198,6D69,28009
涎,2199,6D8E,28046
涼,2200,6DBC,28092
淳,2201,6DF3,28147
淙,2202,6DD9,28121
液,2203,6DB2,28082
淡,2204,6DE1,28129
淤,2205,6DE4,28132
淚,2206,6DDA,28122
深,2207,6DF1,28145
淺,2208,6DFA,28154
清,2209,6E05,28165
淇,2210,6DC7,28103
淋,2211,6DCB,28107
涯,2212,6DAF,28079
涮,2213,6DAE,28078
淞,2214,6DDE,28126
淹,2215,6DF9,28153
淅,2216,6DC5,28101
淒,2217,6DD2,28114
渚,2218,6E1A,28186
涵,2219,6DB5,28085
添,2220,6DFB,28155
淌,2221,6DCC,28108
淑,2222,6DD1,28113
涸,2223,6DB8,28088
混,2224,6DF7,28151
淫,2225,6DEB,28139
淘,2226,6DD8,28120
淪,2227,6DEA,28138
淮,2228,6DEE,28142
淨,2229,6DE8,28136
淆,2230,6DC6,28102
淄,2231,6DC4,28100
淵,2232,6DF5,28149
游,2233,6E38,28216
湔,2234,6E54,28244
渡,2235,6E21,28193
渲,2236,6E32,28210
渾,2237,6E3E,28222
港,2238,6E2F,28207
湧,2239,6E67,28263
湊,2240,6E4A,28234
渠,2241,6E20,28192
渥,2242,6E25,28197
渣,2243,6E23,28195
湛,2244,6E5B,28251
湘,2245,6E58,28248
渤,2246,6E24,28196
湖,2247,6E56,28246
湮,2248,6E6E,28270
溉,2249,6E89,28297
渭,2250,6E2D,28205
渦,2251,6E26,28198
湯,2252,6E6F,28271
渴,2253,6E34,28212
湍,2254,6E4D,28237
渺,2255,6E3A,28218
測,2256,6E2C,28204
減,2257,6E1B,28187
湃,2258,6E43,28227
渝,2259,6E1D,28189
渙,2260,6E19,28185
温,2261,6E29,28201
溯,2262,6EAF,28335
滓,2263,6ED3,28371
溶,2264,6EB6,28342
滂,2265,6EC2,28354
溢,2266,6EA2,28322
源,2267,6E90,28304
溝,2268,6E9D,28317
滇,2269,6EC7,28359
滅,2270,6EC5,28357
溥,2271,6EA5,28325
溘,2272,6E98,28312
溺,2273,6EBA,28346
滋,2274,6ECB,28363
滑,2275,6ED1,28369
準,2276,6E96,28310
溜,2277,6E9C,28316
滄,2278,6EC4,28356
滔,2279,6ED4,28372
溪,2280,6EAA,28330
漳,2281,6F33,28467
演,2282,6F14,28436
滾,2283,6EFE,28414
漓,2284,6F13,28435
滴,2285,6EF4,28404
漩,2286,6F29,28457
漾,2287,6F3E,28478
滬,2288,6EEC,28396
漬,2289,6F2C,28460
漏,2290,6F0F,28431
漂,2291,6F02,28418
漢,2292,6F22,28450
滿,2293,6EFF,28415
滯,2294,6EEF,28399
漆,2295,6F06,28422
漱,2296,6F31,28465
漸,2297,6F38,28472
漲,2298,6F32,28466
漣,2299,6F23,28451
漕,2300,6F15,28437
漠,2301,6F20,28448
漫,2302,6F2B,28459
滌,2303,6ECC,28364
漪,2304,6F2A,28458
漁,2305,6F01,28417
滲,2306,6EF2,28402
漿,2307,6F3F,28479
澈,2308,6F88,28552
潼,2309,6F7C,28540
澄,2310,6F84,28548
潑,2311,6F51,28497
潦,2312,6F66,28518
潔,2313,6F54,28500
澆,2314,6F86,28550
潭,2315,6F6D,28525
潛,2316,6F5B,28507
潸,2317,6F78,28536
潮,2318,6F6E,28526
澎,2319,6F8E,28558
潺,2320,6F7A,28538
潤,2321,6F64,28516
澗,2322,6F97,28567
潰,2323,6F70,28528
潘,2324,6F58,28504
濂,2325,6FC2,28610
澱,2326,6FB1,28593
澡,2327,6FA1,28577
濃,2328,6FC3,28611
澤,2329,6FA4,28580
濁,2330,6FC1,28609
澧,2331,6FA7,28583
澳,2332,6FB3,28595
激,2333,6FC0,28608
澹,2334,6FB9,28601
濕,2335,6FD5,28629
濘,2336,6FD8,28632
濱,2337,6FF1,28657
濟,2338,6FDF,28639
濠,2339,6FE0,28640
濤,2340,6FE4,28644
濫,2341,6FEB,28651
濯,2342,6FEF,28655
澀,2343,6F80,28544
濡,2344,6FE1,28641
濛,2345,6FDB,28635
濬,2346,6FEC,28652
瀉,2347,7009,28681
瀋,2348,700B,28683
瀆,2349,7006,28678
濾,2350,6FFE,28670
濺,2351,6FFA,28666
瀑,2352,7011,28689
瀏,2353,700F,28687
瀛,2354,701B,28699
瀨,2355,7028,28712
瀚,2356,701A,28698
瀝,2357,701D,28701
瀕,2358,7015,28693
瀾,2359,703E,28734
瀰,2360,7030,28720
瀟,2361,701F,28703
灌,2362,704C,28748
灑,2363,7051,28753
灘,2364,7058,28760
灣,2365,7063,28771
火,2366,706B,28779
灰,2367,7070,28784
灶,2368,7076,28790
灼,2369,707C,28796
災,2370,707D,28797
灸,2371,7078,28792
炕,2372,7095,28821
炎,2373,708E,28814
炒,2374,7092,28818
炊,2375,708A,28810
炙,2376,7099,28825
炫,2377,70AB,28843
為,2378,70BA,28858
炳,2379,70B3,28851
炬,2380,70AC,28844
炯,2381,70AF,28847
炭,2382,70AD,28845
炸,2383,70B8,28856
炮,2384,70AE,28846
烊,2385,70CA,28874
烘,2386,70D8,28888
烤,2387,70E4,28900
烈,2388,70C8,28872
烙,2389,70D9,28889
烏,2390,70CF,28879
烹,2391,70F9,28921
焊,2392,710A,28938
焉,2393,7109,28937
烽,2394,70FD,28925
焙,2395,7119,28953
焚,2396,711A,28954
煮,2397,716E,29038
焦,2398,7126,28966
焰,2399,7130,28976
無,2400,7121,28961
然,2401,7136,28982
煎,2402,714E,29006
煙,2403,7159,29017
煩,2404,7169,29033
煤,2405,7164,29028
煉,2406,7149,29001
照,2407,7167,29031
煜,2408,715C,29020
煬,2409,716C,29036
煨,2410,7168,29032
煦,2411,7166,29030
煌,2412,714C,29004
煥,2413,7165,29029
煞,2414,715E,29022
熔,2415,7194,29076
煽,2416,717D,29053
熙,2417,7199,29081
熊,2418,718A,29066
熄,2419,7184,29060
熟,2420,719F,29087
熬,2421,71AC,29100
熱,2422,71B1,29105
熨,2423,71A8,29096
熾,2424,71BE,29118
燉,2425,71C9,29129
燐,2426,71D0,29136
燙,2427,71D9,29145
燒,2428,71D2,29138
燈,2429,71C8,29128
燕,2430,71D5,29141
熹,2431,71B9,29113
燎,2432,71CE,29134
燜,2433,71DC,29148
燃,2434,71C3,29123
燄,2435,71C4,29124
燧,2436,71E7,29159
營,2437,71DF,29151
燮,2438,71EE,29166
燦,2439,71E6,29158
燥,2440,71E5,29157
燭,2441,71ED,29165
燬,2442,71EC,29164
燴,2443,71F4,29172
燻,2444,71FB,29179
爆,2445,7206,29190
爍,2446,720D,29197
爐,2447,7210,29200
爛,2448,721B,29211
爨,2449,7228,29224
爪,2450,722A,29226
爬,2451,722C,29228
爭,2452,722D,29229
爰,2453,7230,29232
爵,2454,7235,29237
父,2455,7236,29238
爸,2456,7238,29240
爹,2457,7239,29241
爺,2458,723A,29242
爻,2459,723B,29243
爽,2460,723D,29245
爾,2461,723E,29246
牀,2462,7240,29248
牆,2463,7246,29254
片,2464,7247,29255
版,2465,7248,29256
牌,2466,724C,29260
牒,2467,7252,29266
牖,2468,7256,29270
牘,2469,7258,29272
牙,2470,7259,29273
牛,2471,725B,29275
牟,2472,725F,29279
牝,2473,725D,29277
牢,2474,7262,29282
牡,2475,7261,29281
牠,2476,7260,29280
牧,2477,7267,29287
物,2478,7269,29289
牲,2479,7272,29298
牯,2480,726F,29295
牴,2481,7274,29300
特,2482,7279,29305
牽,2483,727D,29309
犁,2484,7281,29313
犄,2485,7284,29316
犀,2486,7280,29312
犒,2487,7292,29330
犖,2488,7296,29334
犛,2489,729B,29339
犢,2490,72A2,29346
犧,2491,72A7,29351
犬,2492,72AC,29356
犯,2493,72AF,29359
狄,2494,72C4,29380
狂,2495,72C2,29378
狀,2496,72C0,29376
狎,2497,72CE,29390
狙,2498,72D9,29401
狗,2499,72D7,29399
狐,2500,72D0,29392
狩,2501,72E9,29417
狡,2502,72E1,29409
狠,2503,72E0,29408
狼,2504,72FC,29436
狹,2505,72F9,29433
狽,2506,72FD,29437
狸,2507,72F8,29432
狷,2508,72F7,29431
猜,2509,731C,29468
猛,2510,731B,29467
猖,2511,7316,29462
猙,2512,7319,29465
猶,2513,7336,29494
猥,2514,7325,29477
猩,2515,7329,29481
猴,2516,7334,29492
猷,2517,7337,29495
猿,2518,733F,29503
猾,2519,733E,29502
獅,2520,7345,29509
獄,2521,7344,29508
獐,2522,7350,29520
獎,2523,734E,29518
獗,2524,7357,29527
獨,2525,7368,29544
獰,2526,7370,29552
獲,2527,7372,29554
獷,2528,7377,29559
獵,2529,7375,29557
獸,2530,7378,29560
獺,2531,737A,29562
獻,2532,737B,29563
玀,2533,7380,29568
玄,2534,7384,29572
率,2535,7387,29575
王,2536,738B,29579
玉,2537,7389,29577
玖,2538,7396,29590
玟,2539,739F,29599
玩,2540,73A9,29609
玫,2541,73AB,29611
玷,2542,73B7,29623
珊,2543,73CA,29642
玻,2544,73BB,29627
玲,2545,73B2,29618
珍,2546,73CD,29645
珀,2547,73C0,29632
玳,2548,73B3,29619
班,2549,73ED,29677
珮,2550,73EE,29678
珠,2551,73E0,29664
琉,2552,7409,29705
琅,2553,7405,29701
琊,2554,740A,29706
球,2555,7403,29699
理,2556,7406,29702
現,2557,73FE,29694
琺,2558,743A,29754
琪,2559,742A,29738
琳,2560,7433,29747
琢,2561,7422,29730
琵,2562,7435,29749
琶,2563,7436,29750
琥,2564,7425,29733
琴,2565,7434,29748
琦,2566,7426,29734
瑯,2567,746F,29807
瑁,2568,7441,29761
琿,2569,743F,29759
瑚,2570,745A,29786
瑕,2571,7455,29781
瑟,2572,745F,29791
瑞,2573,745E,29790
瑛,2574,745B,29787
瑙,2575,7459,29785
瑜,2576,745C,29788
瑰,2577,7470,29808
瑪,2578,746A,29802
瑣,2579,7463,29795
瑤,2580,7464,29796
瑩,2581,7469,29801
璋,2582,748B,29835
璃,2583,7483,29827
璜,2584,749C,29852
璣,2585,74A3,29859
環,2586,74B0,29872
璦,2587,74A6,29862
璧,2588,74A7,29863
璽,2589,74BD,29885
瓊,2590,74CA,29898
瓏,2591,74CF,29903
瓜,2592,74DC,29916
瓠,2593,74E0,29920
瓢,2594,74E2,29922
瓣,2595,74E3,29923
瓦,2596,74E6,29926
瓶,2597,74F6,29942
瓷,2598,74F7,29943
甄,2599,7504,29956
甌,2600,750C,29964
甕,2601,7515,29973
甘,2602,7518,29976
甚,2603,751A,29978
甜,2604,751C,29980
生,2605,751F,29983
產,2606,7522,29986
甦,2607,7526,29990
甥,2608,7525,29989
用,2609,7528,29992
甩,2610,7529,29993
甬,2611,752C,29996
甫,2612,752B,29995
甭,2613,752D,29997
田,2614,7530,30000
由,2615,7531,30001
甲,2616,7532,30002
申,2617,7533,30003
男,2618,7537,30007
甸,2619,7538,30008
畏,2620,754F,30031
界,2621,754C,30028
畔,2622,7554,30036
畝,2623,755D,30045
畜,2624,755C,30044
畚,2625,755A,30042
留,2626,7559,30041
畦,2627,7566,30054
異,2628,7570,30064
略,2629,7565,30053
畢,2630,7562,30050
畫,2631,756B,30059
番,2632,756A,30058
畸,2633,7578,30072
當,2634,7576,30070
疇,2635,7587,30087
疆,2636,7586,30086
疊,2637,758A,30090
疋,2638,758B,30091
疏,2639,758F,30095
疑,2640,7591,30097
疝,2641,759D,30109
疙,2642,7599,30105
疚,2643,759A,30106
疤,2644,75A4,30116
疫,2645,75AB,30123
疥,2646,75A5,30117
疾,2647,75BE,30142
病,2648,75C5,30149
症,2649,75C7,30151
疳,2650,75B3,30131
疽,2651,75BD,30141
疲,2652,75B2,30130
疼,2653,75BC,30140
疹,2654,75B9,30137
痔,2655,75D4,30164
痕,2656,75D5,30165
疵,2657,75B5,30133
痊,2658,75CA,30154
痛,2659,75DB,30171
痣,2660,75E3,30179
痙,2661,75D9,30169
痘,2662,75D8,30168
痞,2663,75DE,30174
痢,2664,75E2,30178
瘀,2665,7600,30208
痰,2666,75F0,30192
瘁,2667,7601,30209
痳,2668,75F3,30195
痱,2669,75F1,30193
痺,2670,75FA,30202
痿,2671,75FF,30207
痴,2672,75F4,30196
瘧,2673,7627,30247
瘍,2674,760D,30221
瘋,2675,760B,30219
瘓,2676,7613,30227
瘦,2677,7626,30246
瘟,2678,761F,30239
瘩,2679,7629,30249
瘠,2680,7620,30240
瘤,2681,7624,30244
瘡,2682,7621,30241
瘴,2683,7634,30260
瘸,2684,7638,30264
癆,2685,7646,30278
癌,2686,764C,30284
療,2687,7642,30274
癒,2688,7652,30290
癖,2689,7656,30294
癘,2690,7658,30296
癢,2691,7662,30306
癥,2692,7665,30309
癩,2693,7669,30313
癮,2694,766E,30318
癬,2695,766C,30316
癱,2696,7671,30321
癲,2697,7672,30322
癸,2698,7678,30328
登,2699,767B,30331
發,2700,767C,30332
白,2701,767D,30333
百,2702,767E,30334
皂,2703,7682,30338
的,2704,7684,30340
皇,2705,7687,30343
皆,2706,7686,30342
皈,2707,7688,30344
皎,2708,768E,30350
皖,2709,7696,30358
皓,2710,7693,30355
皚,2711,769A,30362
皮,2712,76AE,30382
皰,2713,76B0,30384
皴,2714,76B4,30388
皺,2715,76BA,30394
皿,2716,76BF,30399
盂,2717,76C2,30402
盈,2718,76C8,30408
盃,2719,76C3,30403
盆,2720,76C6,30406
益,2721,76CA,30410
盍,2722,76CD,30413
盎,2723,76CE,30414
盔,2724,76D4,30420
盛,2725,76DB,30427
盒,2726,76D2,30418
盜,2727,76DC,30428
盞,2728,76DE,30430
盟,2729,76DF,30431
盡,2730,76E1,30433
監,2731,76E3,30435
盤,2732,76E4,30436
盧,2733,76E7,30439
盥,2734,76E5,30437
盪,2735,76EA,30442
目,2736,76EE,30446
盯,2737,76EF,30447
盲,2738,76F2,30450
直,2739,76F4,30452
盹,2740,76F9,30457
相,2741,76F8,30456
眉,2742,7709,30473
省,2743,7701,30465
看,2744,770B,30475
盾,2745,76FE,30462
盼,2746,76FC,30460
眩,2747,7729,30505
真,2748,771F,30495
眠,2749,7720,30496
眨,2750,7728,30504
眷,2751,7737,30519
眼,2752,773C,30524
眶,2753,7736,30518
眾,2754,773E,30526
眸,2755,7738,30520
眺,2756,773A,30522
着,2757,7740,30528
睏,2758,774F,30543
睛,2759,775B,30555
睫,2760,776B,30571
睦,2761,7766,30566
睞,2762,775E,30558
睹,2763,7779,30585
督,2764,7763,30563
睬,2765,776C,30572
睜,2766,775C,30556
睥,2767,7765,30565
睨,2768,7768,30568
睽,2769,777D,30589
瞄,2770,7784,30596
睿,2771,777F,30591
睪,2772,776A,30570
睡,2773,7761,30561
瞎,2774,778E,30606
瞇,2775,7787,30599
瞑,2776,7791,30609
瞌,2777,778C,30604
瞞,2778,779E,30622
瞟,2779,779F,30623
瞠,2780,77A0,30624
瞥,2781,77A5,30629
瞳,2782,77B3,30643
瞪,2783,77AA,30634
瞰,2784,77B0,30640
瞭,2785,77AD,30637
瞬,2786,77AC,30636
瞧,2787,77A7,30631
瞽,2788,77BD,30653
瞿,2789,77BF,30655
瞻,2790,77BB,30651
矇,2791,77C7,30663
矓,2792,77D3,30675
矗,2793,77D7,30679
矚,2794,77DA,30682
矛,2795,77DB,30683
矜,2796,77DC,30684
矢,2797,77E2,30690
矣,2798,77E3,30691
知,2799,77E5,30693
矩,2800,77E9,30697
短,2801,77ED,30701
矮,2802,77EE,30702
矯,2803,77EF,30703
石,2804,77F3,30707
矽,2805,77FD,30717
研,2806,7814,30740
砌,2807,780C,30732
砂,2808,7802,30722
砍,2809,780D,30733
砰,2810,7830,30768
砸,2811,7838,30776
砝,2812,781D,30749
砧,2813,7827,30759
破,2814,7834,30772
砥,2815,7825,30757
砭,2816,782D,30765
砲,2817,7832,30770
硃,2818,7843,30787
硫,2819,786B,30827
硬,2820,786C,30828
硝,2821,785D,30813
硯,2822,786F,30831
碎,2823,788E,30862
碰,2824,78B0,30896
碗,2825,7897,30871
碘,2826,7898,30872
碌,2827,788C,30860
碉,2828,7889,30857
硼,2829,787C,30844
碑,2830,7891,30865
碟,2831,789F,30879
碧,2832,78A7,30887
碩,2833,78A9,30889
碳,2834,78B3,30899
磋,2835,78CB,30923
磅,2836,78C5,30917
確,2837,78BA,30906
磁,2838,78C1,30913
磊,2839,78CA,30922
碾,2840,78BE,30910
磕,2841,78D5,30933
碼,2842,78BC,30908
磐,2843,78D0,30928
磨,2844,78E8,30952
磚,2845,78DA,30938
磬,2846,78EC,30956
磷,2847,78F7,30967
磺,2848,78FA,30970
磴,2849,78F4,30964
磯,2850,78EF,30959
礁,2851,7901,30977
礎,2852,790E,30990
礙,2853,7919,31001
礦,2854,7926,31014
礪,2855,792A,31018
礬,2856,792C,31020
礫,2857,792B,31019
示,2858,793A,31034
社,2859,793E,31038
祀,2860,7940,31040
祁,2861,7941,31041
祆,2862,7946,31046
祉,2863,7949,31049
祈,2864,7948,31048
祇,2865,7947,31047
祕,2866,7955,31061
祠,2867,7960,31072
祝,2868,795D,31069
祐,2869,7950,31056
祖,2870,7956,31062
神,2871,795E,31070
祚,2872,795A,31066
祗,2873,7957,31063
祟,2874,795F,31071
祥,2875,7965,31077
票,2876,7968,31080
祭,2877,796D,31085
視,2878,8996,35222
祺,2879,797A,31098
祿,2880,797F,31103
禁,2881,7981,31105
禎,2882,798E,31118
福,2883,798F,31119
禍,2884,798D,31117
禦,2885,79A6,31142
禧,2886,79A7,31143
禪,2887,79AA,31146
禮,2888,79AE,31150
禱,2889,79B1,31153
禹,2890,79B9,31161
萬,2891,842C,33836
禽,2892,79BD,31165
禾,2893,79BE,31166
私,2894,79C1,31169
秀,2895,79C0,31168
禿,2896,79BF,31167
秉,2897,79C9,31177
科,2898,79D1,31185
秒,2899,79D2,31186
秋,2900,79CB,31179
秤,2901,79E4,31204
秣,2902,79E3,31203
秦,2903,79E6,31206
秧,2904,79E7,31207
租,2905,79DF,31199
秩,2906,79E9,31209
移,2907,79FB,31227
税,2908,7A0E,31246
稍,2909,7A0D,31245
稈,2910,7A08,31240
程,2911,7A0B,31243
稀,2912,7A00,31232
稜,2913,7A1C,31260
稟,2914,7A1F,31263
稚,2915,7A1A,31258
稠,2916,7A20,31264
稔,2917,7A14,31252
種,2918,7A2E,31278
稱,2919,7A31,31281
稿,2920,7A3F,31295
稼,2921,7A3C,31292
穀,2922,7A40,31296
稽,2923,7A3D,31293
稷,2924,7A37,31287
稻,2925,7A3B,31291
積,2926,7A4D,31309
穎,2927,7A4E,31310
穆,2928,7A46,31302
穌,2929,7A4C,31308
穗,2930,7A57,31319
穡,2931,7A61,31329
穢,2932,7A62,31330
穫,2933,7A6B,31339
穩,2934,7A69,31337
穴,2935,7A74,31348
究,2936,7A76,31350
空,2937,7A7A,31354
穹,2938,7A79,31353
穿,2939,7A7F,31359
突,2940,7A81,31361
窄,2941,7A84,31364
窈,2942,7A88,31368
窒,2943,7A92,31378
窕,2944,7A95,31381
窘,2945,7A98,31384
窗,2946,7A97,31383
窖,2947,7A96,31382
窟,2948,7A9F,31391
窠,2949,7AA0,31392
窪,2950,7AAA,31402
窩,2951,7AA9,31401
窯,2952,7AAF,31407
窮,2953,7AAE,31406
窺,2954,7ABA,31418
竄,2955,7AC4,31428
竅,2956,7AC5,31429
竇,2957,7AC7,31431
竊,2958,7ACA,31434
立,2959,7ACB,31435
站,2960,7AD9,31449
童,2961,7AE5,31461
竣,2962,7AE3,31459
竭,2963,7AED,31469
端,2964,7AEF,31471
競,2965,7AF6,31478
竹,2966,7AF9,31481
竺,2967,7AFA,31482
竿,2968,7AFF,31487
竽,2969,7AFD,31485
笆,2970,7B06,31494
笑,2971,7B11,31505
笠,2972,7B20,31520
笨,2973,7B28,31528
第,2974,7B2C,31532
笛,2975,7B1B,31515
符,2976,7B26,31526
笙,2977,7B19,31513
笞,2978,7B1E,31518
等,2979,7B49,31561
策,2980,7B56,31574
筆,2981,7B46,31558
筐,2982,7B50,31568
筒,2983,7B52,31570
答,2984,7B54,31572
筍,2985,7B4D,31565
筋,2986,7B4B,31563
筏,2987,7B4F,31567
筷,2988,7B77,31607
節,2989,7BC0,31680
筠,2990,7B60,31584
管,2991,7BA1,31649
箔,2992,7B94,31636
箕,2993,7B95,31637
箋,2994,7B8B,31627
筵,2995,7B75,31605
箝,2996,7B9D,31645
算,2997,7B97,31639
箏,2998,7B8F,31631
箭,2999,7BAD,31661
篇,3000,7BC7,31687
箱,3001,7BB1,31665
範,3002,7BC4,31684
箴,3003,7BB4,31668
篆,3004,7BC6,31686
篁,3005,7BC1,31681
篙,3006,7BD9,31705
築,3007,7BC9,31689
篤,3008,7BE4,31716
篡,3009,7BE1,31713
篩,3010,7BE9,31721
簇,3011,7C07,31751
簍,3012,7C0D,31757
篾,3013,7BFE,31742
篷,3014,7BF7,31735
簧,3015,7C27,31783
簪,3016,7C2A,31786
簡,3017,7C21,31777
簞,3018,7C1E,31774
簣,3019,7C23,31779
簾,3020,7C3E,31806
簿,3021,7C3F,31807
簸,3022,7C38,31800
簽,3023,7C3D,31805
簷,3024,7C37,31799
簫,3025,7C2B,31787
籃,3026,7C43,31811
籌,3027,7C4C,31820
籍,3028,7C4D,31821
籟,3029,7C5F,31839
籠,3030,7C60,31840
籤,3031,7C64,31844
籬,3032,7C6C,31852
籮,3033,7C6E,31854
籲,3034,7C72,31858
米,3035,7C73,31859
粉,3036,7C89,31881
粒,3037,7C92,31890
粗,3038,7C97,31895
粕,3039,7C95,31893
粟,3040,7C9F,31903
粥,3041,7CA5,31909
粱,3042,7CB1,31921
粳,3043,7CB3,31923
粵,3044,7CB5,31925
粹,3045,7CB9,31929
粽,3046,7CBD,31933
精,3047,7CBE,31934
糊,3048,7CCA,31946
糕,3049,7CD5,31957
糖,3050,7CD6,31958
糠,3051,7CE0,31968
糜,3052,7CDC,31964
糟,3053,7CDF,31967
糞,3054,7CDE,31966
糢,3055,7CE2,31970
糙,3056,7CD9,31961
糧,3057,7CE7,31975
糯,3058,7CEF,31983
系,3059,7CFB,31995
糾,3060,7CFE,31998
紂,3061,7D02,32002
紅,3062,7D05,32005
紀,3063,7D00,32000
紉,3064,7D09,32009
紇,3065,7D07,32007
約,3066,7D04,32004
紡,3067,7D21,32033
紊,3068,7D0A,32010
紋,3069,7D0B,32011
素,3070,7D20,32032
索,3071,7D22,32034
純,3072,7D14,32020
紐,3073,7D10,32016
紕,3074,7D15,32021
紜,3075,7D1C,32028
紗,3076,7D17,32023
納,3077,7D0D,32013
級,3078,7D1A,32026
紙,3079,7D19,32025
紛,3080,7D1B,32027
絆,3081,7D46,32070
絃,3082,7D43,32067
紮,3083,7D2E,32046
紹,3084,7D39,32057
紼,3085,7D3C,32060
絀,3086,7D40,32064
細,3087,7D30,32048
紳,3088,7D33,32051
組,3089,7D44,32068
累,3090,7D2F,32047
終,3091,7D42,32066
統,3092,7D71,32113
絞,3093,7D5E,32094
結,3094,7D50,32080
絨,3095,7D68,32104
絕,3096,7D55,32085
紫,3097,7D2B,32043
絮,3098,7D6E,32110
絲,3099,7D72,32114
絡,3100,7D61,32097
給,3101,7D66,32102
絢,3102,7D62,32098
經,3103,7D93,32147
絹,3104,7D79,32121
綑,3105,7D91,32145
綁,3106,7D81,32129
綏,3107,7D8F,32143
綻,3108,7DBB,32187
綰,3109,7DB0,32176
綜,3110,7D9C,32156
綾,3111,7DBE,32190
綴,3112,7DB4,32180
綺,3113,7DBA,32186
緒,3114,7DD2,32210
綽,3115,7DBD,32189
網,3116,7DB2,32178
綱,3117,7DB1,32177
緊,3118,7DCA,32202
綠,3119,7DA0,32160
綢,3120,7DA2,32162
綿,3121,7DBF,32191
綵,3122,7DB5,32181
綸,3123,7DB8,32184
維,3124,7DAD,32173
緇,3125,7DC7,32199
締,3126,7DE0,32224
編,3127,7DE8,32232
練,3128,7DF4,32244
緯,3129,7DEF,32239
緻,3130,7DFB,32251
緬,3131,7DEC,32236
緝,3132,7DDD,32221
緘,3133,7DD8,32216
緣,3134,7DE3,32227
線,3135,7DDA,32218
緞,3136,7DDE,32222
緩,3137,7DE9,32233
綞,3138,7D9E,32158
縊,3139,7E0A,32266
縑,3140,7E11,32273
縈,3141,7E08,32264
縛,3142,7E1B,32283
縣,3143,7E23,32291
縮,3144,7E2E,32302
績,3145,7E3E,32318
繆,3146,7E46,32326
縷,3147,7E37,32311
縲,3148,7E32,32306
繃,3149,7E43,32323
縫,3150,7E2B,32299
總,3151,7E3D,32317
縱,3152,7E31,32305
繅,3153,7E45,32325
繁,3154,7E41,32321
織,3155,7E54,32340
繕,3156,7E55,32341
繞,3157,7E5E,32350
繚,3158,7E5A,32346
繫,3159,7E6B,32363
繭,3160,7E6D,32365
繹,3161,7E79,32377
繩,3162,7E69,32361
繪,3163,7E6A,32362
繳,3164,7E73,32371
繡,3165,7E61,32353
繽,3166,7E7D,32381
辮,3167,8FAE,36782
繼,3168,7E7C,32380
纂,3169,7E82,32386
纏,3170,7E8F,32399
續,3171,7E8C,32396
纓,3172,7E93,32403
纖,3173,7E96,32406
纜,3174,7E9C,32412
缶,3175,7F36,32566
缸,3176,7F38,32568
缺,3177,7F3A,32570
缽,3178,7F3D,32573
罄,3179,7F44,32580
罈,3180,7F48,32584
罐,3181,7F50,32592
罕,3182,7F55,32597
罔,3183,7F54,32596
罟,3184,7F5F,32607
置,3185,7F6E,32622
署,3186,7F72,32626
罩,3187,7F69,32617
罪,3188,7F6A,32618
罰,3189,7F70,32624
罵,3190,7F75,32629
罷,3191,7F77,32631
罹,3192,7F79,32633
羅,3193,7F85,32645
羈,3194,7F88,32648
羊,3195,7F8A,32650
羌,3196,7F8C,32652
美,3197,7F8E,32654
羔,3198,7F94,32660
羞,3199,7F9E,32670
羚,3200,7F9A,32666
善,3201,5584,21892
羨,3202,7FA8,32680
羣,3203,7FA3,32675
義,3204,7FA9,32681
羯,3205,7FAF,32687
羲,3206,7FB2,32690
羶,3207,7FB6,32694
羹,3208,7FB9,32697
羸,3209,7FB8,32696
羽,3210,7FBD,32701
羿,3211,7FBF,32703
翅,3212,7FC5,32709
翁,3213,7FC1,32705
翌,3214,7FCC,32716
翎,3215,7FCE,32718
習,3216,7FD2,32722
翔,3217,7FD4,32724
翕,3218,7FD5,32725
翠,3219,7FE0,32736
翡,3220,7FE1,32737
翟,3221,7FDF,32735
翩,3222,7FE9,32745
翰,3223,7FF0,32752
翱,3224,7FF1,32753
翳,3225,7FF3,32755
翼,3226,7FFC,32764
翹,3227,7FF9,32761
翻,3228,7FFB,32763
耀,3229,8000,32768
老,3230,8001,32769
考,3231,8003,32771
者,3232,8005,32773
耆,3233,8006,32774
而,3234,800C,32780
耐,3235,8010,32784
耍,3236,800D,32781
耒,3237,8012,32786
耘,3238,8018,32792
耕,3239,8015,32789
耙,3240,8019,32793
耗,3241,8017,32791
耜,3242,801C,32796
耳,3243,8033,32819
耶,3244,8036,32822
耽,3245,803D,32829
耿,3246,803F,32831
聊,3247,804A,32842
聆,3248,8046,32838
聖,3249,8056,32854
聘,3250,8058,32856
聞,3251,805E,32862
聚,3252,805A,32858
聱,3253,8071,32881
聲,3254,8072,32882
聰,3255,8070,32880
聯,3256,806F,32879
聳,3257,8073,32883
職,3258,8077,32887
聶,3259,8076,32886
聽,3260,807D,32893
聾,3261,807E,32894
聿,3262,807F,32895
肆,3263,8086,32902
肄,3264,8084,32900
肅,3265,8085,32901
肇,3266,8087,32903
肉,3267,8089,32905
肋,3268,808B,32907
肌,3269,808C,32908
肓,3270,8093,32915
肖,3271,8096,32918
肝,3272,809D,32925
肘,3273,8098,32920
肛,3274,809B,32923
肚,3275,809A,32922
育,3276,80B2,32946
肩,3277,80A9,32937
肪,3278,80AA,32938
肺,3279,80BA,32954
肥,3280,80A5,32933
肢,3281,80A2,32930
肱,3282,80B1,32945
股,3283,80A1,32929
肫,3284,80AB,32939
肴,3285,80B4,32948
肯,3286,80AF,32943
胖,3287,80D6,32982
胥,3288,80E5,32997
胚,3289,80DA,32986
胡,3290,80E1,32993
胃,3291,80C3,32963
背,3292,80CC,32972
胛,3293,80DB,32987
胎,3294,80CE,32974
胞,3295,80DE,32990
胤,3296,80E4,32996
胰,3297,80F0,33008
脅,3298,8105,33029
胱,3299,80F1,33009
脂,3300,8102,33026
胭,3301,80ED,33005
胴,3302,80F4,33012
脆,3303,8106,33030
胸,3304,80F8,33016
胳,3305,80F3,33011
脈,3306,8108,33032
能,3307,80FD,33021
脊,3308,810A,33034
脱,3309,8131,33073
脯,3310,812F,33071
脖,3311,8116,33046
脣,3312,8123,33059
脩,3313,8129,33065
腕,3314,8155,33109
腔,3315,8154,33108
腋,3316,814B,33099
腑,3317,8151,33105
腎,3318,814E,33102
脹,3319,8139,33081
腆,3320,8146,33094
脾,3321,813E,33086
腐,3322,8150,33104
腱,3323,8171,33137
腰,3324,8170,33136
腸,3325,8178,33144
腥,3326,8165,33125
腮,3327,816E,33134
腳,3328,8173,33139
腫,3329,816B,33131
腹,3330,8179,33145
腺,3331,817A,33146
腦,3332,8166,33126
膀,3333,8180,33152
膏,3334,818F,33167
膈,3335,8188,33160
膊,3336,818A,33162
腿,3337,817F,33151
膝,3338,819D,33181
膠,3339,81A0,33184
膛,3340,819B,33179
膜,3341,819C,33180
膚,3342,819A,33178
膳,3343,81B3,33203
膩,3344,81A9,33193
膨,3345,81A8,33192
臆,3346,81C6,33222
臃,3347,81C3,33219
膺,3348,81BA,33210
臂,3349,81C2,33218
臀,3350,81C0,33216
膿,3351,81BF,33215
膽,3352,81BD,33213
臉,3353,81C9,33225
膾,3354,81BE,33214
臍,3355,81CD,33229
臏,3356,81CF,33231
臘,3357,81D8,33240
臚,3358,81DA,33242
臟,3359,81DF,33247
臣,3360,81E3,33251
卧,3361,5367,21351
臧,3362,81E7,33255
臨,3363,81E8,33256
自,3364,81EA,33258
臭,3365,81ED,33261
至,3366,81F3,33267
致,3367,81F4,33268
臻,3368,81FB,33275
臼,3369,81FC,33276
臾,3370,81FE,33278
舀,3371,8200,33280
舂,3372,8202,33282
舅,3373,8205,33285
與,3374,8207,33287
興,3375,8208,33288
舉,3376,8209,33289
舊,3377,820A,33290
舌,3378,820C,33292
舍,3379,820D,33293
舐,3380,8210,33296
舒,3381,8212,33298
舔,3382,8214,33300
舛,3383,821B,33307
舜,3384,821C,33308
舞,3385,821E,33310
舟,3386,821F,33311
舢,3387,8222,33314
航,3388,822A,33322
舫,3389,822B,33323
舨,3390,8228,33320
般,3391,822C,33324
舵,3392,8235,33333
舷,3393,8237,33335
舶,3394,8236,33334
船,3395,8239,33337
艇,3396,8247,33351
艘,3397,8258,33368
艙,3398,8259,33369
艦,3399,8266,33382
艮,3400,826E,33390
良,3401,826F,33391
艱,3402,8271,33393
色,3403,8272,33394
艾,3404,827E,33406
芒,3405,8292,33426
芋,3406,828B,33419
芍,3407,828D,33421
芳,3408,82B3,33459
芝,3409,829D,33437
芙,3410,8299,33433
芭,3411,82AD,33453
芽,3412,82BD,33469
芟,3413,829F,33439
芹,3414,82B9,33465
花,3415,82B1,33457
芬,3416,82AC,33452
芥,3417,82A5,33445
芻,3418,82BB,33467
苧,3419,82E7,33511
范,3420,8303,33539
茅,3421,8305,33541
苣,3422,82E3,33507
苛,3423,82DB,33499
苦,3424,82E6,33510
茄,3425,8304,33540
若,3426,82E5,33509
茂,3427,8302,33538
茉,3428,8309,33545
苒,3429,82D2,33490
苗,3430,82D7,33495
英,3431,82F1,33521
茁,3432,8301,33537
苔,3433,82D4,33492
苑,3434,82D1,33489
苞,3435,82DE,33502
苓,3436,82D3,33491
苟,3437,82DF,33503
茫,3438,832B,33579
荒,3439,8352,33618
荔,3440,8354,33620
荊,3441,834A,33610
茸,3442,8338,33592
茵,3443,8335,33589
茴,3444,8334,33588
草,3445,8349,33609
荏,3446,834F,33615
茹,3447,8339,33593
茶,3448,8336,33590
茗,3449,8317,33559
茲,3450,8332,33586
荀,3451,8340,33600
茱,3452,8331,33585
荃,3453,8343,33603
莎,3454,838E,33678
莞,3455,839E,33694
莘,3456,8398,33688
荸,3457,8378,33656
莢,3458,83A2,33698
莖,3459,8396,33686
莽,3460,83BD,33725
莫,3461,83AB,33707
莒,3462,8392,33682
莊,3463,838A,33674
莓,3464,8393,33683
莉,3465,8389,33673
莠,3466,83A0,33696
荷,3467,8377,33655
荻,3468,837B,33659
荼,3469,837C,33660
菩,3470,83E9,33769
萃,3471,8403,33795
菸,3472,83F8,33784
萍,3473,840D,33805
菠,3474,83E0,33760
菅,3475,83C5,33733
萋,3476,840B,33803
菁,3477,83C1,33729
華,3478,83EF,33775
菱,3479,83F1,33777
著,3480,8457,33879
萊,3481,840A,33802
菰,3482,83F0,33776
萌,3483,840C,33804
菌,3484,83CC,33740
菽,3485,83FD,33789
菲,3486,83F2,33778
菊,3487,83CA,33738
萸,3488,8438,33848
萎,3489,840E,33806
萄,3490,8404,33796
菜,3491,83DC,33756
蒂,3492,8482,33922
葷,3493,8477,33911
落,3494,843D,33853
萱,3495,8431,33841
葵,3496,8475,33909
葦,3497,8466,33894
葫,3498,846B,33899
葉,3499,8449,33865
葬,3500,846C,33900
葛,3501,845B,33883
萼,3502,843C,33852
萵,3503,8435,33845
葱,3504,8471,33905
葡,3505,8461,33889
董,3506,8463,33891
葩,3507,8469,33897
蓑,3508,84D1,34001
蓉,3509,84C9,33993
蒿,3510,84BF,33983
蓆,3511,84C6,33990
蓄,3512,84C4,33988
蒙,3513,8499,33945
蒞,3514,849E,33950
蒲,3515,84B2,33970
蒜,3516,849C,33948
蓋,3517,84CB,33995
蒸,3518,84B8,33976
蓀,3519,84C0,33984
蓓,3520,84D3,34003
蒐,3521,8490,33936
蒼,3522,84BC,33980
蔗,3523,8517,34071
蔽,3524,853D,34109
蔚,3525,851A,34074
蓮,3526,84EE,34030
蔭,3527,852D,34093
蓬,3528,84EC,34028
蔓,3529,8513,34067
蔑,3530,8511,34065
蔣,3531,8523,34083
蔡,3532,8521,34081
蔔,3533,8514,34068
蔬,3534,852C,34092
蕊,3535,854A,34122
蕩,3536,8569,34153
蕙,3537,8559,34137
蕨,3538,8568,34152
蕃,3539,8543,34115
蕉,3540,8549,34121
蕪,3541,856A,34154
薦,3542,85A6,34214
薪,3543,85AA,34218
薄,3544,8584,34180
蕾,3545,857E,34174
薑,3546,8591,34193
薔,3547,8594,34196
薯,3548,85AF,34223
薛,3549,859B,34203
薇,3550,8587,34183
蕭,3551,856D,34157
薩,3552,85A9,34217
藍,3553,85CD,34253
藉,3554,85C9,34249
薰,3555,85B0,34224
藐,3556,85D0,34256
藏,3557,85CF,34255
藩,3558,85E9,34281
藝,3559,85DD,34269
藪,3560,85EA,34282
藕,3561,85D5,34261
藤,3562,85E4,34276
藥,3563,85E5,34277
藴,3564,85F4,34292
藹,3565,85F9,34297
蘑,3566,8611,34321
藻,3567,85FB,34299
蘆,3568,8606,34310
蘋,3569,860B,34315
藺,3570,85FA,34298
蘇,3571,8607,34311
蘭,3572,862D,34349
蘚,3573,861A,34330
蘸,3574,8638,34360
蘿,3575,863F,34367
虎,3576,864E,34382
虐,3577,8650,34384
虔,3578,8654,34388
處,3579,8655,34389
彪,3580,5F6A,24426
虛,3581,865B,34395
虞,3582,865E,34398
虜,3583,865C,34396
號,3584,865F,34399
虧,3585,8667,34407
虫,3586,866B,34411
虱,3587,8671,34417
虯,3588,866F,34415
虹,3589,8679,34425
蚊,3590,868A,34442
蚪,3591,86AA,34474
蚓,3592,8693,34451
蚤,3593,86A4,34468
蚩,3594,86A9,34473
蚌,3595,868C,34444
蚣,3596,86A3,34467
蛇,3597,86C7,34503
蛀,3598,86C0,34496
蚶,3599,86B6,34486
蛋,3600,86CB,34507
蛆,3601,86C6,34502
蚱,3602,86B1,34481
蚯,3603,86AF,34479
蛟,3604,86DF,34527
蛙,3605,86D9,34521
蛭,3606,86ED,34541
蛔,3607,86D4,34516
蛛,3608,86DB,34523
蛤,3609,86E4,34532
蜕,3610,8715,34581
蛹,3611,86F9,34553
蜇,3612,8707,34567
蜃,3613,8703,34563
蜈,3614,8708,34568
蜀,3615,8700,34560
蛾,3616,86FE,34558
蜂,3617,8702,34562
蜓,3618,8713,34579
蜚,3619,871A,34586
蜿,3620,873F,34623
蜜,3621,871C,34588
蜻,3622,873B,34619
蜢,3623,8722,34594
蜥,3624,8725,34597
蜴,3625,8734,34612
蜘,3626,8718,34584
蝕,3627,8755,34645
螂,3628,8782,34690
蝙,3629,8759,34649
蝴,3630,8774,34676
蝶,3631,8776,34678
蝠,3632,8760,34656
蝦,3633,8766,34662
蝨,3634,8768,34664
蝸,3635,8778,34680
蝗,3636,8757,34647
蝌,3637,874C,34636
螃,3638,8783,34691
螟,3639,879F,34719
螢,3640,87A2,34722
螞,3641,879E,34718
融,3642,878D,34701
蟀,3643,87C0,34752
蟑,3644,87D1,34769
螫,3645,87AB,34731
蟒,3646,87D2,34770
蟆,3647,87C6,34758
螳,3648,87B3,34739
螻,3649,87BB,34747
螺,3650,87BA,34746
蟈,3651,87C8,34760
蟋,3652,87CB,34763
蟯,3653,87EF,34799
蟬,3654,87EC,34796
蟲,3655,87F2,34802
蟻,3656,87FB,34811
蠅,3657,8805,34821
蠍,3658,880D,34829
蟹,3659,87F9,34809
蠔,3660,8814,34836
蠕,3661,8815,34837
蠣,3662,8823,34851
蠢,3663,8822,34850
蠡,3664,8821,34849
蠟,3665,881F,34847
蠱,3666,8831,34865
蠶,3667,8836,34870
蠹,3668,8839,34873
蠻,3669,883B,34875
血,3670,8840,34880
行,3671,884C,34892
衍,3672,884D,34893
術,3673,8853,34899
街,3674,8857,34903
衙,3675,8859,34905
衝,3676,885D,34909
衞,3677,885E,34910
衡,3678,8861,34913
衢,3679,8862,34914
衣,3680,8863,34915
初,3681,521D,21021
表,3682,8868,34920
衫,3683,886B,34923
袂,3684,8882,34946
衰,3685,8870,34928
衷,3686,8877,34935
袁,3687,8881,34945
袒,3688,8892,34962
袖,3689,8896,34966
被,3690,88AB,34987
袍,3691,888D,34957
袈,3692,8888,34952
袞,3693,889E,34974
袋,3694,888B,34955
袱,3695,88B1,34993
裁,3696,88C1,35009
裂,3697,88C2,35010
裙,3698,88D9,35033
補,3699,88DC,35036
裕,3700,88D5,35029
裟,3701,88DF,35039
裘,3702,88D8,35032
裔,3703,88D4,35028
裝,3704,88DD,35037
裏,3705,88CF,35023
裊,3706,88CA,35018
褂,3707,8902,35074
褚,3708,891A,35098
裸,3709,88F8,35064
裨,3710,88E8,35048
裳,3711,88F3,35059
裴,3712,88F4,35060
裹,3713,88F9,35065
製,3714,88FD,35069
褐,3715,8910,35088
複,3716,8907,35079
褓,3717,8913,35091
褒,3718,8912,35090
褲,3719,8932,35122
褪,3720,892A,35114
褫,3721,892B,35115
褥,3722,8925,35109
褶,3723,8936,35126
褸,3724,8938,35128
褻,3725,893B,35131
襄,3726,8944,35140
襟,3727,895F,35167
襠,3728,8960,35168
襖,3729,8956,35158
襤,3730,8964,35172
襪,3731,896A,35178
襯,3732,896F,35183
襲,3733,8972,35186
西,3734,897F,35199
要,3735,8981,35201
覃,3736,8983,35203
覆,3737,8986,35206
見,3738,898B,35211
規,3739,898F,35215
覓,3740,8993,35219
親,3741,89AA,35242
覦,3742,89A6,35238
覬,3743,89AC,35244
覲,3744,89B2,35250
覺,3745,89BA,35258
覽,3746,89BD,35261
觀,3747,89C0,35264
角,3748,89D2,35282
解,3749,89E3,35299
觴,3750,89F4,35316
觸,3751,89F8,35320
言,3752,8A00,35328
計,3753,8A08,35336
訂,3754,8A02,35330
訃,3755,8A03,35331
記,3756,8A18,35352
訐,3757,8A10,35344
討,3758,8A0E,35342
訌,3759,8A0C,35340
訕,3760,8A15,35349
訊,3761,8A0A,35338
託,3762,8A17,35351
訓,3763,8A13,35347
訖,3764,8A16,35350
訪,3765,8A2A,35370
訝,3766,8A1D,35357
訣,3767,8A23,35363
訥,3768,8A25,35365
許,3769,8A31,35377
設,3770,8A2D,35373
訟,3771,8A1F,35359
訛,3772,8A1B,35355
註,3773,8A3B,35387
詠,3774,8A60,35424
評,3775,8A55,35413
詞,3776,8A5E,35422
詁,3777,8A41,35393
詔,3778,8A54,35412
詛,3779,8A5B,35419
詐,3780,8A50,35408
詆,3781,8A46,35398
訴,3782,8A34,35380
診,3783,8A3A,35386
詫,3784,8A6B,35435
該,3785,8A72,35442
詳,3786,8A73,35443
試,3787,8A66,35430
詩,3788,8A69,35433
詰,3789,8A70,35440
誇,3790,8A87,35463
詼,3791,8A7C,35452
詣,3792,8A63,35427
誠,3793,8AA0,35488
話,3794,8A71,35441
誅,3795,8A85,35461
詭,3796,8A6D,35437
詢,3797,8A62,35426
詮,3798,8A6E,35438
詬,3799,8A6C,35436
詹,3800,8A79,35449
説,3801,8AAC,35500
誦,3802,8AA6,35494
誌,3803,8A8C,35468
語,3804,8A9E,35486
誣,3805,8AA3,35491
認,3806,8A8D,35469
誡,3807,8AA1,35489
誓,3808,8A93,35475
誤,3809,8AA4,35492
誥,3810,8AA5,35493
誨,3811,8AA8,35496
誘,3812,8A98,35480
誑,3813,8A91,35473
誼,3814,8ABC,35516
諒,3815,8AD2,35538
談,3816,8AC7,35527
諄,3817,8AC4,35524
請,3818,8ACB,35531
諸,3819,8AF8,35576
課,3820,8AB2,35506
誕,3821,8A95,35477
諉,3822,8AC9,35529
諂,3823,8AC2,35522
調,3824,8ABF,35519
誰,3825,8AB0,35504
論,3826,8AD6,35542
諍,3827,8ACD,35533
諦,3828,8AE6,35558
諺,3829,8AFA,35578
諮,3830,8AEE,35566
諱,3831,8AF1,35569
謀,3832,8B00,35584
諜,3833,8ADC,35548
諫,3834,8AEB,35563
諧,3835,8AE7,35559
諾,3836,8AFE,35582
謁,3837,8B01,35585
謂,3838,8B02,35586
諷,3839,8AF7,35575
諭,3840,8AED,35565
謎,3841,8B0E,35598
謗,3842,8B17,35607
謙,3843,8B19,35609
講,3844,8B1B,35611
謊,3845,8B0A,35594
謠,3846,8B20,35616
謝,3847,8B1D,35613
謄,3848,8B04,35588
謨,3849,8B28,35624
謹,3850,8B39,35641
謬,3851,8B2C,35628
譜,3852,8B5C,35676
識,3853,8B58,35672
譁,3854,8B41,35649
證,3855,8B49,35657
譚,3856,8B5A,35674
譎,3857,8B4E,35662
譏,3858,8B4F,35663
議,3859,8B70,35696
譬,3860,8B6C,35692
警,3861,8B66,35686
譯,3862,8B6F,35695
護,3863,8B77,35703
譴,3864,8B74,35700
譽,3865,8B7D,35709
讀,3866,8B80,35712
變,3867,8B8A,35722
讓,3868,8B93,35731
讒,3869,8B92,35730
讖,3870,8B96,35734
讚,3871,8B9A,35738
谷,3872,8C37,35895
豁,3873,8C41,35905
谿,3874,8C3F,35903
豆,3875,8C46,35910
豈,3876,8C48,35912
豉,3877,8C49,35913
豌,3878,8C4C,35916
豎,3879,8C4E,35918
豐,3880,8C50,35920
豔,3881,8C54,35924
豕,3882,8C55,35925
豚,3883,8C5A,35930
象,3884,8C61,35937
豢,3885,8C62,35938
豪,3886,8C6A,35946
豬,3887,8C6C,35948
豫,3888,8C6B,35947
豺,3889,8C7A,35962
豹,3890,8C79,35961
貂,3891,8C82,35970
貉,3892,8C89,35977
貌,3893,8C8C,35980
貓,3894,8C93,35987
貝,3895,8C9D,35997
貞,3896,8C9E,35998
負,3897,8CA0,36000
財,3898,8CA1,36001
貢,3899,8CA2,36002
販,3900,8CA9,36009
責,3901,8CAC,36012
貫,3902,8CAB,36011
貨,3903,8CA8,36008
貪,3904,8CAA,36010
貧,3905,8CA7,36007
貯,3906,8CAF,36015
貳,3907,8CB3,36019
賁,3908,8CC1,36033
費,3909,8CBB,36027
賀,3910,8CC0,36032
貼,3911,8CBC,36028
貴,3912,8CB4,36020
買,3913,8CB7,36023
貽,3914,8CBD,36029
貶,3915,8CB6,36022
貿,3916,8CBF,36031
貸,3917,8CB8,36024
賅,3918,8CC5,36037
資,3919,8CC7,36039
賊,3920,8CCA,36042
賈,3921,8CC8,36040
貲,3922,8CB2,36018
賄,3923,8CC4,36036
賃,3924,8CC3,36035
賂,3925,8CC2,36034
賓,3926,8CD3,36051
賑,3927,8CD1,36049
賒,3928,8CD2,36050
賠,3929,8CE0,36064
賦,3930,8CE6,36070
賤,3931,8CE4,36068
賬,3932,8CEC,36076
賭,3933,8CED,36077
賢,3934,8CE2,36066
賣,3935,8CE3,36067
賞,3936,8CDE,36062
賜,3937,8CDC,36060
質,3938,8CEA,36074
賴,3939,8CF4,36084
賺,3940,8CFA,36090
賽,3941,8CFD,36093
購,3942,8CFC,36092
贅,3943,8D05,36101
贈,3944,8D08,36104
贋,3945,8D0B,36107
贊,3946,8D0A,36106
贏,3947,8D0F,36111
贍,3948,8D0D,36109
贓,3949,8D13,36115
贖,3950,8D16,36118
贛,3951,8D1B,36123
赤,3952,8D64,36196
赧,3953,8D67,36199
赦,3954,8D66,36198
赫,3955,8D6B,36203
赭,3956,8D6D,36205
走,3957,8D70,36208
赴,3958,8D74,36212
赳,3959,8D73,36211
起,3960,8D77,36215
越,3961,8D8A,36234
超,3962,8D85,36229
趁,3963,8D81,36225
趙,3964,8D99,36249
趕,3965,8D95,36245
趣,3966,8DA3,36259
趟,3967,8D9F,36255
趨,3968,8DA8,36264
足,3969,8DB3,36275
趴,3970,8DB4,36276
趾,3971,8DBE,36286
跎,3972,8DCE,36302
距,3973,8DDD,36317
跋,3974,8DCB,36299
跚,3975,8DDA,36314
跑,3976,8DD1,36305
跌,3977,8DCC,36300
跛,3978,8DDB,36315
跆,3979,8DC6,36294
跡,3980,8DE1,36321
跟,3981,8DDF,36319
跨,3982,8DE8,36328
路,3983,8DEF,36335
跳,3984,8DF3,36339
跺,3985,8DFA,36346
跪,3986,8DEA,36330
跼,3987,8DFC,36348
踫,3988,8E2B,36395
踐,3989,8E10,36368
踝,3990,8E1D,36381
踢,3991,8E22,36386
踏,3992,8E0F,36367
踩,3993,8E29,36393
踟,3994,8E1F,36383
蹄,3995,8E44,36420
踱,3996,8E31,36401
踴,3997,8E34,36404
蹂,3998,8E42,36418
踹,3999,8E39,36409
踵,4000,8E35,36405
蹉,4001,8E49,36425
蹋,4002,8E4B,36427
蹈,4003,8E48,36424
蹊,4004,8E4A,36426
蹣,4005,8E63,36451
蹦,4006,8E66,36454
蹙,4007,8E59,36441
蹤,4008,8E64,36452
蹲,4009,8E72,36466
蹬,4010,8E6C,36460
蹺,4011,8E7A,36474
躇,4012,8E87,36487
蹼,4013,8E7C,36476
蹶,4014,8E76,36470
躂,4015,8E82,36482
躁,4016,8E81,36481
躅,4017,8E85,36485
躉,4018,8E89,36489
躊,4019,8E8A,36490
躍,4020,8E8D,36493
躑,4021,8E91,36497
躡,4022,8EA1,36513
躪,4023,8EAA,36522
身,4024,8EAB,36523
躬,4025,8EAC,36524
躭,4026,8EAD,36525
躲,4027,8EB2,36530
躺,4028,8EBA,36538
軀,4029,8EC0,36544
車,4030,8ECA,36554
軋,4031,8ECB,36555
軍,4032,8ECD,36557
軌,4033,8ECC,36556
軒,4034,8ED2,36562
軔,4035,8ED4,36564
軛,4036,8EDB,36571
軟,4037,8EDF,36575
軻,4038,8EFB,36603
軸,4039,8EF8,36600
軼,4040,8EFC,36604
較,4041,8F03,36611
載,4042,8F09,36617
軾,4043,8EFE,36606
輊,4044,8F0A,36618
輔,4045,8F14,36628
輒,4046,8F12,36626
輕,4047,8F15,36629
輓,4048,8F13,36627
輝,4049,8F1D,36637
輛,4050,8F1B,36635
輟,4051,8F1F,36639
輦,4052,8F26,36646
輩,4053,8F29,36649
輪,4054,8F2A,36650
輜,4055,8F1C,36636
輻,4056,8F3B,36667
輯,4057,8F2F,36655
輸,4058,8F38,36664
轄,4059,8F44,36676
輾,4060,8F3E,36670
轂,4061,8F42,36674
轅,4062,8F45,36677
輿,4063,8F3F,36671
轉,4064,8F49,36681
轍,4065,8F4D,36685
轔,4066,8F54,36692
轎,4067,8F4E,36686
轟,4068,8F5F,36703
轡,4069,8F61,36705
辛,4070,8F9B,36763
辜,4071,8F9C,36764
辟,4072,8F9F,36767
辣,4073,8FA3,36771
辦,4074,8FA6,36774
辨,4075,8FA8,36776
辭,4076,8FAD,36781
辯,4077,8FAF,36783
辰,4078,8FB0,36784
辱,4079,8FB1,36785
農,4080,8FB2,36786
迂,4081,8FC2,36802
迅,4082,8FC5,36805
迄,4083,8FC4,36804
巡,4084,5DE1,24033
迎,4085,8FCE,36814
返,4086,8FD4,36820
近,4087,8FD1,36817
述,4088,8FF0,36848
迦,4089,8FE6,36838
迢,4090,8FE2,36834
迪,4091,8FEA,36842
迥,4092,8FE5,36837
迫,4093,8FEB,36843
迤,4094,8FE4,36836
迭,4095,8FED,36845
迸,4096,8FF8,36856
送,4097,9001,36865
逆,4098,9006,36870
迷,4099,8FF7,36855
退,4100,9000,36864
迺,4101,8FFA,36858
迴,4102,8FF4,36852
逃,4103,9003,36867
追,4104,8FFD,36861
逅,4105,9005,36869
這,4106,9019,36889
通,4107,901A,36890
逗,4108,9017,36887
連,4109,9023,36899
速,4110,901F,36895
逝,4111,901D,36893
逐,4112,9010,36880
逕,4113,9015,36885
逍,4114,900D,36877
逞,4115,901E,36894
造,4116,9020,36896
透,4117,900F,36879
逢,4118,9022,36898
逖,4119,9016,36886
逛,4120,901B,36891
途,4121,9014,36884
逮,4122,902E,36910
逵,4123,9035,36917
週,4124,9031,36913
逸,4125,9038,36920
進,4126,9032,36914
運,4127,904B,36939
遊,4128,904A,36938
道,4129,9053,36947
遂,4130,9042,36930
遍,4131,904D,36941
達,4132,9054,36948
逼,4133,903C,36924
違,4134,9055,36949
遐,4135,9050,36944
遇,4136,9047,36935
遏,4137,904F,36943
過,4138,904E,36942
遑,4139,9051,36945
逾,4140,903E,36926
遁,4141,9041,36929
遠,4142,9060,36960
遘,4143,9058,36952
遜,4144,905C,36956
遣,4145,9063,36963
遙,4146,9059,36953
遞,4147,905E,36958
適,4148,9069,36969
遮,4149,906E,36974
遨,4150,9068,36968
遭,4151,906D,36973
遷,4152,9077,36983
遵,4153,9075,36981
遴,4154,9074,36980
選,4155,9078,36984
遲,4156,9072,36978
遼,4157,907C,36988
遺,4158,907A,36986
避,4159,907F,36991
遽,4160,907D,36989
還,4161,9084,36996
邁,4162,9081,36993
邂,4163,9082,36994
邀,4164,9080,36992
邇,4165,9087,36999
邊,4166,908A,37002
邐,4167,9090,37008
邏,4168,908F,37007
邑,4169,9091,37009
邕,4170,9095,37013
邢,4171,90A2,37026
邪,4172,90AA,37034
那,4173,90A3,37027
邦,4174,90A6,37030
邵,4175,90B5,37045
邸,4176,90B8,37048
邱,4177,90B1,37041
郊,4178,90CA,37066
郎,4179,90CE,37070
郁,4180,90C1,37057
郡,4181,90E1,37089
部,4182,90E8,37096
郭,4183,90ED,37101
都,4184,90FD,37117
鄂,4185,9102,37122
郵,4186,90F5,37109
鄉,4187,9109,37129
鄒,4188,9112,37138
鄙,4189,9119,37145
鄰,4190,9130,37168
鄭,4191,912D,37165
鄧,4192,9127,37159
鄱,4193,9131,37169
酉,4194,9149,37193
酋,4195,914B,37195
酊,4196,914A,37194
酒,4197,9152,37202
配,4198,914D,37197
酌,4199,914C,37196
酗,4200,9157,37207
酣,4201,9163,37219
酥,4202,9165,37221
酬,4203,916C,37228
酪,4204,916A,37226
酩,4205,9169,37225
酵,4206,9175,37237
酸,4207,9178,37240
酷,4208,9177,37239
醇,4209,9187,37255
醉,4210,9189,37257
醋,4211,918B,37259
醃,4212,9183,37251
醒,4213,9192,37266
醖,4214,9196,37270
醣,4215,91A3,37283
醜,4216,919C,37276
醫,4217,91AB,37291
醬,4218,91AC,37292
醺,4219,91BA,37306
釀,4220,91C0,37312
釁,4221,91C1,37313
采,4222,91C7,37319
釉,4223,91C9,37321
釋,4224,91CB,37323
里,4225,91CC,37324
重,4226,91CD,37325
野,4227,91CE,37326
量,4228,91CF,37327
釐,4229,91D0,37328
金,4230,91D1,37329
釘,4231,91D8,37336
針,4232,91DD,37341
釗,4233,91D7,37335
釜,4234,91DC,37340
釵,4235,91F5,37365
釦,4236,91E6,37350
釣,4237,91E3,37347
釧,4238,91E7,37351
鈕,4239,9215,37397
鈣,4240,9223,37411
鈍,4241,920D,37389
鈔,4242,9214,37396
鈉,4243,9209,37385
鈞,4244,921E,37406
鈐,4245,9210,37392
鈎,4246,920E,37390
鈷,4247,9237,37431
鉗,4248,9257,37463
鈸,4249,9238,37432
鉀,4250,9240,37440
鈾,4251,923E,37438
鉛,4252,925B,37467
鉋,4253,924B,37451
鉑,4254,9251,37457
鈴,4255,9234,37428
銀,4256,9280,37504
銅,4257,9285,37509
銘,4258,9298,37528
銖,4259,9296,37526
銓,4260,9293,37523
銜,4261,929C,37532
銬,4262,92AC,37548
銻,4263,92BB,37563
鋭,4264,92ED,37613
鋅,4265,92C5,37573
鋪,4266,92EA,37610
銷,4267,92B7,37559
鋤,4268,92E4,37604
鋁,4269,92C1,37569
銼,4270,92BC,37564
鋒,4271,92D2,37586
錠,4272,9320,37664
錶,4273,9336,37686
鋸,4274,92F8,37624
錳,4275,9333,37683
錯,4276,932F,37679
錢,4277,9322,37666
鋼,4278,92FC,37628
錫,4279,932B,37675
錄,4280,9304,37636
錚,4281,931A,37658
錐,4282,9310,37648
錦,4283,9326,37670
鍍,4284,934D,37709
鎂,4285,9382,37762
錨,4286,9328,37672
鍵,4287,9375,37749
鍊,4288,934A,37706
鍥,4289,9365,37733
鍋,4290,934B,37707
錘,4291,9318,37656
鍾,4292,937E,37758
鍬,4293,936C,37740
鍛,4294,935B,37723
鎔,4295,9394,37780
鎊,4296,938A,37770
鎮,4297,93AE,37806
鎖,4298,9396,37782
鎢,4299,93A2,37794
鎳,4300,93B3,37811
鏡,4301,93E1,37857
鏑,4302,93D1,37841
鏟,4303,93DF,37855
鏃,4304,93C3,37827
鏖,4305,93D6,37846
鏈,4306,93C8,37832
鏢,4307,93E2,37858
鏗,4308,93D7,37847
鏜,4309,93DC,37852
鏘,4310,93D8,37848
鐘,4311,9418,37912
鐃,4312,9403,37891
鐮,4313,942E,37934
鐳,4314,9433,37939
鐵,4315,9435,37941
鐺,4316,943A,37946
鐸,4317,9438,37944
鐲,4318,9432,37938
鏽,4319,93FD,37885
鑄,4320,9444,37956
鑑,4321,9451,37969
鑒,4322,9452,37970
鑣,4323,9463,37987
鑠,4324,9460,37984
鑲,4325,9472,38002
鑰,4326,9470,38000
鑾,4327,947E,38014
鑼,4328,947C,38012
鑽,4329,947D,38013
鑿,4330,947F,38015
長,4331,9577,38263
門,4332,9580,38272
閂,4333,9582,38274
閃,4334,9583,38275
閉,4335,9589,38281
閔,4336,9594,38292
閏,4337,958F,38287
開,4338,958B,38283
閑,4339,9591,38289
間,4340,9593,38291
閒,4341,9592,38290
閘,4342,9598,38296
閡,4343,95A1,38305
閨,4344,95A8,38312
閩,4345,95A9,38313
閣,4346,95A3,38307
閥,4347,95A5,38309
閤,4348,95A4,38308
閲,4349,95B2,38322
閭,4350,95AD,38317
閻,4351,95BB,38331
闊,4352,95CA,38346
闋,4353,95CB,38347
闌,4354,95CC,38348
闈,4355,95C8,38344
闆,4356,95C6,38342
闔,4357,95D4,38356
闖,4358,95D6,38358
闐,4359,95D0,38352
關,4360,95DC,38364
闡,4361,95E1,38369
闢,4362,95E2,38370
阜,4363,961C,38428
阡,4364,9621,38433
防,4365,9632,38450
阮,4366,962E,38446
阱,4367,9631,38449
阪,4368,962A,38442
陀,4369,9640,38464
阿,4370,963F,38463
阻,4371,963B,38459
附,4372,9644,38468
限,4373,9650,38480
陋,4374,964B,38475
陌,4375,964C,38476
降,4376,964D,38477
院,4377,9662,38498
陣,4378,9663,38499
陡,4379,9661,38497
陝,4380,965D,38493
陛,4381,965B,38491
除,4382,9664,38500
陪,4383,966A,38506
陵,4384,9675,38517
陳,4385,9673,38515
陸,4386,9678,38520
陰,4387,9670,38512
陶,4388,9676,38518
陷,4389,9677,38519
隊,4390,968A,38538
隋,4391,968B,38539
階,4392,968E,38542
陽,4393,967D,38525
隅,4394,9685,38533
隆,4395,9686,38534
隍,4396,968D,38541
陲,4397,9672,38514
隘,4398,9698,38552
隔,4399,9694,38548
隕,4400,9695,38549
隙,4401,9699,38553
障,4402,969C,38556
際,4403,969B,38555
隧,4404,96A7,38567
隨,4405,96A8,38568
險,4406,96AA,38570
隱,4407,96B1,38577
隴,4408,96B4,38580
隸,4409,96B8,38584
隻,4410,96BB,38587
雀,4411,96C0,38592
雇,4412,96C7,38599
雁,4413,96C1,38593
雅,4414,96C5,38597
雄,4415,96C4,38596
集,4416,96C6,38598
雋,4417,96CB,38603
雍,4418,96CD,38605
雉,4419,96C9,38601
雌,4420,96CC,38604
雕,4421,96D5,38613
雖,4422,96D6,38614
雜,4423,96DC,38620
雙,4424,96D9,38617
雛,4425,96DB,38619
雞,4426,96DE,38622
難,4427,96E3,38627
離,4428,96E2,38626
雨,4429,96E8,38632
雪,4430,96EA,38634
雯,4431,96EF,38639
雲,4432,96F2,38642
雷,4433,96F7,38647
電,4434,96FB,38651
雹,4435,96F9,38649
零,4436,96F6,38646
需,4437,9700,38656
震,4438,9707,38663
霄,4439,9704,38660
霆,4440,9706,38662
霉,4441,9709,38665
霎,4442,970E,38670
霑,4443,9711,38673
霖,4444,9716,38678
霍,4445,970D,38669
霓,4446,9713,38675
霏,4447,970F,38671
霜,4448,971C,38684
霞,4449,971E,38686
霪,4450,972A,38698
霧,4451,9727,38695
霸,4452,9738,38712
霹,4453,9739,38713
露,4454,9732,38706
霽,4455,973D,38717
霾,4456,973E,38718
靄,4457,9744,38724
靂,4458,9742,38722
靈,4459,9748,38728
青,4460,9752,38738
靖,4461,9756,38742
靛,4462,975B,38747
靜,4463,975C,38748
非,4464,975E,38750
靠,4465,9760,38752
靡,4466,9761,38753
面,4467,9762,38754
靦,4468,9766,38758
靨,4469,9768,38760
革,4470,9769,38761
靶,4471,9776,38774
靴,4472,9774,38772
靼,4473,977C,38780
鞅,4474,9785,38789
鞍,4475,978D,38797
鞋,4476,978B,38795
鞏,4477,978F,38799
鞘,4478,9798,38808
鞠,4479,97A0,38816
鞣,4480,97A3,38819
鞦,4481,97A6,38822
鞭,4482,97AD,38829
韃,4483,97C3,38851
韁,4484,97C1,38849
韆,4485,97C6,38854
韋,4486,97CB,38859
韌,4487,97CC,38860
韓,4488,97D3,38867
韜,4489,97DC,38876
韭,4490,97ED,38893
音,4491,97F3,38899
章,4492,7AE0,31456
竟,4493,7ADF,31455
韶,4494,97F6,38902
韻,4495,97FB,38907
響,4496,97FF,38911
頁,4497,9801,38913
頂,4498,9802,38914
頃,4499,9803,38915
項,4500,9805,38917
順,4501,9806,38918
須,4502,9808,38920
預,4503,9810,38928
頑,4504,9811,38929
頓,4505,9813,38931
頒,4506,9812,38930
頌,4507,980C,38924
頗,4508,9817,38935
領,4509,9818,38936
頡,4510,9821,38945
頰,4511,9830,38960
頸,4512,9838,38968
頻,4513,983B,38971
頭,4514,982D,38957
頤,4515,9824,38948
頷,4516,9837,38967
頹,4517,9839,38969
顆,4518,9846,38982
額,4519,984D,38989
顏,4520,984F,38991
題,4521,984C,38988
顎,4522,984E,38990
類,4523,985E,39006
願,4524,9858,39000
顛,4525,985B,39003
顧,4526,9867,39015
顫,4527,986B,39019
顯,4528,986F,39023
顰,4529,9870,39024
顱,4530,9871,39025
風,4531,98A8,39080
颯,4532,98AF,39087
颱,4533,98B1,39089
颳,4534,98B3,39091
颶,4535,98B6,39094
颺,4536,98BA,39098
颼,4537,98BC,39100
飄,4538,98C4,39108
飛,4539,98DB,39131
食,4540,98DF,39135
飢,4541,98E2,39138
飧,4542,98E7,39143
飪,4543,98EA,39146
飯,4544,98EF,39151
飩,4545,98E9,39145
飲,4546,98F2,39154
飭,4547,98ED,39149
飼,4548,98FC,39164
飴,4549,98F4,39156
飽,4550,98FD,39165
飾,4551,98FE,39166
餃,4552,9903,39171
餅,4553,9905,39173
餌,4554,990C,39180
餉,4555,9909,39177
養,4556,990A,39178
餓,4557,9913,39187
餒,4558,9912,39186
餘,4559,9918,39192
餐,4560,9910,39184
館,4561,9928,39208
餞,4562,991E,39198
餛,4563,991B,39195
餡,4564,9921,39201
餵,4565,9935,39221
餿,4566,993F,39231
餾,4567,993E,39230
餽,4568,993D,39229
饅,4569,9945,39237
饒,4570,9952,39250
饑,4571,9951,39249
饜,4572,995C,39260
饞,4573,995E,39262
首,4574,9996,39318
香,4575,9999,39321
馥,4576,99A5,39333
馨,4577,99A8,39336
馬,4578,99AC,39340
馮,4579,99AE,39342
馭,4580,99AD,39341
馳,4581,99B3,39347
馱,4582,99B1,39345
馴,4583,99B4,39348
駁,4584,99C1,39361
駝,4585,99DD,39389
駐,4586,99D0,39376
駕,4587,99D5,39381
駟,4588,99DF,39391
駛,4589,99DB,39387
駑,4590,99D1,39377
駒,4591,99D2,39378
駙,4592,99D9,39385
駭,4593,99ED,39405
駢,4594,99E2,39394
駱,4595,99F1,39409
騁,4596,9A01,39425
駿,4597,99FF,39423
騎,4598,9A0E,39438
騙,4599,9A19,39449
騖,4600,9A16,39446
騫,4601,9A2B,39467
騷,4602,9A37,39479
騰,4603,9A30,39472
驅,4604,9A45,39493
驃,4605,9A43,39491
驀,4606,9A40,39488
騾,4607,9A3E,39486
驕,4608,9A55,39509
驚,4609,9A5A,39514
驛,4610,9A5B,39515
驗,4611,9A57,39511
驟,4612,9A5F,39519
驢,4613,9A62,39522
驥,4614,9A65,39525
驪,4615,9A6A,39530
骨,4616,9AA8,39592
骯,4617,9AAF,39599
骰,4618,9AB0,39600
骷,4619,9AB7,39607
骸,4620,9AB8,39608
骼,4621,9ABC,39612
髏,4622,9ACF,39631
髒,4623,9AD2,39634
髓,4624,9AD3,39635
體,4625,9AD4,39636
高,4626,9AD8,39640
髦,4627,9AE6,39654
髮,4628,9AEE,39662
髯,4629,9AEF,39663
髻,4630,9AFB,39675
髭,4631,9AED,39661
鬃,4632,9B03,39683
鬆,4633,9B06,39686
鬍,4634,9B0D,39693
鬚,4635,9B1A,39706
鬢,4636,9B22,39714
鬥,4637,9B25,39717
鬧,4638,9B27,39719
鬨,4639,9B28,39720
鬱,4640,9B31,39729
鬼,4641,9B3C,39740
魁,4642,9B41,39745
魂,4643,9B42,39746
魅,4644,9B45,39749
魄,4645,9B44,39748
魏,4646,9B4F,39759
魔,4647,9B54,39764
魘,4648,9B58,39768
魚,4649,9B5A,39770
魷,4650,9B77,39799
魯,4651,9B6F,39791
鮑,4652,9B91,39825
鮮,4653,9BAE,39854
鮫,4654,9BAB,39851
鯊,4655,9BCA,39882
鯽,4656,9BFD,39933
鯉,4657,9BC9,39881
鯨,4658,9BE8,39912
鰓,4659,9C13,39955
鰍,4660,9C0D,39949
鰭,4661,9C2D,39981
鰥,4662,9C25,39973
鰱,4663,9C31,39985
鰾,4664,9C3E,39998
鰻,4665,9C3B,39995
鱔,4666,9C54,40020
鱗,4667,9C57,40023
鱖,4668,9C56,40022
鱷,4669,9C77,40055
鱸,4670,9C78,40056
鳥,4671,9CE5,40165
鳩,4672,9CE9,40169
鳶,4673,9CF6,40182
鳴,4674,9CF4,40180
鳳,4675,9CF3,40179
鴆,4676,9D06,40198
鴉,4677,9D09,40201
鴕,4678,9D15,40213
鴣,4679,9D23,40227
鴦,4680,9D26,40230
鴨,4681,9D28,40232
鴛,4682,9D1B,40219
鴻,4683,9D3B,40251
鴿,4684,9D3F,40255
鵑,4685,9D51,40273
鵝,4686,9D5D,40285
鵠,4687,9D60,40288
鶉,4688,9D89,40329
鵡,4689,9D61,40289
鵲,4690,9D72,40306
鵪,4691,9D6A,40298
鵬,4692,9D6C,40300
鶯,4693,9DAF,40367
鶴,4694,9DB4,40372
鷂,4695,9DC2,40386
鷓,4696,9DD3,40403
鷗,4697,9DD7,40407
鷥,4698,9DE5,40421
鷹,4699,9DF9,40441
鷺,4700,9DFA,40442
鸚,4701,9E1A,40474
鸞,4702,9E1E,40478
鹵,4703,9E75,40565
鹹,4704,9E79,40569
鹽,4705,9E7D,40573
鹼,4706,9E7C,40572
鹿,4707,9E7F,40575
麋,4708,9E8B,40587
麒,4709,9E92,40594
麗,4710,9E97,40599
麓,4711,9E93,40595
麝,4712,9E9D,40605
麟,4713,9E9F,40607
麥,4714,9EA5,40613
麩,4715,9EA9,40617
麪,4716,9EAA,40618
麴,4717,9EB4,40628
麻,4718,9EBB,40635
麼,4719,9EBC,40636
麾,4720,9EBE,40638
黃,4721,9EC3,40643
黍,4722,9ECD,40653
黎,4723,9ECE,40654
黏,4724,9ECF,40655
黑,4725,9ED1,40657
墨,4726,58A8,22696
默,4727,9ED8,40664
黔,4728,9ED4,40660
點,4729,9EDE,40670
黜,4730,9EDC,40668
黝,4731,9EDD,40669
黛,4732,9EDB,40667
黠,4733,9EE0,40672
黨,4734,9EE8,40680
黯,4735,9EEF,40687
黴,4736,9EF4,40692
黷,4737,9EF7,40695
鼈,4738,9F08,40712
鼇,4739,9F07,40711
鼎,4740,9F0E,40718
鼓,4741,9F13,40723
鼕,4742,9F15,40725
鼙,4743,9F19,40729
鼬,4745,9F2C,40748
鼴,4746,9F34,40756
鼻,4747,9F3B,40763
鼾,4748,9F3E,40766
齊,4749,9F4A,40778
齋,4750,9F4B,40779
齒,4751,9F52,40786
齟,4752,9F5F,40799
齣,4753,9F63,40803
齡,4754,9F61,40801
齦,4755,9F66,40806
齬,4756,9F6C,40812
齪,4757,9F6A,40810
齷,4758,9F77,40823
齲,4759,9F72,40818
龍,4760,9F8D,40845
龔,4761,9F94,40852
龜,4762,9F9C,40860
