han,hex,dec
一,4E00,19968
乙,4E59,20057
二,4E8C,20108
十,5341,21313
丁,4E01,19969
厂,5382,21378
七,4E03,19971
卜,535C,21340
八,516B,20843
人,4EBA,20154
入,5165,20837
乂,4E42,20034
儿,513F,20799
九,4E5D,20061
匕,5315,21269
几,51E0,20960
刁,5201,20993
了,4E86,20102
乃,4E43,20035
刀,5200,20992
力,529B,21147
又,53C8,21448
乜,4E5C,20060
三,4E09,19977
干,5E72,24178
亍,4E8D,20109
于,4E8E,20110
亏,4E8F,20111
士,58EB,22763
土,571F,22303
工,5DE5,24037
才,624D,25165
下,4E0B,19979
寸,5BF8,23544
丈,4E08,19976
大,5927,22823
兀,5140,20800
与,4E0E,19982
万,4E07,19975
弋,5F0B,24331
上,4E0A,19978
小,5C0F,23567
口,53E3,21475
山,5C71,23665
巾,5DFE,24062
千,5343,21315
乞,4E5E,20062
川,5DDD,24029
亿,4EBF,20159
彳,5F73,24435
个,4E2A,20010
么,4E48,20040
久,4E45,20037
勺,52FA,21242
丸,4E38,20024
夕,5915,22805
凡,51E1,20961
及,53CA,21450
广,5E7F,24191
亡,4EA1,20129
门,95E8,38376
丫,4E2B,20011
义,4E49,20041
之,4E4B,20043
尸,5C38,23608
已,5DF2,24050
巳,5DF3,24051
弓,5F13,24339
己,5DF1,24049
卫,536B,21355
孑,5B51,23377
子,5B50,23376
孓,5B53,23379
也,4E5F,20063
女,5973,22899
飞,98DE,39134
刃,5203,20995
习,4E60,20064
叉,53C9,21449
马,9A6C,39532
乡,4E61,20065
幺,5E7A,24186
丰,4E30,20016
王,738B,29579
井,4E95,20117
开,5F00,24320
亓,4E93,20115
夫,592B,22827
天,5929,22825
元,5143,20803
无,65E0,26080
韦,97E6,38886
云,4E91,20113
专,4E13,19987
丐,4E10,19984
扎,624E,25166
廿,5EFF,24319
艺,827A,33402
木,6728,26408
五,4E94,20116
支,652F,25903
厅,5385,21381
卅,5345,21317
不,4E0D,19981
仄,4EC4,20164
太,592A,22826
犬,72AC,29356
区,533A,21306
历,5386,21382
友,53CB,21451
歹,6B79,27513
尤,5C24,23588
匹,5339,21305
厄,5384,21380
车,8F66,36710
巨,5DE8,24040
牙,7259,29273
屯,5C6F,23663
戈,6208,25096
比,6BD4,27604
互,4E92,20114
切,5207,20999
瓦,74E6,29926
止,6B62,27490
少,5C11,23569
曰,66F0,26352
日,65E5,26085
中,4E2D,20013
贝,8D1D,36125
内,5185,20869
水,6C34,27700
冈,5188,20872
见,89C1,35265
手,624B,25163
午,5348,21320
牛,725B,29275
毛,6BDB,27611
气,6C14,27668
壬,58EC,22764
升,5347,21319
夭,592D,22829
长,957F,38271
仁,4EC1,20161
仃,4EC3,20163
什,4EC0,20160
片,7247,29255
仆,4EC6,20166
仉,4EC9,20169
化,5316,21270
仇,4EC7,20167
币,5E01,24065
仂,4EC2,20162
仍,4ECD,20173
仅,4EC5,20165
斤,65A4,26020
爪,722A,29226
反,53CD,21453
兮,516E,20846
刈,5208,21000
介,4ECB,20171
父,7236,29238
爻,723B,29243
从,4ECE,20174
仑,4ED1,20177
今,4ECA,20170
凶,51F6,20982
分,5206,20998
乏,4E4F,20047
公,516C,20844
仓,4ED3,20179
月,6708,26376
氏,6C0F,27663
勿,52FF,21247
风,98CE,39118
欠,6B20,27424
丹,4E39,20025
匀,5300,21248
乌,4E4C,20044
勾,52FE,21246
殳,6BB3,27571
凤,51E4,20964
卞,535E,21342
六,516D,20845
文,6587,25991
亢,4EA2,20130
方,65B9,26041
闩,95E9,38377
火,706B,28779
为,4E3A,20026
斗,6597,26007
忆,5FC6,24518
计,8BA1,35745
订,8BA2,35746
户,6237,25143
讣,8BA3,35747
认,8BA4,35748
讥,8BA5,35749
冗,5197,20887
心,5FC3,24515
尹,5C39,23609
尺,5C3A,23610
夬,592C,22828
引,5F15,24341
丑,4E11,19985
爿,723F,29247
巴,5DF4,24052
孔,5B54,23380
队,961F,38431
办,529E,21150
以,4EE5,20197
允,5141,20801
邓,9093,37011
予,4E88,20104
劝,529D,21149
双,53CC,21452
书,4E66,20070
毋,6BCB,27595
幻,5E7B,24187
玉,7389,29577
刊,520A,21002
末,672B,26411
未,672A,26410
示,793A,31034
击,51FB,20987
邗,9097,37015
戋,620B,25099
打,6253,25171
巧,5DE7,24039
正,6B63,27491
扑,6251,25169
卉,5349,21321
扒,6252,25170
邛,909B,37019
功,529F,21151
扔,6254,25172
去,53BB,21435
甘,7518,29976
世,4E16,19990
艾,827E,33406
艽,827D,33405
古,53E4,21476
节,8282,33410
艿,827F,33407
本,672C,26412
术,672F,26415
札,672D,26413
可,53EF,21487
叵,53F5,21493
匝,531D,21277
丙,4E19,19993
左,5DE6,24038
厉,5389,21385
丕,4E15,19989
石,77F3,30707
右,53F3,21491
布,5E03,24067
夯,592F,22831
龙,9F99,40857
戊,620A,25098
平,5E73,24179
灭,706D,28781
轧,8F67,36711
东,4E1C,19996
匜,531C,21276
劢,52A2,21154
卡,5361,21345
北,5317,21271
占,5360,21344
凸,51F8,20984
卢,5362,21346
业,4E1A,19994
旧,65E7,26087
帅,5E05,24069
归,5F52,24402
目,76EE,30446
旦,65E6,26086
且,4E14,19988
叮,53EE,21486
叶,53F6,21494
甲,7532,30002
申,7533,30003
号,53F7,21495
电,7535,30005
田,7530,30000
由,7531,30001
卟,535F,21343
叭,53ED,21485
只,53EA,21482
央,592E,22830
史,53F2,21490
叱,53F1,21489
叽,53FD,21501
兄,5144,20804
叼,53FC,21500
叩,53E9,21481
叫,53EB,21483
叻,53FB,21499
叨,53E8,21480
另,53E6,21478
叹,53F9,21497
冉,5189,20873
皿,76BF,30399
凹,51F9,20985
囚,56DA,22234
四,56DB,22235
生,751F,29983
失,5931,22833
矢,77E2,30690
氕,6C15,27669
乍,4E4D,20045
禾,79BE,31166
仨,4EE8,20200
仕,4ED5,20181
丘,4E18,19992
付,4ED8,20184
仗,4ED7,20183
代,4EE3,20195
仙,4ED9,20185
仟,4EDF,20191
仡,4EE1,20193
仫,4EEB,20203
伋,4F0B,20235
们,4EEC,20204
仪,4EEA,20202
白,767D,30333
仔,4ED4,20180
他,4ED6,20182
仞,4EDE,20190
斥,65A5,26021
卮,536E,21358
瓜,74DC,29916
乎,4E4E,20046
丛,4E1B,19995
令,4EE4,20196
用,7528,29992
甩,7529,29993
印,5370,21360
氐,6C10,27664
乐,4E50,20048
尔,5C14,23572
句,53E5,21477
匆,5306,21254
犰,72B0,29360
册,518C,20876
卯,536F,21359
犯,72AF,29359
外,5916,22806
处,5904,22788
冬,51AC,20908
鸟,9E1F,40479
务,52A1,21153
刍,520D,21005
包,5305,21253
饥,9965,39269
主,4E3B,20027
市,5E02,24066
庀,5E80,24192
邝,909D,37021
立,7ACB,31435
冯,51AF,20911
邙,9099,37017
玄,7384,29572
闪,95EA,38378
兰,5170,20848
半,534A,21322
汀,6C40,27712
汁,6C41,27713
汇,6C47,27719
头,5934,22836
汈,6C48,27720
汉,6C49,27721
忉,5FC9,24521
宁,5B81,23425
穴,7A74,31348
宄,5B84,23428
它,5B83,23427
讦,8BA6,35750
讧,8BA7,35751
讨,8BA8,35752
写,5199,20889
让,8BA9,35753
礼,793C,31036
讪,8BAA,35754
讫,8BAB,35755
训,8BAD,35757
必,5FC5,24517
议,8BAE,35758
讯,8BAF,35759
记,8BB0,35760
永,6C38,27704
司,53F8,21496
尻,5C3B,23611
尼,5C3C,23612
民,6C11,27665
弗,5F17,24343
弘,5F18,24344
阢,9622,38434
出,51FA,20986
阡,9621,38433
辽,8FBD,36797
奶,5976,22902
奴,5974,22900
尕,5C15,23573
加,52A0,21152
召,53EC,21484
皮,76AE,30382
边,8FB9,36793
发,53D1,21457
孕,5B55,23381
圣,5723,22307
对,5BF9,23545
弁,5F01,24321
台,53F0,21488
矛,77DB,30683
纠,7EA0,32416
驭,9A6D,39533
母,6BCD,27597
幼,5E7C,24188
丝,4E1D,19997
匡,5321,21281
耒,8012,32786
邦,90A6,37030
玎,738E,29582
玑,7391,29585
式,5F0F,24335
迂,8FC2,36802
刑,5211,21009
邢,90A2,37026
戎,620E,25102
动,52A8,21160
圩,5729,22313
圬,572C,22316
圭,572D,22317
扛,625B,25179
寺,5BFA,23546
吉,5409,21513
扣,6263,25187
扦,6266,25190
圪,572A,22314
考,8003,32771
托,6258,25176
圳,5733,22323
老,8001,32769
圾,573E,22334
巩,5DE9,24041
执,6267,25191
扩,6269,25193
圹,5739,22329
扪,626A,25194
扫,626B,25195
圯,572F,22319
圮,572E,22318
地,5730,22320
扬,626C,25196
场,573A,22330
耳,8033,32819
芋,828B,33419
芏,828F,33423
共,5171,20849
芊,828A,33418
芍,828D,33421
芨,82A8,33448
芄,8284,33412
芒,8292,33426
亚,4E9A,20122
芝,829D,33437
芎,828E,33422
芑,8291,33425
芗,8297,33431
朽,673D,26429
朴,6734,26420
机,673A,26426
权,6743,26435
过,8FC7,36807
亘,4E98,20120
臣,81E3,33251
吏,540F,21519
再,518D,20877
协,534F,21327
西,897F,35199
压,538B,21387
厌,538C,21388
厍,538D,21389
戌,620C,25100
在,5728,22312
百,767E,30334
有,6709,26377
存,5B58,23384
而,800C,32780
页,9875,39029
匠,5320,21280
夸,5938,22840
夺,593A,22842
夼,593C,22844
灰,7070,28784
达,8FBE,36798
戍,620D,25101
尥,5C25,23589
列,5217,21015
死,6B7B,27515
成,6210,25104
夹,5939,22841
夷,5937,22839
轨,8F68,36712
邪,90AA,37034
尧,5C27,23591
划,5212,21010
迈,8FC8,36808
毕,6BD5,27605
至,81F3,33267
此,6B64,27492
乩,4E69,20073
贞,8D1E,36126
师,5E08,24072
尘,5C18,23576
尖,5C16,23574
劣,52A3,21155
光,5149,20809
当,5F53,24403
吁,5401,21505
早,65E9,26089
吐,5410,21520
吓,5413,21523
旯,65EF,26095
曳,66F3,26355
虫,866B,34411
曲,66F2,26354
团,56E2,22242
同,540C,21516
吕,5415,21525
吊,540A,21514
吃,5403,21507
因,56E0,22240
吸,5438,21560
吗,5417,21527
吆,5406,21510
屿,5C7F,23679
屹,5C79,23673
岌,5C8C,23692
帆,5E06,24070
岁,5C81,23681
回,56DE,22238
岂,5C82,23682
屺,5C7A,23674
则,5219,21017
刚,521A,21018
网,7F51,32593
肉,8089,32905
凼,51FC,20988
囝,56DD,22237
囡,56E1,22241
钆,9486,38022
钇,9487,38023
年,5E74,24180
朱,6731,26417
缶,7F36,32566
氘,6C18,27672
氖,6C16,27670
牝,725D,29277
先,5148,20808
丢,4E22,20002
廷,5EF7,24311
舌,820C,33292
竹,7AF9,31481
迁,8FC1,36801
乔,4E54,20052
迄,8FC4,36804
伟,4F1F,20255
传,4F20,20256
乒,4E52,20050
乓,4E53,20051
休,4F11,20241
伍,4F0D,20237
伎,4F0E,20238
伏,4F0F,20239
伛,4F1B,20251
优,4F18,20248
臼,81FC,33276
伢,4F22,20258
伐,4F10,20240
仳,4EF3,20211
延,5EF6,24310
佤,4F64,20324
仲,4EF2,20210
仵,4EF5,20213
件,4EF6,20214
任,4EFB,20219
伤,4F24,20260
伥,4F25,20261
价,4EF7,20215
伦,4F26,20262
份,4EFD,20221
伧,4F27,20263
华,534E,21326
仰,4EF0,20208
伉,4F09,20233
仿,4EFF,20223
伙,4F19,20249
伪,4F2A,20266
伫,4F2B,20267
自,81EA,33258
伊,4F0A,20234
血,8840,34880
向,5411,21521
囟,56DF,22239
似,4F3C,20284
后,540E,21518
行,884C,34892
甪,752A,29994
舟,821F,33311
全,5168,20840
会,4F1A,20250
杀,6740,26432
合,5408,21512
兆,5146,20806
企,4F01,20225
汆,6C46,27718
氽,6C3D,27709
众,4F17,20247
爷,7237,29239
伞,4F1E,20254
创,521B,21019
刖,5216,21014
肌,808C,32908
肋,808B,32907
朵,6735,26421
杂,6742,26434
夙,5919,22809
危,5371,21361
旬,65EC,26092
旭,65ED,26093
旮,65EE,26094
旨,65E8,26088
负,8D1F,36127
犴,72B4,29364
刎,520E,21006
犷,72B7,29367
匈,5308,21256
犸,72B8,29368
舛,821B,33307
各,5404,21508
名,540D,21517
多,591A,22810
凫,51EB,20971
争,4E89,20105
邬,90AC,37036
色,8272,33394
饧,9967,39271
冱,51B1,20913
壮,58EE,22766
冲,51B2,20914
妆,5986,22918
冰,51B0,20912
庄,5E84,24196
庆,5E86,24198
亦,4EA6,20134
刘,5218,21016
齐,9F50,40784
交,4EA4,20132
次,6B21,27425
衣,8863,34915
产,4EA7,20135
决,51B3,20915
亥,4EA5,20133
邡,90A1,37025
充,5145,20805
妄,5984,22916
闭,95ED,38381
问,95EE,38382
闯,95EF,38383
羊,7F8A,32650
并,5E76,24182
关,5173,20851
米,7C73,31859
灯,706F,28783
州,5DDE,24030
汗,6C57,27735
污,6C61,27745
江,6C5F,27743
汕,6C55,27733
汔,6C54,27732
汲,6C72,27762
汐,6C50,27728
汛,6C5B,27739
汜,6C5C,27740
池,6C60,27744
汝,6C5D,27741
汤,6C64,27748
汊,6C4A,27722
忖,5FD6,24534
忏,5FCF,24527
忙,5FD9,24537
兴,5174,20852
宇,5B87,23431
守,5B88,23432
宅,5B85,23429
字,5B57,23383
安,5B89,23433
讲,8BB2,35762
讳,8BB3,35763
讴,8BB4,35764
军,519B,20891
讵,8BB5,35765
讶,8BB6,35766
祁,7941,31041
讷,8BB7,35767
许,8BB8,35768
讹,8BB9,35769
论,8BBA,35770
讼,8BBC,35772
农,519C,20892
讽,8BBD,35773
设,8BBE,35774
访,8BBF,35775
诀,8BC0,35776
聿,807F,32895
寻,5BFB,23547
那,90A3,37027
艮,826E,33390
厾,53BE,21438
迅,8FC5,36805
尽,5C3D,23613
导,5BFC,23548
异,5F02,24322
弛,5F1B,24347
阱,9631,38449
阮,962E,38446
孙,5B59,23385
阵,9635,38453
阳,9633,38451
收,6536,25910
阪,962A,38442
阶,9636,38454
阴,9634,38452
防,9632,38450
丞,4E1E,19998
奸,5978,22904
如,5982,22914
妁,5981,22913
妇,5987,22919
妃,5983,22915
好,597D,22909
她,5979,22905
妈,5988,22920
戏,620F,25103
羽,7FBD,32701
观,89C2,35266
牟,725F,29279
欢,6B22,27426
买,4E70,20080
纡,7EA1,32417
红,7EA2,32418
纣,7EA3,32419
驮,9A6E,39534
纤,7EA4,32420
纥,7EA5,32421
驯,9A6F,39535
纨,7EA8,32424
约,7EA6,32422
级,7EA7,32423
纩,7EA9,32425
纪,7EAA,32426
驰,9A70,39536
纫,7EAB,32427
巡,5DE1,24033
寿,5BFF,23551
玕,7395,29589
弄,5F04,24324
玙,7399,29593
麦,9EA6,40614
玖,7396,29590
玚,739A,29594
玛,739B,29595
形,5F62,24418
进,8FDB,36827
戒,6212,25106
吞,541E,21534
远,8FDC,36828
违,8FDD,36829
韧,97E7,38887
运,8FD0,36816
扶,6276,25206
抚,629A,25242
坛,575B,22363
抟,629F,25247
技,6280,25216
坏,574F,22351
抔,6294,25236
抠,62A0,25248
坜,575C,22364
扰,6270,25200
扼,627C,25212
拒,62D2,25298
找,627E,25214
批,6279,25209
扯,626F,25199
址,5740,22336
走,8D70,36208
抄,6284,25220
汞,6C5E,27742
坝,575D,22365
贡,8D21,36129
攻,653B,25915
赤,8D64,36196
圻,573B,22331
折,6298,25240
抓,6293,25235
扳,6273,25203
坂,5742,22338
抡,62A1,25249
扮,626E,25198
抢,62A2,25250
扺,627A,25210
孝,5B5D,23389
坎,574E,22350
坍,574D,22349
均,5747,22343
坞,575E,22366
抑,6291,25233
抛,629B,25243
投,6295,25237
抃,6283,25219
坟,575F,22367
坑,5751,22353
抗,6297,25239
坊,574A,22346
抖,6296,25238
护,62A4,25252
壳,58F3,22771
志,5FD7,24535
扭,626D,25197
块,5757,22359
抉,6289,25225
声,58F0,22768
把,628A,25226
报,62A5,25253
拟,62DF,25311
抒,6292,25234
却,5374,21364
劫,52AB,21163
毐,6BD0,27600
芙,8299,33433
芫,82AB,33451
芜,829C,33436
苇,82C7,33479
邯,90AF,37039
芸,82B8,33464
芾,82BE,33470
芰,82B0,33456
苈,82C8,33480
苊,82CA,33482
苣,82E3,33507
芽,82BD,33469
芷,82B7,33463
芮,82AE,33454
苋,82CB,33483
芼,82BC,33468
苌,82CC,33484
花,82B1,33457
芹,82B9,33465
芥,82A5,33445
苁,82C1,33473
芩,82A9,33449
芬,82AC,33452
苍,82CD,33485
芪,82AA,33450
芴,82B4,33460
芡,82A1,33441
芟,829F,33439
苄,82C4,33476
芳,82B3,33459
严,4E25,20005
苎,82CE,33486
芦,82A6,33446
芯,82AF,33455
劳,52B3,21171
克,514B,20811
芭,82AD,33453
苏,82CF,33487
苡,82E1,33505
杆,6746,26438
杜,675C,26460
杠,6760,26464
材,6750,26448
村,6751,26449
杖,6756,26454
杌,674C,26444
杏,674F,26447
杉,6749,26441
巫,5DEB,24043
杓,6753,26451
极,6781,26497
杧,6767,26471
杞,675E,26462
李,674E,26446
杨,6768,26472
杈,6748,26440
求,6C42,27714
忑,5FD1,24529
孛,5B5B,23387
甫,752B,29995
匣,5323,21283
更,66F4,26356
束,675F,26463
吾,543E,21566
豆,8C46,35910
两,4E24,20004
邴,90B4,37044
酉,9149,37193
丽,4E3D,20029
医,533B,21307
辰,8FB0,36784
励,52B1,21169
邳,90B3,37043
否,5426,21542
还,8FD8,36824
矶,77F6,30710
奁,5941,22849
豕,8C55,35925
尬,5C2C,23596
歼,6B7C,27516
来,6765,26469
忒,5FD2,24530
连,8FDE,36830
欤,6B24,27428
轩,8F69,36713
轪,8F6A,36714
轫,8F6B,36715
迓,8FD3,36819
邶,90B6,37046
忐,5FD0,24528
芈,8288,33416
步,6B65,27493
卤,5364,21348
卣,5363,21347
邺,90BA,37050
坚,575A,22362
肖,8096,32918
旰,65F0,26096
旱,65F1,26097
盯,76EF,30447
呈,5448,21576
时,65F6,26102
吴,5434,21556
呋,544B,21579
助,52A9,21161
县,53BF,21439
里,91CC,37324
呓,5453,21587
呆,5446,21574
吱,5431,21553
吠,5420,21536
呔,5454,21588
呕,5455,21589
园,56ED,22253
呖,5456,21590
呃,5443,21571
旷,65F7,26103
围,56F4,22260
呀,5440,21568
吨,5428,21544
旸,65F8,26104
吡,5421,21537
町,753A,30010
足,8DB3,36275
虬,866C,34412
邮,90AE,37038
男,7537,30007
困,56F0,22256
吵,5435,21557
串,4E32,20018
呙,5459,21593
呐,5450,21584
呗,5457,21591
员,5458,21592
听,542C,21548
吟,541F,21535
吩,5429,21545
呛,545B,21595
吻,543B,21563
吹,5439,21561
呜,545C,21596
吭,542D,21549
吣,5423,21539
吲,5432,21554
吼,543C,21564
邑,9091,37009
吧,5427,21543
囤,56E4,22244
别,522B,21035
吮,542E,21550
岍,5C8D,23693
帏,5E0F,24079
岐,5C90,23696
岖,5C96,23702
岈,5C88,23688
岗,5C97,23703
岘,5C98,23704
帐,5E10,24080
岑,5C91,23697
岚,5C9A,23706
兕,5155,20821
财,8D22,36130
囵,56F5,22261
囫,56EB,22251
钉,9489,38025
针,9488,38024
钊,948A,38026
钋,948B,38027
钌,948C,38028
迕,8FD5,36821
氙,6C19,27673
氚,6C1A,27674
牡,7261,29281
告,544A,21578
我,6211,25105
乱,4E71,20081
利,5229,21033
秃,79C3,31171
秀,79C0,31168
私,79C1,31169
岙,5C99,23705
每,6BCF,27599
佞,4F5E,20318
兵,5175,20853
邱,90B1,37041
估,4F30,20272
体,4F53,20307
何,4F55,20309
佐,4F50,20304
伾,4F3E,20286
佑,4F51,20305
攸,6538,25912
但,4F46,20294
伸,4F38,20280
佃,4F43,20291
佚,4F5A,20314
作,4F5C,20316
伯,4F2F,20271
伶,4F36,20278
佣,4F63,20323
低,4F4E,20302
你,4F60,20320
佝,4F5D,20317
佟,4F5F,20319
住,4F4F,20303
位,4F4D,20301
伴,4F34,20276
佗,4F57,20311
身,8EAB,36523
皂,7682,30338
伺,4F3A,20282
佛,4F5B,20315
伽,4F3D,20285
囱,56F1,22257
近,8FD1,36817
彻,5F7B,24443
役,5F79,24441
彷,5F77,24439
返,8FD4,36820
佘,4F58,20312
余,4F59,20313
希,5E0C,24076
佥,4F65,20325
坐,5750,22352
谷,8C37,35895
孚,5B5A,23386
妥,59A5,22949
豸,8C78,35960
含,542B,21547
邻,90BB,37051
坌,574C,22348
岔,5C94,23700
肝,809D,32925
肟,809F,32927
肛,809B,32923
肚,809A,32922
肘,8098,32920
肠,80A0,32928
邸,90B8,37048
龟,9F9F,40863
甸,7538,30008
奂,5942,22850
免,514D,20813
劬,52AC,21164
狂,72C2,29378
犹,72B9,29369
狈,72C8,29384
狄,72C4,29380
角,89D2,35282
删,5220,21024
狃,72C3,29379
狁,72C1,29377
鸠,9E20,40480
条,6761,26465
彤,5F64,24420
卵,5375,21365
灸,7078,28792
岛,5C9B,23707
邹,90B9,37049
刨,5228,21032
饨,9968,39272
迎,8FCE,36814
饩,9969,39273
饪,996A,39274
饫,996B,39275
饬,996C,39276
饭,996D,39277
饮,996E,39278
系,7CFB,31995
言,8A00,35328
冻,51BB,20923
状,72B6,29366
亩,4EA9,20137
况,51B5,20917
亨,4EA8,20136
庑,5E91,24209
床,5E8A,24202
庋,5E8B,24203
库,5E93,24211
庇,5E87,24199
疔,7594,30100
疖,7596,30102
疗,7597,30103
吝,541D,21533
应,5E94,24212
冷,51B7,20919
这,8FD9,36825
庐,5E90,24208
序,5E8F,24207
辛,8F9B,36763
肓,8093,32915
弃,5F03,24323
冶,51B6,20918
忘,5FD8,24536
闰,95F0,38384
闱,95F1,38385
闲,95F2,38386
闳,95F3,38387
间,95F4,38388
闵,95F5,38389
闶,95F6,38390
闷,95F7,38391
羌,7F8C,32652
判,5224,21028
兑,5151,20817
灶,7076,28790
灿,707F,28799
灼,707C,28796
炀,7080,28800
弟,5F1F,24351
沣,6CA3,27811
汪,6C6A,27754
沅,6C85,27781
沄,6C84,27780
沐,6C90,27792
沛,6C9B,27803
沔,6C94,27796
汰,6C70,27760
沤,6CA4,27812
沥,6CA5,27813
沌,6C8C,27788
沘,6C98,27800
沏,6C8F,27791
沚,6C9A,27802
沙,6C99,27801
汩,6C69,27753
汨,6C68,27752
汭,6C6D,27757
汽,6C7D,27773
沃,6C83,27779
沂,6C82,27778
沦,6CA6,27814
汹,6C79,27769
汾,6C7E,27774
泛,6CDB,27867
沧,6CA7,27815
沨,6CA8,27816
沟,6C9F,27807
没,6CA1,27809
汴,6C74,27764
汶,6C76,27766
沆,6C86,27782
沩,6CA9,27817
沪,6CAA,27818
沈,6C88,27784
沉,6C89,27785
沁,6C81,27777
泐,6CD0,27856
怃,6003,24579
忮,5FEE,24558
怀,6000,24576
怄,6004,24580
忧,5FE7,24551
忡,5FE1,24545
忤,5FE4,24548
忾,5FFE,24574
怅,6005,24581
忻,5FFB,24571
忪,5FEA,24554
怆,6006,24582
忭,5FED,24557
忱,5FF1,24561
快,5FEB,24555
忸,5FF8,24568
完,5B8C,23436
宋,5B8B,23435
宏,5B8F,23439
牢,7262,29282
究,7A76,31350
穷,7A77,31351
灾,707E,28798
良,826F,33391
证,8BC1,35777
诂,8BC2,35778
诃,8BC3,35779
启,542F,21551
评,8BC4,35780
补,8865,34917
初,521D,21021
社,793E,31038
祀,7940,31040
祃,7943,31043
诅,8BC5,35781
识,8BC6,35782
诈,8BC8,35784
诉,8BC9,35785
罕,7F55,32597
诊,8BCA,35786
诋,8BCB,35787
诌,8BCC,35788
词,8BCD,35789
诎,8BCE,35790
诏,8BCF,35791
诐,8BD0,35792
译,8BD1,35793
诒,8BD2,35794
君,541B,21531
灵,7075,28789
即,5373,21363
层,5C42,23618
屁,5C41,23617
屃,5C43,23619
尿,5C3F,23615
尾,5C3E,23614
迟,8FDF,36831
局,5C40,23616
改,6539,25913
张,5F20,24352
忌,5FCC,24524
际,9645,38469
陆,9646,38470
阿,963F,38463
孜,5B5C,23388
陇,9647,38471
陈,9648,38472
阽,963D,38461
阻,963B,38459
阼,963C,38460
附,9644,38468
坠,5760,22368
陀,9640,38464
陂,9642,38466
陉,9649,38473
妍,598D,22925
妩,59A9,22953
妓,5993,22931
妪,59AA,22954
妣,59A3,22947
妙,5999,22937
妊,598A,22922
妖,5996,22934
妗,5997,22935
姊,59CA,22986
妨,59A8,22952
妫,59AB,22955
妒,5992,22930
妞,599E,22942
姒,59D2,22994
妤,59A4,22948
努,52AA,21162
邵,90B5,37045
劭,52AD,21165
忍,5FCD,24525
刭,522D,21037
劲,52B2,21170
甬,752C,29996
邰,90B0,37040
矣,77E3,30691
鸡,9E21,40481
纬,7EAC,32428
纭,7EAD,32429
驱,9A71,39537
纯,7EAF,32431
纰,7EB0,32432
纱,7EB1,32433
纲,7EB2,32434
纳,7EB3,32435
纴,7EB4,32436
纵,7EB5,32437
驳,9A73,39539
纶,7EB6,32438
纷,7EB7,32439
纸,7EB8,32440
纹,7EB9,32441
纺,7EBA,32442
纻,7EBB,32443
驴,9A74,39540
纽,7EBD,32445
纾,7EBE,32446
奉,5949,22857
玩,73A9,29609
玮,73AE,29614
环,73AF,29615
玡,73A1,29601
武,6B66,27494
青,9752,38738
责,8D23,36131
现,73B0,29616
玫,73AB,29611
玠,73A0,29600
玢,73A2,29602
玥,73A5,29605
表,8868,34920
玦,73A6,29606
甙,7519,29977
盂,76C2,30402
忝,5FDD,24541
规,89C4,35268
匦,5326,21286
抹,62B9,25273
卦,5366,21350
邽,90BD,37053
坩,5769,22377
坷,5777,22391
坯,576F,22383
拓,62D3,25299
垅,5785,22405
拢,62E2,25314
拔,62D4,25300
抨,62A8,25256
坪,576A,22378
拣,62E3,25315
拤,62E4,25316
拈,62C8,25288
坫,576B,22379
垆,5786,22406
坦,5766,22374
担,62C5,25285
坤,5764,22372
押,62BC,25276
抻,62BB,25275
抽,62BD,25277
拐,62D0,25296
拃,62C3,25283
拖,62D6,25302
拊,62CA,25290
者,8005,32773
拍,62CD,25293
顶,9876,39030
坼,577C,22396
拆,62C6,25286
拎,62CE,25294
拥,62E5,25317
抵,62B5,25269
坻,577B,22395
拘,62D8,25304
势,52BF,21183
抱,62B1,25265
拄,62C4,25284
垃,5783,22403
拉,62C9,25289
拦,62E6,25318
幸,5E78,24184
拌,62CC,25292
拧,62E7,25319
坨,5768,22376
坭,576D,22381
抿,62BF,25279
拂,62C2,25282
拙,62D9,25305
招,62DB,25307
坡,5761,22369
披,62AB,25259
拨,62E8,25320
择,62E9,25321
拚,62DA,25306
抬,62AC,25260
拇,62C7,25287
坳,5773,22387
拗,62D7,25303
耵,8035,32821
其,5176,20854
耶,8036,32822
取,53D6,21462
茉,8309,33545
苷,82F7,33527
苦,82E6,33510
苯,82EF,33519
昔,6614,26132
苛,82DB,33499
苤,82E4,33508
若,82E5,33509
茂,8302,33538
茏,830F,33551
苹,82F9,33529
苫,82EB,33515
苴,82F4,33524
苜,82DC,33500
苗,82D7,33495
英,82F1,33521
苒,82D2,33490
苘,82D8,33496
茌,830C,33548
苻,82FB,33531
苓,82D3,33491
茚,831A,33562
苟,82DF,33503
茆,8306,33542
茑,8311,33553
苑,82D1,33489
苞,82DE,33502
范,8303,33539
茓,8313,33555
茔,8314,33556
茕,8315,33557
直,76F4,30452
苠,82E0,33504
茀,8300,33536
茁,8301,33537
茄,8304,33540
苕,82D5,33493
茎,830E,33550
苔,82D4,33492
茅,8305,33541
枉,6789,26505
林,6797,26519
枝,679D,26525
杯,676F,26479
枢,67A2,26530
枥,67A5,26533
柜,67DC,26588
枇,6787,26503
杪,676A,26474
杳,6773,26483
枘,6798,26520
枧,67A7,26535
杵,6775,26485
枚,679A,26522
枨,67A8,26536
析,6790,26512
板,677F,26495
枞,679E,26526
松,677E,26494
枪,67AA,26538
枫,67AB,26539
构,6784,26500
杭,676D,26477
枋,678B,26507
杰,6770,26480
述,8FF0,36848
枕,6795,26517
杻,677B,26491
杷,6777,26487
杼,677C,26492
丧,4E27,20007
或,6216,25110
画,753B,30011
卧,5367,21351
事,4E8B,20107
刺,523A,21050
枣,67A3,26531
雨,96E8,38632
卖,5356,21334
矸,77F8,30712
郁,90C1,37057
矻,77FB,30715
矾,77FE,30718
矽,77FD,30717
矿,77FF,30719
砀,7800,30720
码,7801,30721
厕,5395,21397
奈,5948,22856
刳,5233,21043
奔,5954,22868
奇,5947,22855
奄,5944,22852
奋,594B,22859
态,6001,24577
瓯,74EF,29935
欧,6B27,27431
殴,6BB4,27572
垄,5784,22404
殁,6B81,27521
郏,90CF,37071
妻,59BB,22971
轰,8F70,36720
顷,9877,39031
转,8F6C,36716
轭,8F6D,36717
斩,65A9,26025
轮,8F6E,36718
软,8F6F,36719
到,5230,21040
郅,90C5,37061
鸢,9E22,40482
非,975E,38750
叔,53D4,21460
歧,6B67,27495
肯,80AF,32943
齿,9F7F,40831
些,4E9B,20123
卓,5353,21331
虎,864E,34382
虏,864F,34383
肾,80BE,32958
贤,8D24,36132
尚,5C1A,23578
盱,76F1,30449
旺,65FA,26106
具,5177,20855
昊,660A,26122
昙,6619,26137
果,679C,26524
味,5473,21619
杲,6772,26482
昃,6603,26115
昆,6606,26118
国,56FD,22269
哎,54CE,21710
咕,5495,21653
昌,660C,26124
呵,5475,21621
咂,5482,21634
畅,7545,30021
呸,5478,21624
昕,6615,26133
明,660E,26126
易,6613,26131
咙,5499,21657
昀,6600,26112
昂,6602,26114
旻,65FB,26107
昉,6609,26121
炅,7085,28805
咔,5494,21652
畀,7540,30016
虮,866E,34414
迪,8FEA,36842
典,5178,20856
固,56FA,22266
忠,5FE0,24544
咀,5480,21632
呷,5477,21623
呻,547B,21627
黾,9EFE,40702
咒,5492,21650
咋,548B,21643
咐,5490,21648
呱,5471,21617
呼,547C,21628
呤,5464,21604
咚,549A,21658
鸣,9E23,40483
咆,5486,21638
咛,549B,21659
咏,548F,21647
呢,5462,21602
咄,5484,21636
呶,5476,21622
咖,5496,21654
呦,5466,21606
咝,549D,21661
岵,5CB5,23733
岢,5CA2,23714
岸,5CB8,23736
岩,5CA9,23721
帖,5E16,24086
罗,7F57,32599
岿,5CBF,23743
岬,5CAC,23724
岫,5CAB,23723
帜,5E1C,24092
帙,5E19,24089
帕,5E15,24085
岭,5CAD,23725
岣,5CA3,23715
峁,5CC1,23745
刿,523F,21055
峂,5CC2,23746
迥,8FE5,36837
岷,5CB7,23735
剀,5240,21056
凯,51EF,20975
帔,5E14,24084
峄,5CC4,23748
沓,6C93,27795
败,8D25,36133
账,8D26,36134
贩,8D29,36137
贬,8D2C,36140
购,8D2D,36141
贮,8D2E,36142
囹,56F9,22265
图,56FE,22270
罔,7F54,32596
钍,948D,38029
钎,948E,38030
钏,948F,38031
钐,9490,38032
钓,9493,38035
钒,9492,38034
钔,9494,38036
钕,9495,38037
钗,9497,38039
邾,90BE,37054
制,5236,21046
知,77E5,30693
迭,8FED,36845
氛,6C1B,27675
迮,8FEE,36846
垂,5782,22402
牦,7266,29286
牧,7267,29287
物,7269,29289
乖,4E56,20054
刮,522E,21038
秆,79C6,31174
和,548C,21644
季,5B63,23395
委,59D4,22996
竺,7AFA,31482
秉,79C9,31177
迤,8FE4,36836
佳,4F73,20339
侍,4F8D,20365
佶,4F76,20342
岳,5CB3,23731
佬,4F6C,20332
佴,4F74,20340
供,4F9B,20379
使,4F7F,20351
侑,4F91,20369
佰,4F70,20336
侉,4F89,20361
例,4F8B,20363
侠,4FA0,20384
臾,81FE,33278
侥,4FA5,20389
版,7248,29256
侄,4F84,20356
岱,5CB1,23729
侦,4FA6,20390
侣,4FA3,20387
侗,4F97,20375
侃,4F83,20355
侧,4FA7,20391
侏,4F8F,20367
凭,51ED,20973
侨,4FA8,20392
侩,4FA9,20393
佻,4F7B,20347
佾,4F7E,20350
佩,4F69,20329
货,8D27,36135
侈,4F88,20360
侪,4FAA,20394
佼,4F7C,20348
依,4F9D,20381
佯,4F6F,20335
侬,4FAC,20396
帛,5E1B,24091
卑,5351,21329
的,7684,30340
迫,8FEB,36843
阜,961C,38428
侔,4F94,20372
质,8D28,36136
欣,6B23,27427
郈,90C8,37064
征,5F81,24449
徂,5F82,24450
往,5F80,24448
爬,722C,29228
彼,5F7C,24444
径,5F84,24452
所,6240,25152
舍,820D,33293
金,91D1,37329
刽,523D,21053
郐,90D0,37072
刹,5239,21049
命,547D,21629
肴,80B4,32948
郄,90C4,37060
斧,65A7,26023
怂,6002,24578
爸,7238,29240
采,91C7,37319
籴,7C74,31860
觅,89C5,35269
受,53D7,21463
乳,4E73,20083
贪,8D2A,36138
念,5FF5,24565
贫,8D2B,36139
忿,5FFF,24575
瓮,74EE,29934
戗,6217,25111
肼,80BC,32956
肤,80A4,32932
朊,670A,26378
肺,80BA,32954
肢,80A2,32930
肽,80BD,32957
肱,80B1,32945
肫,80AB,32939
肿,80BF,32959
肭,80AD,32941
胀,80C0,32960
朋,670B,26379
肷,80B7,32951
股,80A1,32929
肮,80AE,32942
肪,80AA,32938
肥,80A5,32933
服,670D,26381
胁,80C1,32961
周,5468,21608
剁,5241,21057
昏,660F,26127
迩,8FE9,36841
郇,90C7,37063
鱼,9C7C,40060
兔,5154,20820
狉,72C9,29385
狙,72D9,29401
狎,72CE,29390
狐,72D0,29392
忽,5FFD,24573
狝,72DD,29405
狗,72D7,29399
狍,72CD,29389
狞,72DE,29406
狒,72D2,29394
咎,548E,21646
备,5907,22791
炙,7099,28825
枭,67AD,26541
饯,996F,39279
饰,9970,39280
饱,9971,39281
饲,9972,39282
饳,9973,39283
饴,9974,39284
冽,51BD,20925
变,53D8,21464
京,4EAC,20140
享,4EAB,20139
冼,51BC,20924
庞,5E9E,24222
店,5E97,24215
夜,591C,22812
庙,5E99,24217
府,5E9C,24220
底,5E95,24213
庖,5E96,24214
疟,759F,30111
疠,75A0,30112
疝,759D,30109
疙,7599,30105
疚,759A,30106
疡,75A1,30113
剂,5242,21058
卒,5352,21330
郊,90CA,37066
兖,5156,20822
庚,5E9A,24218
废,5E9F,24223
净,51C0,20928
妾,59BE,22974
盲,76F2,30450
放,653E,25918
刻,523B,21051
於,65BC,26044
劾,52BE,21182
育,80B2,32946
氓,6C13,27667
闸,95F8,38392
闹,95F9,38393
郑,90D1,37073
券,5238,21048
卷,5377,21367
单,5355,21333
炜,709C,28828
炬,70AC,28844
炖,7096,28822
炒,7092,28818
炝,709D,28829
炊,708A,28810
炕,7095,28821
炎,708E,28814
炉,7089,28809
炔,7094,28820
沫,6CAB,27819
浅,6D45,27973
法,6CD5,27861
泔,6CD4,27860
泄,6CC4,27844
沽,6CBD,27837
沭,6CAD,27821
河,6CB3,27827
泷,6CF7,27895
沾,6CBE,27838
泸,6CF8,27896
沮,6CAE,27822
泪,6CEA,27882
油,6CB9,27833
泱,6CF1,27889
泅,6CC5,27845
泗,6CD7,27863
泊,6CCA,27850
泠,6CE0,27872
泜,6CDC,27868
泺,6CFA,27898
泃,6CC3,27843
沿,6CBF,27839
泖,6CD6,27862
泡,6CE1,27873
注,6CE8,27880
泣,6CE3,27875
泫,6CEB,27883
泮,6CEE,27886
泞,6CDE,27870
沱,6CB1,27825
泻,6CFB,27899
泌,6CCC,27852
泳,6CF3,27891
泥,6CE5,27877
泯,6CEF,27887
沸,6CB8,27832
泓,6CD3,27859
沼,6CBC,27836
波,6CE2,27874
泼,6CFC,27900
泽,6CFD,27901
泾,6CFE,27902
治,6CBB,27835
怔,6014,24596
怯,602F,24623
怙,6019,24601
怵,6035,24629
怖,6016,24598
怦,6026,24614
怛,601B,24603
怏,600F,24591
性,6027,24615
怍,600D,24589
怕,6015,24597
怜,601C,24604
怩,6029,24617
怫,602B,24619
怊,600A,24586
怿,603F,24639
怪,602A,24618
怡,6021,24609
学,5B66,23398
宝,5B9D,23453
宗,5B97,23447
定,5B9A,23450
宕,5B95,23445
宠,5BA0,23456
宜,5B9C,23452
审,5BA1,23457
宙,5B99,23449
官,5B98,23448
空,7A7A,31354
帘,5E18,24088
穸,7A78,31352
穹,7A79,31353
宛,5B9B,23451
实,5B9E,23454
宓,5B93,23443
诓,8BD3,35795
诔,8BD4,35796
试,8BD5,35797
郎,90CE,37070
诖,8BD6,35798
诗,8BD7,35799
诘,8BD8,35800
戾,623E,25150
肩,80A9,32937
房,623F,25151
诙,8BD9,35801
戽,623D,25149
诚,8BDA,35802
郓,90D3,37075
衬,886C,34924
衫,886B,34923
衩,8869,34921
祆,7946,31046
祎,794E,31054
祉,7949,31049
视,89C6,35270
祈,7948,31048
诛,8BDB,35803
诜,8BDC,35804
话,8BDD,35805
诞,8BDE,35806
诟,8BDF,35807
诠,8BE0,35808
诡,8BE1,35809
询,8BE2,35810
诣,8BE3,35811
诤,8BE4,35812
该,8BE5,35813
详,8BE6,35814
诧,8BE7,35815
诨,8BE8,35816
诩,8BE9,35817
建,5EFA,24314
肃,8083,32899
隶,96B6,38582
录,5F55,24405
帚,5E1A,24090
屉,5C49,23625
居,5C45,23621
届,5C4A,23626
刷,5237,21047
鸤,9E24,40484
屈,5C48,23624
弧,5F27,24359
弥,5F25,24357
弦,5F26,24358
承,627F,25215
孟,5B5F,23391
陋,964B,38475
戕,6215,25109
陌,964C,38476
孤,5B64,23396
孢,5B62,23394
陕,9655,38485
亟,4E9F,20127
降,964D,38477
函,51FD,20989
陔,9654,38484
限,9650,38480
卺,537A,21370
妹,59B9,22969
姑,59D1,22993
姐,59D0,22992
妲,59B2,22962
妯,59AF,22959
姓,59D3,22995
姗,59D7,22999
妮,59AE,22958
始,59CB,22987
帑,5E11,24081
弩,5F29,24361
孥,5B65,23397
驽,9A7D,39549
姆,59C6,22982
虱,8671,34417
迦,8FE6,36838
迢,8FE2,36834
驾,9A7E,39550
叁,53C1,21441
参,53C2,21442
迨,8FE8,36840
艰,8270,33392
线,7EBF,32447
绀,7EC0,32448
绁,7EC1,32449
绂,7EC2,32450
练,7EC3,32451
驵,9A75,39541
组,7EC4,32452
绅,7EC5,32453
细,7EC6,32454
驶,9A76,39542
织,7EC7,32455
驷,9A77,39543
驸,9A78,39544
驹,9A79,39545
终,7EC8,32456
绉,7EC9,32457
驺,9A7A,39546
驻,9A7B,39547
绊,7ECA,32458
驼,9A7C,39548
绋,7ECB,32459
绌,7ECC,32460
绍,7ECD,32461
驿,9A7F,39551
绎,7ECE,32462
经,7ECF,32463
骀,9A80,39552
贯,8D2F,36143
甾,753E,30014
砉,7809,30729
耔,8014,32788
契,5951,22865
贰,8D30,36144
奏,594F,22863
春,6625,26149
帮,5E2E,24110
珏,73CF,29647
珐,73D0,29648
珂,73C2,29634
珑,73D1,29649
玷,73B7,29623
玳,73B3,29619
珀,73C0,29632
顸,9878,39032
珍,73CD,29645
玲,73B2,29618
珊,73CA,29642
珉,73C9,29641
珈,73C8,29640
玻,73BB,29627
毒,6BD2,27602
型,578B,22411
韨,97E8,38888
拭,62ED,25325
挂,6302,25346
封,5C01,23553
持,6301,25345
拮,62EE,25326
拷,62F7,25335
拱,62F1,25329
垭,57AD,22445
挝,631D,25373
垣,57A3,22435
项,9879,39033
垮,57AE,22446
挎,630E,25358
垯,57AF,22447
挞,631E,25374
城,57CE,22478
挟,631F,25375
挠,6320,25376
垤,57A4,22436
政,653F,25919
赴,8D74,36212
赵,8D75,36213
赳,8D73,36211
贲,8D32,36146
垱,57B1,22449
挡,6321,25377
拽,62FD,25341
垌,578C,22412
哉,54C9,21705
垲,57B2,22450
挺,633A,25402
括,62EC,25324
挢,6322,25378
埏,57CF,22479
郝,90DD,37085
垍,578D,22413
垧,57A7,22439
垢,57A2,22434
拴,62F4,25332
拾,62FE,25342
挑,6311,25361
垛,579B,22427
指,6307,25351
垫,57AB,22443
挣,6323,25379
挤,6324,25380
垓,5793,22419
垟,579F,22431
拼,62FC,25340
垞,579E,22430
挖,6316,25366
按,6309,25353
挥,6325,25381
挦,6326,25382
挪,632A,25386
垠,57A0,22432
拯,62EF,25327
拶,62F6,25334
某,67D0,26576
甚,751A,29978
荆,8346,33606
茸,8338,33592
革,9769,38761
茜,831C,33564
茬,832C,33580
荐,8350,33616
荙,8359,33625
巷,5DF7,24055
荚,835A,33626
荑,8351,33617
贳,8D33,36147
荛,835B,33627
荜,835C,33628
茈,8308,33544
带,5E26,24102
草,8349,33609
茧,8327,33575
茼,833C,33596
莒,8392,33682
茵,8335,33589
茴,8334,33588
茱,8331,33585
莛,839B,33691
荞,835E,33630
茯,832F,33583
荏,834F,33615
荇,8347,33607
荃,8343,33603
荟,835F,33631
茶,8336,33590
荀,8340,33600
茗,8317,33559
荠,8360,33632
茭,832D,33581
茨,8328,33576
荒,8352,33618
垩,57A9,22441
茳,8333,33587
茫,832B,33579
荡,8361,33633
荣,8363,33635
荤,8364,33636
荥,8365,33637
荦,8366,33638
荧,8367,33639
荨,8368,33640
茛,831B,33563
故,6545,25925
荩,8369,33641
胡,80E1,32993
荪,836A,33642
荫,836B,33643
茹,8339,33593
荔,8354,33620
南,5357,21335
荬,836C,33644
荭,836D,33645
药,836F,33647
柰,67F0,26608
标,6807,26631
栈,6808,26632
柑,67D1,26577
枯,67AF,26543
栉,6809,26633
柯,67EF,26607
柄,67C4,26564
柘,67D8,26584
栊,680A,26634
柩,67E9,26601
枰,67B0,26544
栋,680B,26635
栌,680C,26636
相,76F8,30456
查,67E5,26597
柙,67D9,26585
枵,67B5,26549
柚,67DA,26586
枳,67B3,26547
柞,67DE,26590
柏,67CF,26575
柝,67DD,26589
栀,6800,26624
柃,67C3,26563
柢,67E2,26594
栎,680E,26638
枸,67B8,26552
栅,6805,26629
柳,67F3,26611
柱,67F1,26609
柿,67FF,26623
栏,680F,26639
柈,67C8,26568
柠,67E0,26592
柁,67C1,26561
枷,67B7,26551
柽,67FD,26621
树,6811,26641
勃,52C3,21187
剌,524C,21068
郚,90DA,37082
剅,5245,21061
要,8981,35201
酊,914A,37194
郦,90E6,37094
柬,67EC,26604
咸,54B8,21688
威,5A01,23041
歪,6B6A,27498
甭,752D,29997
研,7814,30740
砖,7816,30742
厘,5398,21400
砗,7817,30743
厚,539A,21402
砑,7811,30737
砘,7818,30744
砒,7812,30738
砌,780C,30732
砂,7802,30722
泵,6CF5,27893
砚,781A,30746
斫,65AB,26027
砭,782D,30765
砜,781C,30748
砍,780D,30733
面,9762,38754
耐,8010,32784
耍,800D,32781
奎,594E,22862
耷,8037,32823
牵,7275,29301
鸥,9E25,40485
虺,867A,34426
残,6B8B,27531
殂,6B82,27522
殃,6B83,27523
殇,6B87,27527
殄,6B84,27524
殆,6B86,27526
轱,8F71,36721
轲,8F72,36722
轳,8F73,36723
轴,8F74,36724
轵,8F75,36725
轶,8F76,36726
轷,8F77,36727
轸,8F78,36728
轹,8F79,36729
轺,8F7A,36730
轻,8F7B,36731
鸦,9E26,40486
虿,867F,34431
皆,7686,30342
毖,6BD6,27606
韭,97ED,38893
背,80CC,32972
战,6218,25112
觇,89C7,35271
点,70B9,28857
虐,8650,34384
临,4E34,20020
览,89C8,35272
竖,7AD6,31446
尜,5C1C,23580
省,7701,30465
削,524A,21066
尝,5C1D,23581
哐,54D0,21712
昧,6627,26151
眄,7704,30468
眍,770D,30477
盹,76F9,30457
是,662F,26159
郢,90E2,37090
眇,7707,30471
眊,770A,30474
盼,76FC,30460
眨,7728,30504
昽,663D,26173
眈,7708,30472
哇,54C7,21703
咭,54AD,21677
哄,54C4,21700
哑,54D1,21713
显,663E,26174
冒,5192,20882
映,6620,26144
禺,79BA,31162
哂,54C2,21698
星,661F,26143
昨,6628,26152
咴,54B4,21684
曷,66F7,26359
昴,6634,26164
咧,54A7,21671
昱,6631,26161
昵,6635,26165
咦,54A6,21670
哓,54D3,21715
昭,662D,26157
哔,54D4,21716
畎,754E,30030
畏,754F,30031
毗,6BD7,27607
趴,8DB4,36276
呲,5472,21618
胄,80C4,32964
胃,80C3,32963
贵,8D35,36149
畋,754B,30027
畈,7548,30024
界,754C,30028
虹,8679,34425
虾,867E,34430
虼,867C,34428
虻,867B,34427
蚁,8681,34433
思,601D,24605
蚂,8682,34434
盅,76C5,30405
咣,54A3,21667
虽,867D,34429
品,54C1,21697
咽,54BD,21693
骂,9A82,39554
哕,54D5,21717
剐,5250,21072
郧,90E7,37095
勋,52CB,21195
咻,54BB,21691
哗,54D7,21719
囿,56FF,22271
咱,54B1,21681
咿,54BF,21695
响,54CD,21709
哌,54CC,21708
哙,54D9,21721
哈,54C8,21704
哚,54DA,21722
咯,54AF,21679
哆,54C6,21702
咬,54AC,21676
咳,54B3,21683
咩,54A9,21673
咪,54AA,21674
咤,54A4,21668
哝,54DD,21725
哪,54EA,21738
哏,54CF,21711
哞,54DE,21726
哟,54DF,21727
峙,5CD9,23769
炭,70AD,28845
峡,5CE1,23777
峣,5CE3,23779
罘,7F58,32600
帧,5E27,24103
罚,7F5A,32602
峒,5CD2,23762
峤,5CE4,23780
峋,5CCB,23755
峥,5CE5,23781
峧,5CE7,23783
帡,5E21,24097
贱,8D31,36145
贴,8D34,36148
贶,8D36,36150
贻,8D3B,36155
骨,9AA8,39592
幽,5E7D,24189
钘,9498,38040
钙,9499,38041
钚,949A,38042
钛,949B,38043
钝,949D,38045
钞,949E,38046
钟,949F,38047
钡,94A1,38049
钠,94A0,38048
钢,94A2,38050
钣,94A3,38051
钤,94A4,38052
钥,94A5,38053
钦,94A6,38054
钧,94A7,38055
钨,94A8,38056
钩,94A9,38057
钪,94AA,38058
钫,94AB,38059
钬,94AC,38060
钭,94AD,38061
钮,94AE,38062
钯,94AF,38063
卸,5378,21368
缸,7F38,32568
拜,62DC,25308
看,770B,30475
矩,77E9,30697
矧,77E7,30695
毡,6BE1,27617
氡,6C21,27681
氟,6C1F,27679
氢,6C22,27682
牯,726F,29295
怎,600E,24590
郜,90DC,37084
牲,7272,29298
选,9009,36873
适,9002,36866
秕,79D5,31189
秒,79D2,31186
香,9999,39321
种,79CD,31181
秭,79ED,31213
秋,79CB,31179
科,79D1,31185
重,91CD,37325
复,590D,22797
竽,7AFD,31485
竿,7AFF,31487
笈,7B08,31496
笃,7B03,31491
俦,4FE6,20454
段,6BB5,27573
俨,4FE8,20456
俅,4FC5,20421
便,4FBF,20415
俩,4FE9,20457
俪,4FEA,20458
叟,53DF,21471
垡,57A1,22433
贷,8D37,36151
牮,726E,29294
顺,987A,39034
修,4FEE,20462
俏,4FCF,20431
俣,4FE3,20451
俚,4FDA,20442
保,4FDD,20445
俜,4FDC,20444
促,4FC3,20419
俄,4FC4,20420
俐,4FD0,20432
侮,4FAE,20398
俭,4FED,20461
俗,4FD7,20439
俘,4FD8,20440
信,4FE1,20449
皇,7687,30343
泉,6CC9,27849
皈,7688,30344
鬼,9B3C,39740
侵,4FB5,20405
禹,79B9,31161
侯,4FAF,20399
追,8FFD,36861
俑,4FD1,20433
俟,4FDF,20447
俊,4FCA,20426
盾,76FE,30462
逅,9005,36869
待,5F85,24453
徊,5F8A,24458
徇,5F87,24455
徉,5F89,24457
衍,884D,34893
律,5F8B,24459
很,5F88,24456
须,987B,39035
舢,8222,33314
舣,8223,33315
叙,53D9,21465
俞,4FDE,20446
弇,5F07,24327
郗,90D7,37079
剑,5251,21073
逃,9003,36867
俎,4FCE,20430
郤,90E4,37092
爰,7230,29232
郛,90DB,37083
食,98DF,39135
瓴,74F4,29940
盆,76C6,30406
胚,80DA,32986
胧,80E7,32999
胨,80E8,33000
胩,80E9,33001
胪,80EA,33002
胆,80C6,32966
胛,80DB,32987
胂,80C2,32962
胜,80DC,32988
胙,80D9,32985
胍,80CD,32973
胗,80D7,32983
胝,80DD,32989
朐,6710,26384
胞,80DE,32990
胖,80D6,32982
脉,8109,33033
胫,80EB,33003
胎,80CE,32974
鸨,9E28,40488
匍,530D,21261
勉,52C9,21193
狨,72E8,29416
狭,72ED,29421
狮,72EE,29422
独,72EC,29420
狯,72EF,29423
狰,72F0,29424
狡,72E1,29409
飐,98D0,39120
飑,98D1,39121
狩,72E9,29417
狱,72F1,29425
狠,72E0,29408
狲,72F2,29426
訇,8A07,35335
訄,8A04,35332
逄,9004,36868
昝,661D,26141
贸,8D38,36152
怨,6028,24616
急,6025,24613
饵,9975,39285
饶,9976,39286
蚀,8680,34432
饷,9977,39287
饸,9978,39288
饹,9979,39289
饺,997A,39290
饻,997B,39291
胤,80E4,32996
饼,997C,39292
峦,5CE6,23782
弯,5F2F,24367
孪,5B6A,23402
娈,5A08,23048
将,5C06,23558
奖,5956,22870
哀,54C0,21696
亭,4EAD,20141
亮,4EAE,20142
庤,5EA4,24228
度,5EA6,24230
弈,5F08,24328
奕,5955,22869
迹,8FF9,36857
庭,5EAD,24237
庥,5EA5,24229
疬,75AC,30124
疣,75A3,30115
疥,75A5,30117
疭,75AD,30125
疮,75AE,30126
疯,75AF,30127
疫,75AB,30123
疢,75A2,30114
疤,75A4,30116
庠,5EA0,24224
咨,54A8,21672
姿,59FF,23039
亲,4EB2,20146
竑,7AD1,31441
音,97F3,38899
彦,5F66,24422
飒,98D2,39122
帝,5E1D,24093
施,65BD,26045
闺,95FA,38394
闻,95FB,38395
闼,95FC,38396
闽,95FD,38397
闾,95FE,38398
闿,95FF,38399
阀,9600,38400
阁,9601,38401
阂,9602,38402
差,5DEE,24046
养,517B,20859
美,7F8E,32654
羑,7F91,32657
姜,59DC,23004
迸,8FF8,36856
叛,53DB,21467
送,9001,36865
类,7C7B,31867
籼,7C7C,31868
迷,8FF7,36855
籽,7C7D,31869
娄,5A04,23044
前,524D,21069
酋,914B,37195
首,9996,39318
逆,9006,36870
兹,5179,20857
总,603B,24635
炳,70B3,28851
炻,70BB,28859
炼,70BC,28860
炟,709F,28831
炽,70BD,28861
炯,70AF,28847
炸,70B8,28856
烀,70C0,28864
烁,70C1,28865
炮,70AE,28846
炷,70B7,28855
炫,70AB,28843
烂,70C2,28866
烃,70C3,28867
剃,5243,21059
洼,6D3C,27964
洁,6D01,27905
洱,6D31,27953
洪,6D2A,27946
洹,6D39,27961
洒,6D12,27922
洧,6D27,27943
洌,6D0C,27916
浃,6D43,27971
柒,67D2,26578
浇,6D47,27975
泚,6CDA,27866
浈,6D48,27976
浉,6D49,27977
浊,6D4A,27978
洞,6D1E,27934
洇,6D07,27911
洄,6D04,27908
测,6D4B,27979
洙,6D19,27929
洗,6D17,27927
活,6D3B,27963
洑,6D11,27921
涎,6D8E,28046
洎,6D0E,27918
洫,6D2B,27947
派,6D3E,27966
浍,6D4D,27981
洽,6D3D,27965
洮,6D2E,27950
染,67D3,26579
洵,6D35,27957
洚,6D1A,27930
洺,6D3A,27962
洛,6D1B,27931
浏,6D4F,27983
济,6D4E,27982
洨,6D28,27944
浐,6D50,27984
洋,6D0B,27915
洴,6D34,27956
洣,6D23,27939
洲,6D32,27954
浑,6D51,27985
浒,6D52,27986
浓,6D53,27987
津,6D25,27941
浔,6D54,27988
浕,6D55,27989
洳,6D33,27955
恸,6078,24696
恃,6043,24643
恒,6052,24658
恹,6079,24697
恢,6062,24674
恍,604D,24653
恫,606B,24683
恺,607A,24698
恻,607B,24699
恬,606C,24684
恤,6064,24676
恰,6070,24688
恂,6042,24642
恪,606A,24682
恼,607C,24700
恽,607D,24701
恨,6068,24680
举,4E3E,20030
觉,89C9,35273
宣,5BA3,23459
宦,5BA6,23462
宥,5BA5,23461
宬,5BAC,23468
室,5BA4,23460
宫,5BAB,23467
宪,5BAA,23466
突,7A81,31361
穿,7A7F,31359
窀,7A80,31360
窃,7A83,31363
客,5BA2,23458
诫,8BEB,35819
冠,51A0,20896
诬,8BEC,35820
语,8BED,35821
扁,6241,25153
扃,6243,25155
袆,8886,34950
衲,8872,34930
衽,887D,34941
袄,8884,34948
衿,887F,34943
袂,8882,34946
祛,795B,31067
祜,795C,31068
祓,7953,31059
祖,7956,31062
神,795E,31070
祝,795D,31069
祚,795A,31066
诮,8BEE,35822
祗,7957,31063
祢,7962,31074
祠,7960,31072
误,8BEF,35823
诰,8BF0,35824
诱,8BF1,35825
诲,8BF2,35826
诳,8BF3,35827
鸩,9E29,40489
说,8BF4,35828
昶,6636,26166
诵,8BF5,35829
郡,90E1,37089
垦,57A6,22438
退,9000,36864
既,65E2,26082
屋,5C4B,23627
昼,663C,26172
咫,54AB,21675
屏,5C4F,23631
屎,5C4E,23630
弭,5F2D,24365
费,8D39,36153
陡,9661,38497
逊,900A,36874
牁,7241,29249
眉,7709,30473
胥,80E5,32997
孩,5B69,23401
陛,965B,38491
陟,965F,38495
陧,9667,38503
陨,9668,38504
除,9664,38500
险,9669,38505
院,9662,38498
娃,5A03,23043
姞,59DE,23006
姥,59E5,23013
娅,5A05,23045
姨,59E8,23016
娆,5A06,23046
姻,59FB,23035
姝,59DD,23005
娇,5A07,23047
姚,59DA,23002
姽,59FD,23037
姣,59E3,23011
姘,59D8,23000
姹,59F9,23033
娜,5A1C,23068
怒,6012,24594
架,67B6,26550
贺,8D3A,36154
盈,76C8,30408
怼,603C,24636
羿,7FBF,32703
勇,52C7,21191
炱,70B1,28849
怠,6020,24608
癸,7678,30328
蚤,86A4,34468
柔,67D4,26580
矜,77DC,30684
垒,5792,22418
绑,7ED1,32465
绒,7ED2,32466
结,7ED3,32467
绔,7ED4,32468
骁,9A81,39553
绕,7ED5,32469
骄,9A84,39556
骅,9A85,39557
绗,7ED7,32471
绘,7ED8,32472
给,7ED9,32473
绚,7EDA,32474
彖,5F56,24406
绛,7EDB,32475
络,7EDC,32476
骆,9A86,39558
绝,7EDD,32477
绞,7EDE,32478
骇,9A87,39559
统,7EDF,32479
骈,9A88,39560
耕,8015,32789
耘,8018,32792
耖,8016,32790
耗,8017,32791
耙,8019,32793
艳,8273,33395
挈,6308,25352
恝,605D,24669
泰,6CF0,27888
秦,79E6,31206
珥,73E5,29669
珙,73D9,29657
顼,987C,39036
珰,73F0,29680
珠,73E0,29664
珽,73FD,29693
珩,73E9,29673
珧,73E7,29671
珣,73E3,29667
珞,73DE,29662
琤,7424,29732
班,73ED,29677
珲,73F2,29682
敖,6556,25942
素,7D20,32032
匿,533F,21311
蚕,8695,34453
顽,987D,39037
盏,76CF,30415
匪,532A,21290
恚,605A,24666
捞,635E,25438
栽,683D,26685
捕,6355,25429
埔,57D4,22484
埂,57C2,22466
捂,6342,25410
振,632F,25391
载,8F7D,36733
赶,8D76,36214
起,8D77,36215
盐,76D0,30416
捎,634E,25422
捍,634D,25421
埕,57D5,22485
捏,634F,25423
埘,57D8,22488
埋,57CB,22475
捉,6349,25417
捆,6346,25414
捐,6350,25424
埚,57DA,22490
埙,57D9,22489
损,635F,25439
袁,8881,34945
挹,6339,25401
捌,634C,25420
都,90FD,37117
哲,54F2,21746
逝,901D,36893
耆,8006,32774
耄,8004,32772
捡,6361,25441
挫,632B,25387
捋,634B,25419
埒,57D2,22482
换,6362,25442
挽,633D,25405
贽,8D3D,36157
挚,631A,25370
热,70ED,28909
恐,6050,24656
捣,6363,25443
垸,57B8,22456
壶,58F6,22774
捃,6343,25411
捅,6345,25413
盍,76CD,30413
埃,57C3,22467
挨,6328,25384
耻,803B,32827
耿,803F,32831
耽,803D,32829
聂,8042,32834
莰,83B0,33712
茝,831D,33565
荸,8378,33656
莆,8386,33670
恭,606D,24685
莽,83BD,33725
莱,83B1,33713
莲,83B2,33714
莳,83B3,33715
莫,83AB,33707
莴,83B4,33716
莪,83AA,33706
莉,8389,33673
莠,83A0,33696
莓,8393,33683
荷,8377,33655
莜,839C,33692
莅,8385,33669
荼,837C,33660
莶,83B6,33718
莩,83A9,33705
荽,837D,33661
获,83B7,33719
莸,83B8,33720
荻,837B,33659
莘,8398,33688
晋,664B,26187
恶,6076,24694
莎,838E,33678
莞,839E,33694
莹,83B9,33721
莨,83A8,33704
莺,83BA,33722
真,771F,30495
莙,8399,33689
鸪,9E2A,40490
莼,83BC,33724
框,6846,26694
梆,6886,26758
桂,6842,26690
桔,6854,26708
栲,6832,26674
栳,6833,26675
郴,90F4,37108
桓,6853,26707
栖,6816,26646
桡,6861,26721
桎,684E,26702
桢,6862,26722
桄,6844,26692
档,6863,26723
桐,6850,26704
桤,6864,26724
株,682A,26666
梃,6883,26755
栝,681D,26653
桥,6865,26725
桕,6855,26709
桦,6866,26726
桁,6841,26689
栓,6813,26643
桧,6867,26727
桃,6843,26691
桅,6845,26693
栒,6812,26642
格,683C,26684
桩,6869,26729
校,6821,26657
核,6838,26680
样,6837,26679
栟,681F,26655
桉,6849,26697
根,6839,26681
栩,6829,26665
逑,9011,36881
索,7D22,32034
逋,900B,36875
彧,5F67,24423
哥,54E5,21733
速,901F,36895
鬲,9B32,39730
豇,8C47,35911
逗,9017,36887
栗,6817,26647
贾,8D3E,36158
酐,9150,37200
酎,914E,37198
酌,914C,37196
配,914D,37197
酏,914F,37199
逦,9026,36902
翅,7FC5,32709
辱,8FB1,36785
唇,5507,21767
厝,539D,21405
孬,5B6C,23404
夏,590F,22799
砝,781D,30749
砹,7839,30777
砸,7838,30776
砺,783A,30778
砰,7830,30768
砧,7827,30759
砷,7837,30775
砟,781F,30751
砼,783C,30780
砥,7825,30757
砾,783E,30782
砣,7823,30755
础,7840,30784
破,7834,30772
硁,7841,30785
恧,6067,24679
原,539F,21407
套,5957,22871
剞,525E,21086
逐,9010,36880
砻,783B,30779
烈,70C8,28872
殊,6B8A,27530
殉,6B89,27529
顾,987E,39038
轼,8F7C,36732
轾,8F7E,36734
轿,8F7F,36735
辀,8F80,36736
辁,8F81,36737
辂,8F82,36738
较,8F83,36739
鸫,9E2B,40491
顿,987F,39039
趸,8DB8,36280
毙,6BD9,27609
致,81F4,33268
剕,5255,21077
龀,9F80,40832
柴,67F4,26612
桌,684C,26700
鸬,9E2C,40492
虔,8654,34388
虑,8651,34385
监,76D1,30417
紧,7D27,32039
逍,900D,36877
党,515A,20826
眬,772C,30508
唛,551B,21787
逞,901E,36894
晒,6652,26194
晟,665F,26207
眩,7729,30505
眠,7720,30496
晓,6653,26195
眙,7719,30489
唝,551D,21789
哧,54E7,21735
哳,54F3,21747
哮,54EE,21742
唠,5520,21792
鸭,9E2D,40493
晃,6643,26179
哺,54FA,21754
哽,54FD,21757
唔,5514,21780
晔,6654,26196
晌,664C,26188
晁,6641,26177
剔,5254,21076
晏,664F,26191
晖,6656,26198
晕,6655,26197
鸮,9E2E,40494
趵,8DB5,36277
趿,8DBF,36287
畛,755B,30043
蚌,868C,34444
蚨,86A8,34472
蚜,869C,34460
蚍,868D,34445
蚋,868B,34443
蚬,86AC,34476
畔,7554,30036
蚝,869D,34461
蚧,86A7,34471
蚣,86A3,34467
蚊,868A,34442
蚪,86AA,34474
蚓,8693,34451
哨,54E8,21736
唢,5522,21794
哩,54E9,21737
圃,5703,22275
哭,54ED,21741
圄,5704,22276
哦,54E6,21734
唣,5523,21795
唏,550F,21775
恩,6069,24681
盎,76CE,30414
唑,5511,21777
鸯,9E2F,40495
唤,5524,21796
唁,5501,21761
哼,54FC,21756
唧,5527,21799
啊,554A,21834
唉,5509,21769
唆,5506,21766
帱,5E31,24113
崂,5D02,23810
崃,5D03,23811
罡,7F61,32609
罢,7F62,32610
罟,7F5F,32607
峭,5CED,23789
峨,5CE8,23784
峪,5CEA,23786
峰,5CF0,23792
圆,5706,22278
觊,89CA,35274
峻,5CFB,23803
贼,8D3C,36156
贿,8D3F,36159
赂,8D42,36162
赃,8D43,36163
赅,8D45,36165
赆,8D46,36166
钰,94B0,38064
钱,94B1,38065
钲,94B2,38066
钳,94B3,38067
钴,94B4,38068
钵,94B5,38069
钷,94B7,38071
钹,94B9,38073
钺,94BA,38074
钻,94BB,38075
钼,94BC,38076
钽,94BD,38077
钾,94BE,38078
钿,94BF,38079
铀,94C0,38080
铁,94C1,38081
铂,94C2,38082
铃,94C3,38083
铄,94C4,38084
铅,94C5,38085
铆,94C6,38086
铈,94C8,38088
铉,94C9,38089
铊,94CA,38090
铋,94CB,38091
铌,94CC,38092
铍,94CD,38093
铎,94CE,38094
眚,771A,30490
缺,7F3A,32570
氩,6C29,27689
氤,6C24,27684
氦,6C26,27686
氧,6C27,27687
氨,6C28,27688
毪,6BEA,27626
特,7279,29305
牺,727A,29306
造,9020,36896
乘,4E58,20056
敌,654C,25932
舐,8210,33296
秣,79E3,31203
秫,79EB,31211
秤,79E4,31204
租,79DF,31199
秧,79E7,31207
积,79EF,31215
盉,76C9,30409
秩,79E9,31209
称,79F0,31216
秘,79D8,31192
透,900F,36879
笄,7B04,31492
笕,7B15,31509
笔,7B14,31508
笑,7B11,31505
笊,7B0A,31498
笫,7B2B,31531
笏,7B0F,31503
笋,7B0B,31499
笆,7B06,31494
俸,4FF8,20472
倩,5029,20521
债,503A,20538
俵,4FF5,20469
倻,503B,20539
借,501F,20511
偌,504C,20556
值,503C,20540
倚,501A,20506
俺,4FFA,20474
倾,503E,20542
倒,5012,20498
俳,4FF3,20467
俶,4FF6,20470
倬,502C,20524
倏,500F,20495
倘,5018,20504
俱,4FF1,20465
倡,5021,20513
候,5019,20505
赁,8D41,36161
恁,6041,24641
倭,502D,20525
倪,502A,20522
俾,4FFE,20478
倜,501C,20508
隼,96BC,38588
隽,96BD,38589
倞,501E,20510
俯,4FEF,20463
倍,500D,20493
倦,5026,20518
倓,5013,20499
倌,500C,20492
倥,5025,20517
臬,81EC,33260
健,5065,20581
臭,81ED,33261
射,5C04,23556
皋,768B,30347
躬,8EAC,36524
息,606F,24687
郫,90EB,37099
倨,5028,20520
倔,5014,20500
衄,8844,34884
颀,9880,39040
徒,5F92,24466
徕,5F95,24469
徐,5F90,24464
殷,6BB7,27575
舰,8230,33328
舨,8228,33320
舱,8231,33329
般,822C,33324
航,822A,33322
舫,822B,33323
瓞,74DE,29918
途,9014,36884
拿,62FF,25343
釜,91DC,37340
耸,8038,32824
爹,7239,29241
舀,8200,33280
爱,7231,29233
豺,8C7A,35962
豹,8C79,35961
奚,595A,22874
鬯,9B2F,39727
衾,887E,34942
鸰,9E30,40496
颁,9881,39041
颂,9882,39042
翁,7FC1,32705
胯,80EF,33007
胰,80F0,33008
胱,80F1,33009
胴,80F4,33012
胭,80ED,33005
脍,810D,33037
脎,810E,33038
脆,8106,33030
脂,8102,33026
胸,80F8,33016
胳,80F3,33011
脏,810F,33039
脐,8110,33040
胶,80F6,33014
脑,8111,33041
胲,80F2,33010
胼,80FC,33020
朕,6715,26389
脒,8112,33042
胺,80FA,33018
脓,8113,33043
鸱,9E31,40497
玺,73BA,29626
鱽,9C7D,40061
鸲,9E32,40498
逛,901B,36891
狴,72F4,29428
狸,72F8,29432
狷,72F7,29431
猁,7301,29441
狳,72F3,29427
猃,7303,29443
狺,72FA,29434
逖,9016,36886
狼,72FC,29436
卿,537F,21375
狻,72FB,29435
逢,9022,36898
桀,6840,26688
鸵,9E35,40501
留,7559,30041
袅,8885,34949
眢,7722,30498
鸳,9E33,40499
皱,76B1,30385
饽,997D,39293
饿,997F,39295
馀,9980,39296
馁,9981,39297
凌,51CC,20940
凇,51C7,20935
凄,51C4,20932
栾,683E,26686
挛,631B,25371
恋,604B,24651
桨,6868,26728
浆,6D46,27974
衰,8870,34928
勍,52CD,21197
衷,8877,34935
高,9AD8,39640
亳,4EB3,20147
郭,90ED,37101
席,5E2D,24109
准,51C6,20934
座,5EA7,24231
脊,810A,33034
症,75C7,30151
疳,75B3,30131
疴,75B4,30132
病,75C5,30149
疽,75BD,30141
疸,75B8,30136
疾,75BE,30142
痄,75C4,30148
斋,658B,25995
疹,75B9,30137
痈,75C8,30152
疼,75BC,30140
疱,75B1,30129
疰,75B0,30128
痃,75C3,30147
痂,75C2,30146
疲,75B2,30130
痉,75C9,30153
效,6548,25928
离,79BB,31163
衮,886E,34926
紊,7D0A,32010
唐,5510,21776
凋,51CB,20939
颃,9883,39043
瓷,74F7,29943
资,8D44,36164
恣,6063,24675
凉,51C9,20937
站,7AD9,31449
剖,5256,21078
竞,7ADE,31454
部,90E8,37096
旁,65C1,26049
旆,65C6,26054
旄,65C4,26052
旅,65C5,26053
旃,65C3,26051
畜,755C,30044
阃,9603,38403
阄,9604,38404
阅,9605,38405
阆,9606,38406
羞,7F9E,32670
羔,7F94,32660
恙,6059,24665
瓶,74F6,29942
桊,684A,26698
拳,62F3,25331
敉,6549,25929
粉,7C89,31881
料,6599,26009
粑,7C91,31889
益,76CA,30410
兼,517C,20860
朔,6714,26388
郸,90F8,37112
烤,70E4,28900
烘,70D8,28888
烜,70DC,28892
烦,70E6,28902
烧,70E7,28903
烛,70DB,28891
烟,70DF,28895
烨,70E8,28904
烩,70E9,28905
烙,70D9,28889
烊,70CA,28874
剡,5261,21089
郯,90EF,37103
烬,70EC,28908
递,9012,36882
涛,6D9B,28059
浙,6D59,27993
涝,6D9D,28061
浡,6D61,28001
浦,6D66,28006
涑,6D91,28049
浯,6D6F,28015
酒,9152,37202
涞,6D9E,28062
涟,6D9F,28063
涉,6D89,28041
娑,5A11,23057
消,6D88,28040
涅,6D85,28037
涠,6DA0,28064
浞,6D5E,27998
涓,6D93,28051
涢,6DA2,28066
涡,6DA1,28065
浥,6D65,28005
涔,6D94,28052
浩,6D69,28009
海,6D77,28023
浜,6D5C,27996
涂,6D82,28034
浠,6D60,28000
浴,6D74,28020
浮,6D6E,28014
涣,6DA3,28067
浼,6D7C,28028
涤,6DA4,28068
流,6D41,27969
润,6DA6,28070
涧,6DA7,28071
涕,6D95,28053
浣,6D63,28003
浪,6D6A,28010
浸,6D78,28024
涨,6DA8,28072
烫,70EB,28907
涩,6DA9,28073
涌,6D8C,28044
涘,6D98,28056
浚,6D5A,27994
悖,6096,24726
悚,609A,24730
悟,609F,24735
悭,60AD,24749
悄,6084,24708
悍,608D,24717
悝,609D,24733
悃,6083,24707
悒,6092,24722
悔,6094,24724
悯,60AF,24751
悦,60A6,24742
悌,608C,24716
悢,60A2,24738
悛,609B,24731
害,5BB3,23475
宽,5BBD,23485
宸,5BB8,23480
家,5BB6,23478
宵,5BB5,23477
宴,5BB4,23476
宾,5BBE,23486
窍,7A8D,31373
窅,7A85,31365
窄,7A84,31364
容,5BB9,23481
窈,7A88,31368
剜,525C,21084
宰,5BB0,23472
案,6848,26696
请,8BF7,35831
朗,6717,26391
诸,8BF8,35832
诹,8BF9,35833
诺,8BFA,35834
读,8BFB,35835
扅,6245,25157
诼,8BFC,35836
冢,51A2,20898
扇,6247,25159
诽,8BFD,35837
袜,889C,34972
袪,88AA,34986
袒,8892,34962
袖,8896,34966
袗,8897,34967
袍,888D,34957
袢,88A2,34978
被,88AB,34987
袯,88AF,34991
祯,796F,31087
祧,7967,31079
祥,7965,31077
课,8BFE,35838
冥,51A5,20901
诿,8BFF,35839
谀,8C00,35840
谁,8C01,35841
谂,8C02,35842
调,8C03,35843
冤,51A4,20900
谄,8C04,35844
谅,8C05,35845
谆,8C06,35846
谇,8C07,35847
谈,8C08,35848
谊,8C0A,35850
剥,5265,21093
恳,6073,24691
展,5C55,23637
剧,5267,21095
屑,5C51,23633
屐,5C50,23632
屙,5C59,23641
弱,5F31,24369
陵,9675,38517
陬,966C,38508
勐,52D0,21200
奘,5958,22872
疍,758D,30093
牂,7242,29250
蚩,86A9,34473
祟,795F,31071
陲,9672,38514
陴,9674,38516
陶,9676,38518
陷,9677,38519
陪,966A,38506
姬,59EC,23020
娠,5A20,23072
娱,5A31,23089
娌,5A0C,23052
娉,5A09,23049
娟,5A1F,23071
娲,5A32,23090
恕,6055,24661
娥,5A25,23077
娩,5A29,23081
娴,5A34,23092
娣,5A23,23075
娘,5A18,23064
娓,5A13,23059
婀,5A40,23104
砮,782E,30766
哿,54FF,21759
畚,755A,30042
通,901A,36890
能,80FD,33021
难,96BE,38590
逡,9021,36897
预,9884,39044
桑,6851,26705
剟,525F,21087
绠,7EE0,32480
骊,9A8A,39562
绡,7EE1,32481
骋,9A8B,39563
绢,7EE2,32482
绣,7EE3,32483
验,9A8C,39564
绤,7EE4,32484
绥,7EE5,32485
绦,7EE6,32486
骍,9A8D,39565
继,7EE7,32487
绨,7EE8,32488
骎,9A8E,39566
骏,9A8F,39567
邕,9095,37013
烝,70DD,28893
鸶,9E36,40502
彗,5F57,24407
耜,801C,32796
焘,7118,28952
舂,8202,33282
琎,740E,29710
球,7403,29699
琏,740F,29711
琐,7410,29712
理,7406,29702
琇,7407,29703
麸,9EB8,40632
琉,7409,29705
琅,7405,29701
捧,6367,25447
掭,63AD,25517
堵,5835,22581
揶,63F6,25590
措,63AA,25514
描,63CF,25551
埴,57F4,22516
域,57DF,22495
捺,637A,25466
掎,638E,25486
埼,57FC,22524
掩,63A9,25513
埯,57EF,22511
捷,6377,25463
捯,636F,25455
排,6392,25490
焉,7109,28937
掉,6389,25481
掳,63B3,25523
掴,63B4,25524
埸,57F8,22520
堌,580C,22540
捶,6376,25462
赦,8D66,36198
赧,8D67,36199
推,63A8,25512
堆,5806,22534
捭,636D,25453
埠,57E0,22496
晢,6662,26210
掀,6380,25472
逵,9035,36917
授,6388,25480
捻,637B,25467
埝,57DD,22493
堋,580B,22539
教,6559,25945
堍,580D,22541
掏,638F,25487
掐,6390,25488
掬,63AC,25516
鸷,9E37,40503
掠,63A0,25504
掂,6382,25474
掖,6396,25494
培,57F9,22521
掊,638A,25482
接,63A5,25509
堉,5809,22537
掷,63B7,25527
掸,63B8,25528
控,63A7,25511
捩,6369,25449
掮,63AE,25518
探,63A2,25506
悫,60AB,24747
埭,57ED,22509
埽,57FD,22525
据,636E,25454
掘,6398,25496
掺,63BA,25530
掇,6387,25479
掼,63BC,25532
职,804C,32844
聃,8043,32835
基,57FA,22522
聆,8046,32838
勘,52D8,21208
聊,804A,32842
聍,804D,32845
娶,5A36,23094
菁,83C1,33729
菝,83DD,33757
著,8457,33879
菱,83F1,33777
萁,8401,33793
菥,83E5,33765
菘,83D8,33752
堇,5807,22535
勒,52D2,21202
黄,9EC4,40644
萘,8418,33816
萋,840B,33803
勚,52DA,21210
菲,83F2,33778
菽,83FD,33789
菖,83D6,33750
萌,840C,33804
萜,841C,33820
萝,841D,33821
菌,83CC,33740
萎,840E,33806
萸,8438,33848
萑,8411,33809
菂,83C2,33730
菜,83DC,33756
棻,68FB,26875
菔,83D4,33748
菟,83DF,33759
萄,8404,33796
萏,840F,33807
菊,83CA,33738
萃,8403,33795
菩,83E9,33769
菼,83FC,33788
菏,83CF,33743
萍,840D,33805
菹,83F9,33785
菠,83E0,33760
菪,83EA,33770
菅,83C5,33733
菀,83C0,33728
萤,8424,33828
营,8425,33829
萦,8426,33830
乾,4E7E,20094
萧,8427,33831
菰,83F0,33776
菡,83E1,33761
萨,8428,33832
菇,83C7,33735
械,68B0,26800
梽,68BD,26813
彬,5F6C,24428
梵,68B5,26805
梦,68A6,26790
婪,5A6A,23146
梗,6897,26775
梧,68A7,26791
梾,68BE,26814
梢,68A2,26786
梏,688F,26767
梅,6885,26757
觋,89CB,35275
检,68C0,26816
桴,6874,26740
桷,6877,26743
梓,6893,26771
梳,68B3,26803
棁,68C1,26817
梯,68AF,26799
桫,686B,26731
棂,68C2,26818
桶,6876,26742
梭,68AD,26797
救,6551,25937
啬,556C,21868
郾,90FE,37118
匮,532E,21294
曹,66F9,26361
敕,6555,25941
副,526F,21103
豉,8C49,35913
票,7968,31080
鄄,9104,37124
酝,915D,37213
酞,915E,37214
酗,9157,37207
酚,915A,37210
厢,53A2,21410
厣,53A3,21411
戚,621A,25114
戛,621B,25115
硎,784E,30798
硅,7845,30789
硭,786D,30829
硒,7852,30802
硕,7855,30805
硖,7856,30806
硗,7857,30807
硐,7850,30800
硚,785A,30810
硇,7847,30791
硌,784C,30796
鸸,9E38,40504
瓠,74E0,29920
匏,530F,21263
奢,5962,22882
盔,76D4,30420
爽,723D,29245
厩,53A9,21417
聋,804B,32843
龚,9F9A,40858
袭,88AD,34989
殒,6B92,27538
殓,6B93,27539
殍,6B8D,27533
盛,76DB,30427
赉,8D49,36169
匾,533E,21310
雩,96E9,38633
雪,96EA,38634
辄,8F84,36740
辅,8F85,36741
辆,8F86,36742
堑,5811,22545
龁,9F81,40833
颅,9885,39045
虚,865A,34394
彪,5F6A,24426
雀,96C0,38592
敝,655D,25949
堂,5802,22530
常,5E38,24120
眶,7736,30518
眭,772D,30509
唪,552A,21802
眦,7726,30502
啧,5567,21863
匙,5319,21273
晡,6661,26209
晤,6664,26212
晨,6668,26216
眺,773A,30522
眵,7735,30517
睁,7741,30529
眯,772F,30511
眼,773C,30524
眸,7738,30520
悬,60AC,24748
野,91CE,37326
圊,570A,22282
啪,556A,21866
啦,5566,21862
喏,558F,21903
喵,55B5,21941
啉,5549,21833
勖,52D6,21206
曼,66FC,26364
晦,6666,26214
晞,665E,26206
晗,6657,26199
晚,665A,26202
冕,5195,20885
啄,5544,21828
啭,556D,21869
啡,5561,21857
畦,7566,30054
趼,8DBC,36284
趺,8DBA,36282
距,8DDD,36317
趾,8DBE,36286
啃,5543,21827
跃,8DC3,36291
啮,556E,21870
跄,8DC4,36292
略,7565,30053
蚶,86B6,34486
蛄,86C4,34500
蛎,86CE,34510
蛆,86C6,34502
蚰,86B0,34480
蚺,86BA,34490
蛊,86CA,34506
圉,5709,22281
蚱,86B1,34481
蚯,86AF,34479
蛉,86C9,34505
蛀,86C0,34496
蛇,86C7,34503
蛏,86CF,34511
蚴,86B4,34484
唬,552C,21804
累,7D2F,32047
鄂,9102,37122
唱,5531,21809
患,60A3,24739
啰,5570,21872
唾,553E,21822
唯,552F,21807
啤,5564,21860
啥,5565,21861
啁,5541,21825
啕,5555,21845
唿,553F,21823
啐,5550,21840
唼,553C,21820
唷,5537,21815
啴,5574,21876
啖,5556,21846
啵,5575,21877
啶,5576,21878
啷,5577,21879
唳,5533,21811
啸,5578,21880
啜,555C,21852
帻,5E3B,24123
崖,5D16,23830
崎,5D0E,23822
崦,5D26,23846
崭,5D2D,23853
逻,903B,36923
帼,5E3C,24124
崮,5D2E,23854
崔,5D14,23828
帷,5E37,24119
崟,5D1F,23839
崤,5D24,23844
崩,5D29,23849
崞,5D1E,23838
崇,5D07,23815
崆,5D06,23814
崛,5D1B,23835
赇,8D47,36167
赈,8D48,36168
婴,5A74,23156
赊,8D4A,36170
圈,5708,22280
铐,94D0,38096
铑,94D1,38097
铒,94D2,38098
铕,94D5,38101
铗,94D7,38103
铘,94D8,38104
铙,94D9,38105
铚,94DA,38106
铛,94DB,38107
铜,94DC,38108
铝,94DD,38109
铞,94DE,38110
铟,94DF,38111
铠,94E0,38112
铡,94E1,38113
铢,94E2,38114
铣,94E3,38115
铤,94E4,38116
铥,94E5,38117
铧,94E7,38119
铨,94E8,38120
铩,94E9,38121
铪,94EA,38122
铫,94EB,38123
铭,94ED,38125
铬,94EC,38124
铮,94EE,38126
铯,94EF,38127
铰,94F0,38128
铱,94F1,38129
铲,94F2,38130
铳,94F3,38131
铴,94F4,38132
铵,94F5,38133
银,94F6,38134
铷,94F7,38135
矫,77EB,30699
氪,6C2A,27690
牾,727E,29310
甜,751C,29980
鸹,9E39,40505
秸,79F8,31224
梨,68A8,26792
犁,7281,29313
稆,7A06,31238
秽,79FD,31229
移,79FB,31227
秾,79FE,31230
逶,9036,36918
笺,7B3A,31546
筇,7B47,31559
笨,7B28,31528
笸,7B38,31544
笼,7B3C,31548
笪,7B2A,31530
笛,7B1B,31515
笙,7B19,31513
笮,7B2E,31534
符,7B26,31526
笱,7B31,31537
笠,7B20,31520
笥,7B25,31525
第,7B2C,31532
笳,7B33,31539
笤,7B24,31524
笾,7B3E,31550
笞,7B1E,31518
敏,654F,25935
偾,507E,20606
做,505A,20570
鸺,9E3A,40506
偃,5043,20547
偕,5055,20565
袋,888B,34955
悠,60A0,24736
偿,507F,20607
偶,5076,20598
偈,5048,20552
偎,504E,20558
偲,5072,20594
傀,5080,20608
偷,5077,20599
您,60A8,24744
偬,506C,20588
售,552E,21806
停,505C,20572
偻,507B,20603
偏,504F,20559
躯,8EAF,36527
皑,7691,30353
兜,515C,20828
皎,768E,30350
假,5047,20551
衅,8845,34885
鸻,9E3B,40507
徘,5F98,24472
徙,5F99,24473
徜,5F9C,24476
得,5F97,24471
衔,8854,34900
舸,8238,33336
舻,823B,33339
舳,8233,33331
盘,76D8,30424
舴,8234,33332
舶,8236,33334
船,8239,33337
鸼,9E3C,40508
舷,8237,33335
舵,8235,33333
斜,659C,26012
龛,9F9B,40859
盒,76D2,30418
鸽,9E3D,40509
瓻,74FB,29947
敛,655B,25947
悉,6089,24713
欲,6B32,27442
彩,5F69,24425
领,9886,39046
翎,7FCE,32718
脚,811A,33050
脖,8116,33046
脯,812F,33071
豚,8C5A,35930
脶,8136,33078
脸,8138,33080
脞,811E,33054
脬,812C,33068
脱,8131,33073
脘,8118,33048
脲,8132,33074
朘,6718,26392
匐,5310,21264
鱾,9C7E,40062
象,8C61,35937
够,591F,22815
逸,9038,36920
猜,731C,29468
猪,732A,29482
猎,730E,29454
猫,732B,29483
猗,7317,29463
凰,51F0,20976
猖,7316,29462
猡,7321,29473
猊,730A,29450
猞,731E,29470
猄,7304,29444
猝,731D,29469
斛,659B,26011
觖,89D6,35286
猕,7315,29461
猛,731B,29467
馗,9997,39319
祭,796D,31085
馃,9983,39299
馄,9984,39300
馅,9985,39301
馆,9986,39302
凑,51D1,20945
减,51CF,20943
鸾,9E3E,40510
毫,6BEB,27627
孰,5B70,23408
烹,70F9,28921
庶,5EB6,24246
庹,5EB9,24249
麻,9EBB,40635
庵,5EB5,24245
庼,5EBC,24252
庾,5EBE,24254
庳,5EB3,24243
痔,75D4,30164
痍,75CD,30157
疵,75B5,30133
痊,75CA,30154
痒,75D2,30162
痕,75D5,30165
廊,5ECA,24266
康,5EB7,24247
庸,5EB8,24248
鹿,9E7F,40575
盗,76D7,30423
章,7AE0,31456
竟,7ADF,31455
翊,7FCA,32714
商,5546,21830
旌,65CC,26060
族,65CF,26063
旎,65CE,26062
旋,65CB,26059
望,671B,26395
袤,88A4,34980
率,7387,29575
阇,9607,38407
阈,9608,38408
阉,9609,38409
阊,960A,38410
阋,960B,38411
阌,960C,38412
阍,960D,38413
阎,960E,38414
阏,960F,38415
阐,9610,38416
着,7740,30528
羚,7F9A,32666
羝,7F9D,32669
羟,7F9F,32671
盖,76D6,30422
眷,7737,30519
粝,7C9D,31901
粘,7C98,31896
粗,7C97,31895
粕,7C95,31893
粒,7C92,31890
断,65AD,26029
剪,526A,21098
兽,517D,20861
焐,7110,28944
焊,710A,28938
烯,70EF,28911
焓,7113,28947
焕,7115,28949
烽,70FD,28925
焖,7116,28950
烷,70F7,28919
烺,70FA,28922
焌,710C,28940
清,6E05,28165
渍,6E0D,28173
添,6DFB,28155
渚,6E1A,28186
鸿,9E3F,40511
淇,6DC7,28103
淋,6DCB,28107
淅,6DC5,28101
淞,6DDE,28126
渎,6E0E,28174
涯,6DAF,28079
淹,6DF9,28153
涿,6DBF,28095
渠,6E20,28192
渐,6E10,28176
淑,6DD1,28113
淖,6DD6,28118
挲,6332,25394
淌,6DCC,28108
淏,6DCF,28111
混,6DF7,28151
淠,6DE0,28128
涸,6DB8,28088
渑,6E11,28177
淮,6DEE,28142
淦,6DE6,28134
淆,6DC6,28102
渊,6E0A,28170
淫,6DEB,28139
淝,6DDD,28125
渔,6E14,28180
淘,6DD8,28120
淳,6DF3,28147
液,6DB2,28082
淬,6DEC,28140
涪,6DAA,28074
淤,6DE4,28132
淡,6DE1,28129
淙,6DD9,28121
淀,6DC0,28096
涫,6DAB,28075
深,6DF1,28145
渌,6E0C,28172
涮,6DAE,28078
涵,6DB5,28085
婆,5A46,23110
梁,6881,26753
渗,6E17,28183
淄,6DC4,28100
情,60C5,24773
惬,60EC,24812
悻,60BB,24763
惜,60DC,24796
惭,60ED,24813
悱,60B1,24753
悼,60BC,24764
惝,60DD,24797
惧,60E7,24807
惕,60D5,24789
惘,60D8,24792
悸,60B8,24760
惟,60DF,24799
惆,60C6,24774
惚,60DA,24794
惊,60CA,24778
惇,60C7,24775
惦,60E6,24806
悴,60B4,24756
惮,60EE,24814
惋,60CB,24779
惨,60E8,24808
惯,60EF,24815
寇,5BC7,23495
寅,5BC5,23493
寄,5BC4,23492
寂,5BC2,23490
逭,902D,36909
宿,5BBF,23487
窒,7A92,31378
窑,7A91,31377
窕,7A95,31381
密,5BC6,23494
谋,8C0B,35851
谌,8C0C,35852
谍,8C0D,35853
谎,8C0E,35854
谏,8C0F,35855
扈,6248,25160
皲,76B2,30386
谐,8C10,35856
谑,8C11,35857
裆,88C6,35014
袱,88B1,34993
袼,88BC,35004
裈,88C8,35016
裉,88C9,35017
祷,7977,31095
祸,7978,31096
祲,7972,31090
谒,8C12,35858
谓,8C13,35859
谔,8C14,35860
谕,8C15,35861
谖,8C16,35862
谗,8C17,35863
谙,8C19,35865
谚,8C1A,35866
谛,8C1B,35867
谜,8C1C,35868
谝,8C1D,35869
逮,902E,36910
逯,902F,36911
敢,6562,25954
尉,5C09,23561
屠,5C60,23648
艴,8274,33396
弹,5F39,24377
隋,968B,38539
堕,5815,22549
郿,90FF,37119
随,968F,38543
蛋,86CB,34507
隅,9685,38533
隈,9688,38536
粜,7C9C,31900
隍,968D,38541
隗,9697,38551
隆,9686,38534
隐,9690,38544
婧,5A67,23143
婊,5A4A,23114
婞,5A5E,23134
婳,5A73,23155
婕,5A55,23125
娼,5A3C,23100
婢,5A62,23138
婚,5A5A,23130
婵,5A75,23157
婶,5A76,23158
婉,5A49,23113
胬,80EC,33004
袈,8888,34952
颇,9887,39047
颈,9888,39048
翌,7FCC,32716
恿,607F,24703
欸,6B38,27448
绩,7EE9,32489
绪,7EEA,32490
绫,7EEB,32491
骐,9A90,39568
续,7EED,32493
骑,9A91,39569
绮,7EEE,32494
绯,7EEF,32495
绰,7EF0,32496
骒,9A92,39570
绲,7EF2,32498
绳,7EF3,32499
骓,9A93,39571
维,7EF4,32500
绵,7EF5,32501
绶,7EF6,32502
绷,7EF7,32503
绸,7EF8,32504
绹,7EF9,32505
绺,7EFA,32506
绻,7EFB,32507
综,7EFC,32508
绽,7EFD,32509
绾,7EFE,32510
绿,7EFF,32511
骖,9A96,39574
缀,7F00,32512
缁,7F01,32513
巢,5DE2,24034
耠,8020,32800
琫,742B,29739
琵,7435,29749
琴,7434,29748
琶,7436,29750
琪,742A,29738
瑛,745B,29787
琳,7433,29747
琦,7426,29734
琢,7422,29730
琥,7425,29733
琨,7428,29736
靓,9753,38739
琼,743C,29756
斑,6591,26001
琰,7430,29744
琮,742E,29742
琯,742F,29743
琬,742C,29740
琛,741B,29723
琚,741A,29722
辇,8F87,36743
替,66FF,26367
鼋,9F0B,40715
揳,63F3,25587
揍,63CD,25549
款,6B3E,27454
堪,582A,22570
堞,581E,22558
搽,643D,25661
塔,5854,22612
搭,642D,25645
塃,5843,22595
揸,63F8,25592
堰,5830,22576
揠,63E0,25568
堙,5819,22553
揩,63E9,25577
越,8D8A,36234
趄,8D84,36228
趁,8D81,36225
趋,8D8B,36235
超,8D85,36229
揽,63FD,25597
提,63D0,25552
堤,5824,22564
揖,63D6,25558
博,535A,21338
揾,63FE,25598
颉,9889,39049
揭,63ED,25581
喜,559C,21916
彭,5F6D,24429
揣,63E3,25571
塄,5844,22596
揿,63FF,25599
插,63D2,25554
揪,63EA,25578
搜,641C,25628
煮,716E,29038
堠,5820,22560
耋,800B,32779
揄,63C4,25540
援,63F4,25588
搀,6400,25600
蛰,86F0,34544
蛩,86E9,34537
絷,7D77,32119
塆,5846,22598
裁,88C1,35009
揞,63DE,25566
搁,6401,25601
搓,6413,25619
搂,6402,25602
搅,6405,25605
揎,63CE,25550
壹,58F9,22777
握,63E1,25569
摒,6452,25682
揆,63C6,25542
搔,6414,25620
揉,63C9,25545
掾,63BE,25534
葜,845C,33884
聒,8052,32850
斯,65AF,26031
期,671F,26399
欺,6B3A,27450
联,8054,32852
葑,8451,33873
葚,845A,33882
葫,846B,33899
靰,9770,38768
靸,9778,38776
散,6563,25955
葳,8473,33907
惹,60F9,24825
蒇,8487,33927
葬,846C,33900
蒈,8488,33928
募,52DF,21215
葺,847A,33914
葛,845B,33883
蒉,8489,33929
葸,8478,33912
萼,843C,33852
蓇,84C7,33991
萩,8429,33833
董,8463,33891
葆,8446,33862
葩,8469,33897
葡,8461,33889
敬,656C,25964
葱,8471,33905
蒋,848B,33931
葶,8476,33910
蒂,8482,33922
蒌,848C,33932
葓,8453,33875
蒎,848E,33934
落,843D,33853
萱,8431,33841
葖,8456,33878
韩,97E9,38889
戟,621F,25119
朝,671D,26397
葭,846D,33901
辜,8F9C,36764
葵,8475,33909
棒,68D2,26834
楮,696E,26990
棱,68F1,26865
棋,68CB,26827
椰,6930,26928
植,690D,26893
森,68EE,26862
棼,68FC,26876
焚,711A,28954
椟,691F,26911
椅,6905,26885
椒,6912,26898
棹,68F9,26873
棵,68F5,26869
棍,68CD,26829
椤,6924,26916
棰,68F0,26864
椎,690E,26894
棉,68C9,26825
椑,6911,26897
鹀,9E40,40512
赍,8D4D,36173
棚,68DA,26842
椋,690B,26891
椁,6901,26881
棬,68EC,26860
棕,68D5,26837
棺,68FA,26874
榔,6994,27028
楗,6957,26967
棣,68E3,26851
椐,6910,26896
椭,692D,26925
鹁,9E41,40513
惠,60E0,24800
惑,60D1,24785
逼,903C,36924
覃,8983,35203
粟,7C9F,31903
棘,68D8,26840
酣,9163,37219
酤,9164,37220
酢,9162,37218
酥,9165,37221
酡,9161,37217
酦,9166,37222
鹂,9E42,40514
觌,89CC,35276
厨,53A8,21416
厦,53A6,21414
硬,786C,30828
硝,785D,30813
硪,786A,30826
硷,7877,30839
确,786E,30830
硫,786B,30827
雁,96C1,38593
厥,53A5,21413
殖,6B96,27542
裂,88C2,35010
雄,96C4,38596
殚,6B9A,27546
殛,6B9B,27547
颊,988A,39050
雳,96F3,38643
雯,96EF,38639
辊,8F8A,36746
辋,8F8B,36747
椠,6920,26912
暂,6682,26242
辌,8F8C,36748
辍,8F8D,36749
辎,8F8E,36750
雅,96C5,38597
翘,7FD8,32728
辈,8F88,36744
斐,6590,26000
悲,60B2,24754
紫,7D2B,32043
黹,9EF9,40697
凿,51FF,20991
辉,8F89,36745
敞,655E,25950
棠,68E0,26848
牚,725A,29274
赏,8D4F,36175
掌,638C,25484
晴,6674,26228
睐,7750,30544
暑,6691,26257
最,6700,26368
晰,6670,26224
量,91CF,37327
睑,7751,30545
睇,7747,30535
鼎,9F0E,40718
睃,7743,30531
喷,55B7,21943
戢,6222,25122
喋,558B,21899
嗒,55D2,21970
喃,5583,21891
喳,55B3,21939
晶,6676,26230
喇,5587,21895
遇,9047,36935
喊,558A,21898
喱,55B1,21937
喹,55B9,21945
遏,904F,36943
晷,6677,26231
晾,667E,26238
景,666F,26223
喈,5588,21896
畴,7574,30068
践,8DF5,36341
跖,8DD6,36310
跋,8DCB,36299
跌,8DCC,36300
跗,8DD7,36311
跞,8DDE,36318
跚,8DDA,36314
跑,8DD1,36305
跎,8DCE,36302
跏,8DCF,36303
跛,8DDB,36315
跆,8DC6,36294
遗,9057,36951
蛙,86D9,34521
蛱,86F1,34545
蛲,86F2,34546
蛭,86ED,34541
蛳,86F3,34547
蛐,86D0,34512
蛔,86D4,34516
蛛,86DB,34523
蜓,8713,34579
蛞,86DE,34526
蜒,8712,34578
蛤,86E4,34532
蛴,86F4,34548
蛟,86DF,34527
蛘,86D8,34520
蛑,86D1,34513
畯,756F,30063
喁,5581,21889
喝,559D,21917
鹃,9E43,40515
喂,5582,21890
喟,559F,21919
斝,659D,26013
喘,5598,21912
啾,557E,21886
嗖,55D6,21974
喤,55A4,21924
喉,5589,21897
喻,55BB,21947
喑,5591,21905
啼,557C,21884
嗟,55DF,21983
喽,55BD,21949
嗞,55DE,21982
喧,55A7,21927
喀,5580,21888
喔,5594,21908
喙,5599,21913
嵌,5D4C,23884
嵘,5D58,23896
嵖,5D56,23894
幅,5E45,24133
崴,5D34,23860
遄,9044,36932
詈,8A48,35400
帽,5E3D,24125
嵎,5D4E,23886
崽,5D3D,23869
嵚,5D5A,23898
嵬,5D6C,23916
嵛,5D5B,23899
翙,7FD9,32729
嵯,5D6F,23919
嵝,5D5D,23901
嵫,5D6B,23915
幄,5E44,24132
嵋,5D4B,23883
赋,8D4B,36171
赌,8D4C,36172
赎,8D4E,36174
赐,8D50,36176
赑,8D51,36177
赔,8D54,36180
黑,9ED1,40657
铸,94F8,38136
铹,94F9,38137
铺,94FA,38138
铻,94FB,38139
铼,94FC,38140
铽,94FD,38141
链,94FE,38142
铿,94FF,38143
销,9500,38144
锁,9501,38145
锃,9503,38147
锄,9504,38148
锂,9502,38146
锅,9505,38149
锆,9506,38150
锇,9507,38151
锈,9508,38152
锉,9509,38153
锊,950A,38154
锋,950B,38155
锌,950C,38156
锎,950E,38158
锏,950F,38159
锐,9510,38160
锑,9511,38161
锒,9512,38162
锓,9513,38163
锔,9514,38164
锕,9515,38165
甥,7525,29989
掣,63A3,25507
掰,63B0,25520
短,77ED,30701
智,667A,26234
矬,77EC,30700
氰,6C30,27696
毳,6BF3,27635
毯,6BEF,27631
氮,6C2E,27694
毽,6BFD,27645
氯,6C2F,27695
犊,728A,29322
犄,7284,29316
犋,728B,29323
鹄,9E44,40516
犍,728D,29325
鹅,9E45,40517
颋,988B,39051
剩,5269,21097
嵇,5D47,23879
稍,7A0D,31245
程,7A0B,31243
稀,7A00,31232
黍,9ECD,40653
稃,7A03,31235
税,7A0E,31246
稂,7A02,31234
筐,7B50,31568
等,7B49,31561
筘,7B58,31576
筑,7B51,31569
策,7B56,31574
筚,7B5A,31578
筛,7B5B,31579
筜,7B5C,31580
筒,7B52,31570
筅,7B45,31557
筏,7B4F,31567
筵,7B75,31605
筌,7B4C,31564
答,7B54,31572
筋,7B4B,31563
筝,7B5D,31581
傣,50A3,20643
傲,50B2,20658
傅,5085,20613
傈,5088,20616
舄,8204,33284
牍,724D,29261
牌,724C,29260
傥,50A5,20645
堡,5821,22561
集,96C6,38598
焦,7126,28966
傍,508D,20621
傧,50A7,20647
储,50A8,20648
遑,9051,36945
皓,7693,30355
皖,7696,30358
粤,7CA4,31908
奥,5965,22885
傩,50A9,20649
遁,9041,36929
街,8857,34903
惩,60E9,24809
御,5FA1,24481
徨,5FA8,24488
循,5FAA,24490
舾,823E,33342
艇,8247,33351
舒,8212,33298
畲,7572,30066
弑,5F11,24337
逾,903E,36926
颌,988C,39052
翕,7FD5,32725
釉,91C9,37321
番,756A,30058
释,91CA,37322
鹆,9E46,40518
禽,79BD,31165
舜,821C,33308
貂,8C82,35970
腈,8148,33096
腊,814A,33098
腌,814C,33100
腓,8153,33107
腆,8146,33094
腙,8159,33113
腴,8174,33140
脾,813E,33086
腋,814B,33099
腑,8151,33105
腚,815A,33114
腔,8154,33108
腕,8155,33109
腱,8171,33137
腒,8152,33106
鱿,9C7F,40063
鲀,9C80,40064
鲁,9C81,40065
鲂,9C82,40066
鲃,9C83,40067
颍,988D,39053
猢,7322,29474
猹,7339,29497
猩,7329,29481
猥,7325,29477
猬,732C,29484
猾,733E,29502
猴,7334,29492
飓,98D3,39123
觞,89DE,35294
觚,89DA,35290
猸,7338,29496
猱,7331,29489
惫,60EB,24811
飧,98E7,39143
然,7136,28982
馇,9987,39303
馈,9988,39304
馉,9989,39305
馊,998A,39306
馋,998B,39307
亵,4EB5,20149
装,88C5,35013
蛮,86EE,34542
脔,8114,33044
就,5C31,23601
敦,6566,25958
裒,88D2,35026
廋,5ECB,24267
斌,658C,25996
痣,75E3,30179
痨,75E8,30184
痦,75E6,30182
痘,75D8,30168
痞,75DE,30174
痢,75E2,30178
痤,75E4,30180
痪,75EA,30186
痫,75EB,30187
痧,75E7,30183
痛,75DB,30171
鄌,910C,37132
赓,8D53,36179
竦,7AE6,31462
童,7AE5,31461
瓿,74FF,29951
竣,7AE3,31459
啻,557B,21883
颏,988F,39055
鹇,9E47,40519
阑,9611,38417
阒,9612,38418
阔,9614,38420
阕,9615,38421
善,5584,21892
翔,7FD4,32724
羡,7FA1,32673
普,666E,26222
粪,7CAA,31914
粞,7C9E,31902
尊,5C0A,23562
奠,5960,22880
遒,9052,36946
道,9053,36947
遂,9042,36930
孳,5B73,23411
曾,66FE,26366
焯,712F,28975
焜,711C,28956
焰,7130,28976
焙,7119,28953
焱,7131,28977
鹈,9E48,40520
湛,6E5B,28251
港,6E2F,28207
渫,6E2B,28203
滞,6EDE,28382
湖,6E56,28246
湘,6E58,28248
渣,6E23,28195
渤,6E24,28196
湮,6E6E,28270
湎,6E4E,28238
湝,6E5D,28253
湨,6E68,28264
湜,6E5C,28252
渺,6E3A,28218
湿,6E7F,28287
温,6E29,28201
渴,6E34,28212
渭,6E2D,28205
溃,6E83,28291
湍,6E4D,28237
溅,6E85,28293
滑,6ED1,28369
湃,6E43,28227
湫,6E6B,28267
溲,6EB2,28338
湟,6E5F,28255
溆,6E86,28294
渝,6E1D,28189
湲,6E72,28274
湾,6E7E,28286
渡,6E21,28193
游,6E38,28216
溠,6EA0,28320
溇,6E87,28295
湔,6E54,28244
滋,6ECB,28363
湉,6E49,28233
渲,6E32,28210
溉,6E89,28297
渥,6E25,28197
湄,6E44,28228
滁,6EC1,28353
愤,6124,24868
慌,614C,24908
惰,60F0,24816
愠,6120,24864
惺,60FA,24826
愦,6126,24870
愕,6115,24853
惴,60F4,24820
愣,6123,24867
愀,6100,24832
愎,610E,24846
惶,60F6,24822
愧,6127,24871
愉,6109,24841
愔,6114,24852
慨,6168,24936
喾,55BE,21950
割,5272,21106
寒,5BD2,23506
富,5BCC,23500
寓,5BD3,23507
窜,7A9C,31388
窝,7A9D,31389
窖,7A96,31382
窗,7A97,31383
窘,7A98,31384
寐,5BD0,23504
谟,8C1F,35871
扉,6249,25161
遍,904D,36941
棨,68E8,26856
雇,96C7,38599
扊,624A,25162
裢,88E2,35042
裎,88CE,35022
裣,88E3,35043
裕,88D5,35029
裤,88E4,35044
裥,88E5,35045
裙,88D9,35033
祾,797E,31102
祺,797A,31098
祼,797C,31100
谠,8C20,35872
禅,7985,31109
禄,7984,31108
幂,5E42,24130
谡,8C21,35873
谢,8C22,35874
谣,8C23,35875
谤,8C24,35876
谥,8C25,35877
谦,8C26,35878
谧,8C27,35879
塈,5848,22600
遐,9050,36944
犀,7280,29312
属,5C5E,23646
屡,5C61,23649
孱,5B71,23409
弼,5F3C,24380
强,5F3A,24378
粥,7CA5,31909
巽,5DFD,24061
疏,758F,30095
隔,9694,38548
骘,9A98,39576
隙,9699,38553
隘,9698,38552
媒,5A92,23186
媪,5AAA,23210
絮,7D6E,32110
嫂,5AC2,23234
媛,5A9B,23195
婷,5A77,23159
媚,5A9A,23194
婿,5A7F,23167
巯,5DEF,24047
毵,6BF5,27637
翚,7FDA,32730
登,767B,30331
皴,76B4,30388
婺,5A7A,23162
骛,9A9B,39579
缂,7F02,32514
缃,7F03,32515
缄,7F04,32516
缅,7F05,32517
彘,5F58,24408
缆,7F06,32518
缇,7F07,32519
缈,7F08,32520
缉,7F09,32521
缌,7F0C,32524
缎,7F0E,32526
缏,7F0F,32527
缑,7F11,32529
缒,7F12,32530
缓,7F13,32531
缔,7F14,32532
缕,7F15,32533
骗,9A97,39575
编,7F16,32534
缗,7F17,32535
骙,9A99,39577
骚,9A9A,39578
缘,7F18,32536
飨,98E8,39144
耢,8022,32802
瑟,745F,29791
瑚,745A,29786
鹉,9E49,40521
瑁,7441,29761
瑞,745E,29790
瑰,7470,29808
瑀,7440,29760
瑜,745C,29788
瑗,7457,29783
瑄,7444,29764
瑕,7455,29781
遨,9068,36968
骜,9A9C,39580
瑙,7459,29785
遘,9058,36952
韫,97EB,38891
魂,9B42,39746
髡,9AE1,39649
肆,8086,32902
摄,6444,25668
摸,6478,25720
填,586B,22635
搏,640F,25615
塥,5865,22629
塬,586C,22636
鄢,9122,37154
趔,8D94,36244
趑,8D91,36241
摅,6445,25669
塌,584C,22604
摁,6441,25665
鼓,9F13,40723
摆,6446,25670
赪,8D6A,36202
携,643A,25658
塮,586E,22638
蜇,8707,34567
搋,640B,25611
搬,642C,25644
摇,6447,25671
搞,641E,25630
搪,642A,25642
塘,5858,22616
搒,6412,25618
搐,6410,25616
搛,641B,25627
搠,6420,25632
摈,6448,25672
彀,5F40,24384
毂,6BC2,27586
搌,640C,25612
搦,6426,25638
摊,644A,25674
搡,6421,25633
聘,8058,32856
蓁,84C1,33985
戡,6221,25121
斟,659F,26015
蒜,849C,33948
蓍,84CD,33997
鄞,911E,37150
勤,52E4,21220
靴,9774,38772
靳,9773,38771
靶,9776,38774
鹊,9E4A,40522
蓐,84D0,34000
蓝,84DD,34013
墓,5893,22675
幕,5E55,24149
蓦,84E6,34022
鹋,9E4B,40523
蒽,84BD,33981
蓓,84D3,34003
蓖,84D6,34006
蓊,84CA,33994
蒯,84AF,33967
蓟,84DF,34015
蓬,84EC,34028
蓑,84D1,34001
蒿,84BF,33983
蒺,84BA,33978
蓠,84E0,34016
蒟,849F,33951
蒡,84A1,33953
蓄,84C4,33988
蒹,84B9,33977
蒴,84B4,33972
蒲,84B2,33970
蒗,8497,33943
蓉,84C9,33993
蒙,8499,33945
蓂,84C2,33986
蓥,84E5,34021
颐,9890,39056
蒸,84B8,33976
献,732E,29486
蓣,84E3,34019
楔,6954,26964
椿,693F,26943
楠,6960,26976
禁,7981,31105
楂,6942,26946
楚,695A,26970
楝,695D,26973
楷,6977,26999
榄,6984,27012
想,60F3,24819
楫,696B,26987
榀,6980,27008
楞,695E,26974
楸,6978,27000
椴,6934,26932
槐,69D0,27088
槌,69CC,27084
楯,696F,26991
榆,6986,27014
榇,6987,27015
榈,6988,27016
槎,69CE,27086
楼,697C,27004
榉,6989,27017
楦,6966,26982
概,6982,27010
楣,6963,26979
楹,6979,27001
椽,693D,26941
裘,88D8,35032
赖,8D56,36182
剽,527D,21117
甄,7504,29956
酮,916E,37230
酰,9170,37232
酯,916F,37231
酪,916A,37226
酩,9169,37225
酬,916C,37228
蜃,8703,34563
感,611F,24863
碛,789B,30875
碍,788D,30861
碘,7898,30872
碓,7893,30867
碑,7891,30865
硼,787C,30844
碉,7889,30857
碎,788E,30862
碚,789A,30874
碰,78B0,30896
碇,7887,30855
碗,7897,30871
碌,788C,30860
碜,789C,30876
鹌,9E4C,40524
尴,5C34,23604
雷,96F7,38647
零,96F6,38646
雾,96FE,38654
雹,96F9,38649
辏,8F8F,36751
辐,8F90,36752
辑,8F91,36753
辒,8F92,36754
输,8F93,36755
督,7763,30563
频,9891,39057
龃,9F83,40835
龄,9F84,40836
龅,9F85,40837
龆,9F86,40838
觜,89DC,35292
訾,8A3E,35390
粲,7CB2,31922
虞,865E,34398
鉴,9274,37492
睛,775B,30555
睹,7779,30585
睦,7766,30566
瞄,7784,30596
睚,775A,30554
嗪,55EA,21994
睫,776B,30571
韪,97EA,38890
嗷,55F7,22007
嗉,55C9,21961
睡,7761,30561
睨,7768,30568
睢,7762,30562
雎,96CE,38606
睥,7765,30565
睬,776C,30572
嘟,561F,22047
嗜,55DC,21980
嗑,55D1,21969
嗫,55EB,21995
嗬,55EC,21996
嗔,55D4,21972
鄙,9119,37145
嗦,55E6,21990
嗝,55DD,21981
愚,611A,24858
戥,6225,25125
嗄,55C4,21956
暖,6696,26262
盟,76DF,30431
煦,7166,29030
歇,6B47,27463
暗,6697,26263
暅,6685,26245
暄,6684,26244
暇,6687,26247
照,7167,29031
遢,9062,36962
暌,668C,26252
畸,7578,30072
跬,8DEC,36332
跨,8DE8,36328
跶,8DF6,36342
跷,8DF7,36343
跸,8DF8,36344
跐,8DD0,36304
跣,8DE3,36323
跹,8DF9,36345
跳,8DF3,36339
跺,8DFA,36346
跪,8DEA,36330
路,8DEF,36335
跻,8DFB,36347
跤,8DE4,36324
跟,8DDF,36319
遣,9063,36963
蛸,86F8,34552
蜈,8708,34568
蜎,870E,34574
蜗,8717,34583
蛾,86FE,34558
蜊,870A,34570
蜍,870D,34573
蜉,8709,34569
蜂,8702,34562
蜣,8723,34595
蜕,8715,34581
畹,7579,30073
蛹,86F9,34553
嗣,55E3,21987
嗯,55EF,21999
嗅,55C5,21957
嗥,55E5,21989
嗲,55F2,22002
嗳,55F3,22003
嗡,55E1,21985
嗌,55CC,21964
嗍,55CD,21965
嗨,55E8,21992
嗤,55E4,21988
嗵,55F5,22005
嗓,55D3,21971
署,7F72,32626
置,7F6E,32622
罨,7F68,32616
罪,7F6A,32618
罩,7F69,32617
蜀,8700,34560
幌,5E4C,24140
嵊,5D4A,23882
嵩,5D69,23913
嵴,5D74,23924
骰,9AB0,39600
锖,9516,38166
锗,9517,38167
错,9519,38169
锘,9518,38168
锚,951A,38170
锛,951B,38171
锜,951C,38172
锝,951D,38173
锞,951E,38174
锟,951F,38175
锡,9521,38177
锢,9522,38178
锣,9523,38179
锤,9524,38180
锥,9525,38181
锦,9526,38182
锧,9527,38183
锨,9528,38184
锪,952A,38186
锫,952B,38187
锩,9529,38185
锬,952C,38188
锭,952D,38189
键,952E,38190
锯,952F,38191
锰,9530,38192
锱,9531,38193
矮,77EE,30702
雉,96C9,38601
氲,6C32,27698
犏,728F,29327
辞,8F9E,36766
歃,6B43,27459
稞,7A1E,31262
稚,7A1A,31258
稗,7A17,31255
稔,7A14,31252
稠,7A20,31264
颓,9893,39059
愁,6101,24833
筹,7B79,31609
筠,7B60,31584
筢,7B62,31586
筮,7B6E,31598
筻,7B7B,31611
筲,7B72,31602
筼,7B7C,31612
筱,7B71,31601
签,7B7E,31614
简,7B80,31616
筷,7B77,31607
毁,6BC1,27585
舅,8205,33285
鼠,9F20,40736
牒,7252,29266
煲,7172,29042
催,50AC,20652
傻,50BB,20667
像,50CF,20687
躲,8EB2,36530
鹎,9E4E,40526
魁,9B41,39745
敫,656B,25963
僇,50C7,20679
衙,8859,34905
微,5FAE,24494
徭,5FAD,24493
愆,6106,24838
艄,8244,33348
觎,89CE,35278
毹,6BF9,27641
愈,6108,24840
遥,9065,36965
貊,8C8A,35978
貅,8C85,35973
貉,8C89,35977
颔,9894,39060
腻,817B,33147
腠,8160,33120
腩,8169,33129
腰,8170,33136
腼,817C,33148
腽,817D,33149
腥,8165,33125
腮,816E,33134
腭,816D,33133
腹,8179,33145
腺,817A,33146
腧,8167,33127
鹏,9E4F,40527
塍,584D,22605
媵,5AB5,23221
腾,817E,33150
腿,817F,33151
詹,8A79,35449
鲅,9C85,40069
鲆,9C86,40070
鲇,9C87,40071
鲈,9C88,40072
鲉,9C89,40073
鲊,9C8A,40074
稣,7A23,31267
鲋,9C8B,40075
鲌,9C8C,40076
鲍,9C8D,40077
鲏,9C8F,40079
鲐,9C90,40080
肄,8084,32900
猿,733F,29503
颖,9896,39062
鹐,9E50,40528
飔,98D4,39124
飕,98D5,39125
觥,89E5,35301
触,89E6,35302
解,89E3,35299
遛,905B,36955
煞,715E,29022
雏,96CF,38607
馌,998C,39308
馍,998D,39309
馏,998F,39311
馐,9990,39312
酱,9171,37233
鹑,9E51,40529
禀,7980,31104
亶,4EB6,20150
廒,5ED2,24274
瘃,7603,30211
痱,75F1,30193
痹,75F9,30201
痼,75FC,30204
廓,5ED3,24275
痴,75F4,30196
痿,75FF,30207
瘐,7610,30224
瘁,7601,30209
瘅,7605,30213
痰,75F0,30192
瘆,7606,30214
廉,5EC9,24265
鄘,9118,37144
麂,9E82,40578
裔,88D4,35028
靖,9756,38742
新,65B0,26032
鄣,9123,37155
歆,6B46,27462
韵,97F5,38901
意,610F,24847
旒,65D2,26066
雍,96CD,38605
阖,9616,38422
阗,9617,38423
阘,9618,38424
阙,9619,38425
羧,7FA7,32679
豢,8C62,35938
誊,8A8A,35466
粳,7CB3,31923
粮,7CAE,31918
数,6570,25968
煎,714E,29006
猷,7337,29495
塑,5851,22609
慈,6148,24904
煤,7164,29028
煳,7173,29043
煜,715C,29020
煨,7168,29032
煅,7145,28997
煌,714C,29004
煊,714A,29002
煸,7178,29048
煺,717A,29050
滟,6EDF,28383
溱,6EB1,28337
溘,6E98,28312
滠,6EE0,28384
满,6EE1,28385
漭,6F2D,28461
漠,6F20,28448
滢,6EE2,28386
滇,6EC7,28359
溥,6EA5,28325
溧,6EA7,28327
溽,6EBD,28349
源,6E90,28304
滤,6EE4,28388
滥,6EE5,28389
裟,88DF,35039
溻,6EBB,28347
溷,6EB7,28343
溦,6EA6,28326
滗,6ED7,28375
滫,6EEB,28395
溴,6EB4,28340
滏,6ECF,28367
滔,6ED4,28372
溪,6EAA,28330
滃,6EC3,28355
溜,6E9C,28316
滦,6EE6,28390
漓,6F13,28435
滚,6EDA,28378
溏,6E8F,28303
滂,6EC2,28354
溢,6EA2,28322
溯,6EAF,28335
滨,6EE8,28392
溶,6EB6,28342
滓,6ED3,28371
溟,6E9F,28319
滘,6ED8,28376
溺,6EBA,28346
滍,6ECD,28365
粱,7CB1,31921
滩,6EE9,28393
滪,6EEA,28394
愫,612B,24875
慑,6151,24913
慎,614E,24910
慥,6165,24933
慊,614A,24906
誉,8A89,35465
鲎,9C8E,40078
塞,585E,22622
骞,9A9E,39582
寞,5BDE,23518
窥,7AA5,31397
窦,7AA6,31398
窠,7AA0,31392
窣,7AA3,31395
窟,7A9F,31391
寝,5BDD,23517
谨,8C28,35880
裱,88F1,35057
褂,8902,35074
褚,891A,35098
裸,88F8,35064
裼,88FC,35068
裨,88E8,35048
裾,88FE,35070
裰,88F0,35056
禊,798A,31114
福,798F,31119
谩,8C29,35881
谪,8C2A,35882
谫,8C2B,35883
谬,8C2C,35884
群,7FA4,32676
殿,6BBF,27583
辟,8F9F,36767
障,969C,38556
媾,5ABE,23230
嫫,5AEB,23275
媳,5AB3,23219
媲,5AB2,23218
嫒,5AD2,23250
嫉,5AC9,23241
嫌,5ACC,23244
嫁,5AC1,23233
嫔,5AD4,23252
媸,5AB8,23224
叠,53E0,21472
缙,7F19,32537
缜,7F1C,32540
缚,7F1A,32538
缛,7F1B,32539
辔,8F94,36756
缝,7F1D,32541
骝,9A9D,39581
缟,7F1F,32543
缠,7F20,32544
缡,7F21,32545
缢,7F22,32546
缣,7F23,32547
缤,7F24,32548
骟,9A9F,39583
剿,527F,21119
耥,8025,32805
璈,7488,29832
静,9759,38745
碧,78A7,30887
瑶,7476,29814
璃,7483,29827
瑭,746D,29805
瑢,7462,29794
獒,7352,29522
赘,8D58,36184
熬,71AC,29100
觏,89CF,35279
慝,615D,24925
嫠,5AE0,23264
韬,97EC,38892
髦,9AE6,39654
墈,5888,22664
墙,5899,22681
摽,647D,25725
墟,589F,22687
撇,6487,25735
墁,5881,22657
撂,6482,25730
摞,645E,25694
嘉,5609,22025
摧,6467,25703
撄,6484,25732
赫,8D6B,36203
截,622A,25130
翥,7FE5,32741
踅,8E05,36357
誓,8A93,35475
銎,928E,37518
摭,646D,25709
墉,5889,22665
境,5883,22659
摘,6458,25688
墒,5892,22674
摔,6454,25684
榖,6996,27030
撖,6496,25750
摺,647A,25722
綦,7DA6,32166
聚,805A,32858
蔫,852B,34091
蔷,8537,34103
靺,977A,38778
靼,977C,38780
鞅,9785,38789
靽,977D,38781
鞁,9781,38785
靿,977F,38783
蔌,850C,34060
蔽,853D,34109
慕,6155,24917
暮,66AE,26286
摹,6479,25721
蔓,8513,34067
蔑,8511,34065
甍,750D,29965
蔸,8538,34104
蓰,84F0,34032
蔹,8539,34105
蔡,8521,34081
蔗,8517,34071
蔟,851F,34079
蔺,853A,34106
戬,622C,25132
蕖,8556,34134
蔻,853B,34107
蓿,84FF,34047
蔼,853C,34108
斡,65A1,26017
熙,7199,29081
蔚,851A,34074
鹕,9E55,40533
兢,5162,20834
嘏,560F,22031
蓼,84FC,34044
榛,699B,27035
榧,69A7,27047
模,6A21,27169
槚,69DA,27098
槛,69DB,27099
榻,69BB,27067
榫,69AB,27051
槜,69DC,27100
榭,69AD,27053
槔,69D4,27092
榴,69B4,27060
槁,69C1,27073
榜,699C,27036
槟,69DF,27103
榨,69A8,27048
榕,6995,27029
槠,69E0,27104
榷,69B7,27063
榍,698D,27021
歌,6B4C,27468
遭,906D,36973
僰,50F0,20720
酵,9175,37237
酽,917D,37245
酾,917E,37246
酲,9172,37234
酷,9177,37239
酶,9176,37238
酴,9174,37236
酹,9179,37241
酿,917F,37247
酸,9178,37240
厮,53AE,21422
碶,78B6,30902
碡,78A1,30881
碟,789F,30879
碴,78B4,30900
碱,78B1,30897
碣,78A3,30883
碳,78B3,30899
碲,78B2,30898
磋,78CB,30923
磁,78C1,30913
碹,78B9,30905
碥,78A5,30885
愿,613F,24895
劂,5282,21122
臧,81E7,33255
豨,8C68,35944
殡,6BA1,27553
需,9700,38656
霆,9706,38662
霁,9701,38657
辕,8F95,36757
辖,8F96,36758
辗,8F97,36759
蜚,871A,34586
裴,88F4,35060
翡,7FE1,32737
雌,96CC,38604
龇,9F87,40839
龈,9F88,40840
睿,777F,30591
弊,5F0A,24330
裳,88F3,35059
颗,9897,39063
夥,5925,22821
瞅,7785,30597
瞍,778D,30605
睽,777D,30589
墅,5885,22661
嘞,561E,22046
嘈,5608,22024
嗽,55FD,22013
嘌,560C,22028
嘁,5601,22017
嘎,560E,22030
暧,66A7,26279
暝,669D,26269
踌,8E0C,36364
踉,8E09,36361
跽,8DFD,36349
踊,8E0A,36362
蜻,873B,34619
蜞,871E,34590
蜡,8721,34593
蜥,8725,34597
蜮,872E,34606
蜾,873E,34622
蝈,8748,34632
蜴,8734,34612
蝇,8747,34631
蜘,8718,34584
蜱,8731,34609
蜩,8729,34601
蜷,8737,34615
蝉,8749,34633
蜿,873F,34623
螂,8782,34690
蜢,8722,34594
嘘,5618,22040
嘡,5621,22049
鹗,9E57,40535
嘣,5623,22051
嘤,5624,22052
嘚,561A,22042
嘛,561B,22043
嘀,5600,22016
嗾,55FE,22014
嘧,5627,22055
罴,7F74,32628
罱,7F71,32625
幔,5E54,24148
嶂,5D82,23938
幛,5E5B,24155
赙,8D59,36185
罂,7F42,32578
赚,8D5A,36186
骷,9AB7,39607
骶,9AB6,39606
鹘,9E58,40536
锲,9532,38194
锴,9534,38196
锶,9536,38198
锷,9537,38199
锸,9538,38200
锹,9539,38201
锻,953B,38203
锽,953D,38205
锾,953E,38206
锵,9535,38197
锿,953F,38207
镀,9540,38208
镁,9541,38209
镂,9542,38210
镃,9543,38211
镄,9544,38212
镅,9545,38213
舞,821E,33310
犒,7292,29330
舔,8214,33300
稳,7A33,31283
熏,718F,29071
箐,7B90,31632
箦,7BA6,31654
箧,7BA7,31655
箍,7B8D,31629
箸,7BB8,31672
箨,7BA8,31656
箕,7B95,31637
箬,7BAC,31660
算,7B97,31639
箅,7B85,31621
箩,7BA9,31657
箪,7BAA,31658
箔,7B94,31636
管,7BA1,31649
箜,7B9C,31644
箢,7BA2,31650
箫,7BAB,31659
箓,7B93,31635
毓,6BD3,27603
舆,8206,33286
僖,50D6,20694
儆,5106,20742
僳,50F3,20723
僚,50DA,20698
僭,50ED,20717
僬,50EC,20716
劁,5281,21121
僦,50E6,20710
僮,50EE,20718
僧,50E7,20711
鼻,9F3B,40763
魄,9B44,39748
魅,9B45,39749
魃,9B43,39747
魆,9B46,39750
睾,777E,30590
艋,824B,33355
鄱,9131,37169
貌,8C8C,35980
膜,819C,33180
膊,818A,33162
膈,8188,33160
膀,8180,33152
膑,8191,33169
鲑,9C91,40081
鲔,9C94,40084
鲙,9C99,40089
鲚,9C9A,40090
鲛,9C9B,40091
鲜,9C9C,40092
鲟,9C9F,40095
疑,7591,30097
獐,7350,29520
獍,734D,29517
飗,98D7,39127
觫,89EB,35307
雒,96D2,38610
孵,5B75,23413
夤,5924,22820
馑,9991,39313
馒,9992,39314
銮,92AE,37550
裹,88F9,35065
敲,6572,25970
豪,8C6A,35946
膏,818F,33167
塾,587E,22654
遮,906E,36974
麽,9EBD,40637
廙,5ED9,24281
腐,8150,33104
瘩,7629,30249
瘌,760C,30220
瘗,7617,30231
瘟,761F,30239
瘦,7626,30246
瘊,760A,30218
瘥,7625,30245
瘘,7618,30232
瘙,7619,30233
廖,5ED6,24278
辣,8FA3,36771
彰,5F70,24432
竭,7AED,31469
韶,97F6,38902
端,7AEF,31471
旗,65D7,26071
旖,65D6,26070
膂,8182,33154
阚,961A,38426
鄯,912F,37167
鲞,9C9E,40094
精,7CBE,31934
粼,7CBC,31932
粹,7CB9,31929
粽,7CBD,31933
糁,7CC1,31937
歉,6B49,27465
槊,69CA,27082
鹚,9E5A,40538
熄,7184,29060
熘,7198,29080
熔,7194,29076
煽,717D,29053
熥,71A5,29093
潢,6F62,28514
潆,6F46,28486
潇,6F47,28487
漤,6F24,28452
漆,6F06,28422
漱,6F31,28465
漕,6F15,28437
漂,6F02,28418
滹,6EF9,28409
漫,6F2B,28459
漯,6F2F,28463
漶,6F36,28470
潋,6F4B,28491
潴,6F74,28532
漪,6F2A,28458
漉,6F09,28425
漩,6F29,28457
漳,6F33,28467
滴,6EF4,28404
漾,6F3E,28478
演,6F14,28436
澉,6F89,28553
漏,6F0F,28431
潍,6F4D,28493
慢,6162,24930
慷,6177,24951
慵,6175,24949
寨,5BE8,23528
赛,8D5B,36187
搴,6434,25652
寡,5BE1,23521
窬,7AAC,31404
窨,7AA8,31400
窭,7AAD,31405
察,5BDF,23519
蜜,871C,34588
寤,5BE4,23524
寥,5BE5,23525
谭,8C2D,35885
肇,8087,32903
綮,7DAE,32174
谮,8C2E,35886
褡,8921,35105
褙,8919,35097
褐,8910,35088
褓,8913,35091
褛,891B,35099
褊,890A,35082
褪,892A,35114
禚,799A,31130
谯,8C2F,35887
谰,8C30,35888
谱,8C31,35889
谲,8C32,35890
暨,66A8,26280
屣,5C63,23651
鹛,9E5B,40539
隧,96A7,38567
嫣,5AE3,23267
嫱,5AF1,23281
嫩,5AE9,23273
嫖,5AD6,23254
嫦,5AE6,23270
嫚,5ADA,23258
嫘,5AD8,23256
嫜,5ADC,23260
嫡,5AE1,23265
嫪,5AEA,23274
鼐,9F10,40720
翟,7FDF,32735
翠,7FE0,32736
熊,718A,29066
凳,51F3,20979
瞀,7780,30592
鹜,9E5C,40540
骠,9AA0,39584
缥,7F25,32549
缦,7F26,32550
缧,7F27,32551
骡,9AA1,39585
缨,7F28,32552
骢,9AA2,39586
缩,7F29,32553
缪,7F2A,32554
缫,7F2B,32555
慧,6167,24935
耦,8026,32806
耧,8027,32807
瑾,747E,29822
璜,749C,29852
璀,7480,29824
璎,748E,29838
璁,7481,29825
璋,748B,29835
璇,7487,29831
璆,7486,29830
奭,596D,22893
撵,64B5,25781
髯,9AEF,39663
髫,9AEB,39659
撷,64B7,25783
撕,6495,25749
撒,6492,25746
撅,6485,25733
撩,64A9,25769
趣,8DA3,36259
趟,8D9F,36255
撑,6491,25745
撮,64AE,25774
撬,64AC,25772
赭,8D6D,36205
播,64AD,25773
墦,58A6,22694
擒,64D2,25810
撸,64B8,25784
鋆,92C6,37574
墩,58A9,22697
撞,649E,25758
撤,64A4,25764
撙,6499,25753
增,589E,22686
撺,64BA,25786
墀,5880,22656
撰,64B0,25776
聩,8069,32873
聪,806A,32874
觐,89D0,35280
鞋,978B,38795
鞑,9791,38801
蕙,8559,34137
鞒,9792,38802
鞍,978D,38797
蕈,8548,34120
蕨,8568,34152
蕤,8564,34148
蕞,855E,34142
蕺,857A,34170
瞢,77A2,30626
蕉,8549,34121
劐,5290,21136
蕃,8543,34115
蕲,8572,34162
蕰,8570,34160
蕊,854A,34122
赜,8D5C,36188
蔬,852C,34092
蕴,8574,34164
鼒,9F12,40722
槿,69FF,27135
横,6A2A,27178
樯,6A2F,27183
槽,69FD,27133
槭,69ED,27117
樗,6A17,27159
樘,6A18,27160
樱,6A31,27185
樊,6A0A,27146
橡,6A61,27233
槲,69F2,27122
樟,6A1F,27167
橄,6A44,27204
敷,6577,25975
鹝,9E5D,40541
豌,8C4C,35916
飘,98D8,39128
醋,918B,37259
醌,918C,37260
醇,9187,37255
醉,9189,37257
醅,9185,37253
靥,9765,38757
魇,9B47,39751
餍,990D,39181
磕,78D5,30933
磊,78CA,30922
磔,78D4,30932
磙,78D9,30937
磅,78C5,30917
碾,78BE,30910
磉,78C9,30921
殣,6BA3,27555
慭,616D,24941
震,9707,38663
霄,9704,38660
霉,9709,38665
霈,9708,38664
辘,8F98,36760
龉,9F89,40841
龊,9F8A,40842
觑,89D1,35281
憋,618B,24971
瞌,778C,30604
瞒,7792,30610
题,9898,39064
暴,66B4,26292
瞎,778E,30606
瞑,7791,30609
嘻,563B,22075
嘭,562D,22061
噎,564E,22094
嘶,5636,22070
噶,5676,22134
嘲,5632,22066
颙,9899,39065
暹,66B9,26297
嘹,5639,22073
影,5F71,24433
踔,8E14,36372
踝,8E1D,36381
踢,8E22,36386
踏,8E0F,36367
踟,8E1F,36383
踬,8E2C,36396
踩,8E29,36393
踮,8E2E,36398
踣,8E23,36387
踯,8E2F,36399
踪,8E2A,36394
踺,8E3A,36410
踞,8E1E,36382
蝽,877D,34685
蝶,8776,34678
蝾,877E,34686
蝴,8774,34676
蝻,877B,34683
蝠,8760,34656
蝰,8770,34672
蝎,874E,34638
蝌,874C,34636
蝮,876E,34670
螋,878B,34699
蝗,8757,34647
蝓,8753,34643
蝣,8763,34659
蝼,877C,34684
蝤,8764,34660
蝙,8759,34649
噗,5657,22103
嘬,562C,22060
颚,989A,39066
嘿,563F,22079
噍,564D,22093
噢,5662,22114
噙,5659,22105
噜,565C,22108
噌,564C,22092
嘱,5631,22065
噀,5640,22080
噔,5654,22100
颛,989B,39067
幞,5E5E,24158
幡,5E61,24161
嶓,5D93,23955
幢,5E62,24162
嶙,5D99,23961
嶝,5D9D,23965
墨,58A8,22696
骺,9ABA,39610
骼,9ABC,39612
骸,9AB8,39608
镊,954A,38218
镆,9546,38214
镇,9547,38215
镈,9548,38216
镉,9549,38217
镋,954B,38219
镌,954C,38220
镍,954D,38221
镎,954E,38222
镏,954F,38223
镐,9550,38224
镑,9551,38225
镒,9552,38226
镓,9553,38227
镔,9554,38228
靠,9760,38752
稽,7A3D,31293
稷,7A37,31287
稻,7A3B,31291
黎,9ECE,40654
稿,7A3F,31295
稼,7A3C,31292
箱,7BB1,31665
箴,7BB4,31668
篑,7BD1,31697
篁,7BC1,31681
篌,7BCC,31692
篓,7BD3,31699
箭,7BAD,31661
篇,7BC7,31687
篆,7BC6,31686
僵,50F5,20725
牖,7256,29270
儇,5107,20743
儋,510B,20747
躺,8EBA,36538
僻,50FB,20731
德,5FB7,24503
徵,5FB5,24501
艘,8258,33368
磐,78D0,30928
虢,8662,34402
鹞,9E5E,40542
鹟,9E5F,40543
膝,819D,33181
膘,8198,33176
膛,819B,33179
滕,6ED5,28373
鲠,9CA0,40096
鲡,9CA1,40097
鲢,9CA2,40098
鲣,9CA3,40099
鲥,9CA5,40101
鲤,9CA4,40100
鲦,9CA6,40102
鲧,9CA7,40103
鲩,9CA9,40105
鲪,9CAA,40106
鲫,9CAB,40107
鲬,9CAC,40108
橥,6A65,27237
獗,7357,29527
獠,7360,29536
觯,89EF,35311
鹠,9E60,40544
馓,9993,39315
馔,9994,39316
熟,719F,29087
摩,6469,25705
麾,9EBE,40638
褒,8912,35090
廛,5EDB,24283
鹡,9E61,40545
瘛,761B,30235
瘼,763C,30268
瘪,762A,30250
瘢,7622,30242
瘤,7624,30244
瘠,7620,30240
瘫,762B,30251
齑,9F51,40785
凛,51DB,20955
颜,989C,39068
毅,6BC5,27589
羯,7FAF,32687
羰,7FB0,32688
糊,7CCA,31946
糇,7CC7,31943
遴,9074,36980
糌,7CCC,31948
糍,7CCD,31949
糈,7CC8,31944
糅,7CC5,31941
翦,7FE6,32742
遵,9075,36981
鹣,9E63,40547
熜,719C,29084
熵,71B5,29109
熠,71A0,29088
潜,6F5C,28508
澍,6F8D,28557
澎,6F8E,28558
澌,6F8C,28556
潵,6F75,28533
潮,6F6E,28526
潸,6F78,28536
潭,6F6D,28525
潦,6F66,28518
鲨,9CA8,40104
潲,6F72,28530
鋈,92C8,37576
潟,6F5F,28511
澳,6FB3,28595
潘,6F58,28504
潼,6F7C,28540
澈,6F88,28552
澜,6F9C,28572
潽,6F7D,28541
潺,6F7A,28538
澄,6F84,28548
潏,6F4F,28495
懂,61C2,25026
憬,61AC,25004
憔,6194,24980
懊,61CA,25034
憧,61A7,24999
憎,618E,24974
寮,5BEE,23534
窳,7AB3,31411
额,989D,39069
谳,8C33,35891
翩,7FE9,32745
褥,8925,35109
褴,8934,35124
褫,892B,35115
禤,79A4,31140
谴,8C34,35892
鹤,9E64,40548
谵,8C35,35893
憨,61A8,25000
熨,71A8,29096
慰,6170,24944
劈,5288,21128
履,5C65,23653
屦,5C66,23654
嬉,5B09,23305
勰,52F0,21232
戮,622E,25134
蝥,8765,34661
豫,8C6B,35947
缬,7F2C,32556
缭,7F2D,32557
缮,7F2E,32558
缯,7F2F,32559
骣,9AA3,39587
畿,757F,30079
耩,8029,32809
耨,8028,32808
耪,802A,32810
璞,749E,29854
璟,749F,29855
靛,975B,38747
璠,74A0,29856
璘,7498,29848
聱,8071,32881
螯,87AF,34735
髻,9AFB,39675
髭,9AED,39661
髹,9AF9,39673
擀,64C0,25792
撼,64BC,25788
擂,64C2,25794
操,64CD,25805
熹,71B9,29113
甏,750F,29967
擐,64D0,25808
擅,64C5,25797
擞,64DE,25822
磬,78EC,30956
鄹,9139,37177
颞,989E,39070
蕻,857B,34171
鞘,9798,38808
燕,71D5,29141
黇,9EC7,40647
颟,989F,39071
薤,85A4,34212
蕾,857E,34174
薯,85AF,34223
薨,85A8,34216
薛,859B,34203
薇,8587,34183
檠,6AA0,27296
擎,64CE,25806
薪,85AA,34218
薏,858F,34191
蕹,8579,34169
薮,85AE,34222
薄,8584,34180
颠,98A0,39072
翰,7FF0,32752
噩,5669,22121
薜,859C,34204
薅,8585,34181
樾,6A3E,27198
橱,6A71,27249
橛,6A5B,27227
橇,6A47,27207
樵,6A35,27189
檎,6A8E,27278
橹,6A79,27257
橦,6A66,27238
樽,6A3D,27197
樨,6A28,27176
橙,6A59,27225
橘,6A58,27224
橼,6A7C,27260
墼,58BC,22716
整,6574,25972
橐,6A50,27216
融,878D,34701
翮,7FEE,32750
瓢,74E2,29922
醛,919B,37275
醐,9190,37264
醍,918D,37261
醒,9192,37266
醚,919A,37274
醑,9191,37265
觱,89F1,35313
磺,78FA,30970
磲,78F2,30962
赝,8D5D,36189
飙,98D9,39129
殪,6BAA,27562
霖,9716,38678
霏,970F,38671
霓,9713,38675
霍,970D,38669
霎,970E,38670
錾,933E,37694
辙,8F99,36761
辚,8F9A,36762
臻,81FB,33275
冀,5180,20864
餐,9910,39184
遽,907D,36989
氅,6C05,27653
瞥,77A5,30629
瞟,779F,30623
瞠,77A0,30624
瞰,77B0,30640
嚄,5684,22148
嚆,5686,22150
噤,5664,22116
暾,66BE,26302
曈,66C8,26312
蹀,8E40,36416
蹅,8E45,36421
踶,8E36,36406
踹,8E39,36409
踵,8E35,36405
踽,8E3D,36413
嘴,5634,22068
踱,8E31,36401
蹄,8E44,36420
蹉,8E49,36425
蹁,8E41,36417
蹂,8E42,36418
螨,87A8,34728
蟒,87D2,34770
蟆,87C6,34758
螈,8788,34696
螅,8785,34693
螭,87AD,34733
螗,8797,34711
螃,8783,34691
螠,87A0,34720
螟,879F,34719
噱,5671,22129
器,5668,22120
噪,566A,22122
噬,566C,22124
噫,566B,22123
噻,567B,22139
噼,567C,22140
幪,5E6A,24170
罹,7F79,32633
圜,571C,22300
鹦,9E66,40550
赠,8D60,36192
默,9ED8,40664
黔,9ED4,40660
镖,9556,38230
镗,9557,38231
镘,9558,38232
镚,955A,38234
镛,955B,38235
镜,955C,38236
镝,955D,38237
镞,955E,38238
镠,9560,38240
氇,6C07,27655
氆,6C06,27654
赞,8D5E,36190
憩,61A9,25001
穑,7A51,31313
穆,7A46,31302
穄,7A44,31300
篝,7BDD,31709
篚,7BDA,31706
篥,7BE5,31717
篮,7BEE,31726
篡,7BE1,31713
簉,7C09,31753
篦,7BE6,31718
篪,7BEA,31722
篷,7BF7,31735
篙,7BD9,31705
篱,7BF1,31729
盥,76E5,30437
儒,5112,20754
劓,5293,21139
翱,7FF1,32753
魉,9B49,39753
魈,9B48,39752
邀,9080,36992
徼,5FBC,24508
衡,8861,34913
歙,6B59,27481
盦,76E6,30438
膨,81A8,33192
膪,81AA,33194
膳,81B3,33203
螣,87A3,34723
膦,81A6,33190
膙,8199,33177
雕,96D5,38613
鲭,9CAD,40109
鲮,9CAE,40110
鲯,9CAF,40111
鲰,9CB0,40112
鲱,9CB1,40113
鲲,9CB2,40114
鲳,9CB3,40115
鲴,9CB4,40116
鲵,9CB5,40117
鲷,9CB7,40119
鲸,9CB8,40120
鲺,9CBA,40122
鲹,9CB9,40121
鲻,9CBB,40123
獴,7374,29556
獭,736D,29549
獬,736C,29548
邂,9082,36994
憝,619D,24989
亸,4EB8,20152
鹧,9E67,40551
磨,78E8,30952
廨,5EE8,24296
赟,8D5F,36191
癀,7640,30272
瘭,762D,30253
瘰,7630,30256
廪,5EEA,24298
瘿,763F,30271
瘵,7635,30261
瘴,7634,30260
癃,7643,30275
瘾,763E,30270
瘸,7638,30264
瘳,7633,30259
斓,6593,26003
麇,9E87,40583
麈,9E88,40584
凝,51DD,20957
辨,8FA8,36776
辩,8FA9,36777
嬴,5B34,23348
壅,58C5,22725
羲,7FB2,32690
糙,7CD9,31961
糗,7CD7,31959
糖,7CD6,31958
糕,7CD5,31957
甑,7511,29969
燎,71CE,29134
燠,71E0,29152
燔,71D4,29140
燃,71C3,29123
燧,71E7,29159
燊,71CA,29130
燏,71CF,29135
濑,6FD1,28625
濒,6FD2,28626
濉,6FC9,28617
潞,6F5E,28510
澧,6FA7,28583
澡,6FA1,28577
澴,6FB4,28596
激,6FC0,28608
澹,6FB9,28601
澥,6FA5,28581
澶,6FB6,28598
濂,6FC2,28610
澼,6FBC,28604
憷,61B7,25015
懒,61D2,25042
憾,61BE,25022
懈,61C8,25032
黉,9EC9,40649
褰,8930,35120
寰,5BF0,23536
窸,7AB8,31416
窿,7ABF,31423
褶,8936,35126
禧,79A7,31143
壁,58C1,22721
避,907F,36991
嬖,5B16,23318
犟,729F,29343
隰,96B0,38576
嬗,5B17,23319
鹨,9E68,40552
翯,7FEF,32751
颡,98A1,39073
缰,7F30,32560
缱,7F31,32561
缲,7F32,32562
缳,7F33,32563
缴,7F34,32564
璨,74A8,29864
璩,74A9,29865
璐,7490,29840
璪,74AA,29866
戴,6234,25140
螫,87AB,34731
擤,64E4,25828
壕,58D5,22741
擦,64E6,25830
觳,89F3,35315
罄,7F44,32580
擢,64E2,25826
藉,85C9,34249
薹,85B9,34233
鞡,97A1,38817
鞠,97A0,38816
藏,85CF,34255
薷,85B7,34231
薰,85B0,34224
藐,85D0,34256
藓,85D3,34259
藁,85C1,34241
檬,6AAC,27308
檑,6A91,27281
檄,6A84,27268
檐,6A90,27280
檩,6AA9,27305
檀,6A80,27264
懋,61CB,25035
醢,91A2,37282
翳,7FF3,32755
繄,7E44,32324
礁,7901,30977
礅,7905,30981
磷,78F7,30967
磴,78F4,30964
鹩,9E69,40553
霜,971C,38684
霞,971E,38686
龋,9F8B,40843
龌,9F8C,40844
豳,8C73,35955
壑,58D1,22737
黻,9EFB,40699
瞭,77AD,30637
瞧,77A7,30631
瞬,77AC,30636
瞳,77B3,30643
瞵,77B5,30645
瞩,77A9,30633
瞪,77AA,30634
嚏,568F,22159
曙,66D9,26329
嚅,5685,22149
蹑,8E51,36433
蹒,8E52,36434
蹋,8E4B,36427
蹈,8E48,36424
蹊,8E4A,36426
蹓,8E53,36435
蹐,8E50,36432
蟥,87E5,34789
螬,87AC,34732
螵,87B5,34741
疃,7583,30083
螳,87B3,34739
螺,87BA,34746
蟋,87CB,34763
蟑,87D1,34769
蟀,87C0,34752
嚎,568E,22158
嚓,5693,22163
羁,7F81,32641
罽,7F7D,32637
罾,7F7E,32638
嶷,5DB7,23991
赡,8D61,36193
黜,9EDC,40668
黝,9EDD,40669
髁,9AC1,39617
髀,9AC0,39616
镡,9561,38241
镢,9562,38242
镣,9563,38243
镤,9564,38244
镥,9565,38245
镦,9566,38246
镧,9567,38247
镨,9568,38248
镩,9569,38249
镪,956A,38250
镫,956B,38251
罅,7F45,32581
穗,7A57,31319
黏,9ECF,40655
魏,9B4F,39759
簧,7C27,31783
簌,7C0C,31756
篾,7BFE,31742
簃,7C03,31747
篼,7BFC,31740
簏,7C0F,31759
簇,7C07,31751
簖,7C16,31766
簋,7C0B,31755
繁,7E41,32321
鼢,9F22,40738
黛,9EDB,40667
儡,5121,20769
鹪,9E6A,40554
鼾,9F3E,40766
皤,76A4,30372
魍,9B4D,39757
徽,5FBD,24509
艚,825A,33370
龠,9FA0,40864
爵,7235,29237
繇,7E47,32327
貘,8C98,35992
邈,9088,37000
貔,8C94,35988
臌,81CC,33228
朦,6726,26406
臊,81CA,33226
膻,81BB,33211
臁,81C1,33217
臆,81C6,33222
臃,81C3,33219
鲼,9CBC,40124
鲽,9CBD,40125
鲾,9CBE,40126
鳀,9CC0,40128
鳁,9CC1,40129
鳂,9CC2,40130
鳃,9CC3,40131
鳄,9CC4,40132
鳅,9CC5,40133
鳆,9CC6,40134
鳇,9CC7,40135
鳈,9CC8,40136
鳉,9CC9,40137
鳊,9CCA,40138
獯,736F,29551
螽,87BD,34749
燮,71EE,29166
鹫,9E6B,40555
襄,8944,35140
糜,7CDC,31964
縻,7E3B,32315
膺,81BA,33210
癍,764D,30285
癌,764C,30284
麋,9E8B,40587
辫,8FAB,36779
赢,8D62,36194
糟,7CDF,31967
糠,7CE0,31968
馘,9998,39320
燥,71E5,29157
懑,61D1,25041
濡,6FE1,28641
濮,6FEE,28654
濞,6FDE,28638
濠,6FE0,28640
濯,6FEF,28655
懦,61E6,25062
豁,8C41,35905
蹇,8E47,36423
謇,8B07,35591
邃,9083,36995
襕,8955,35157
襁,8941,35137
臀,81C0,33216
檗,6A97,27287
甓,7513,29971
臂,81C2,33218
擘,64D8,25816
孺,5B7A,23418
隳,96B3,38579
嬷,5B37,23351
翼,7FFC,32764
蟊,87CA,34762
鹬,9E6C,40556
鍪,936A,37738
骤,9AA4,39588
鏊,93CA,37834
鳌,9CCC,40140
鬶,9B36,39734
鬈,9B08,39688
鬃,9B03,39683
瞽,77BD,30653
藕,85D5,34261
鞯,97AF,38831
鞨,97A8,38824
鞭,97AD,38829
鞫,97AB,38827
鞧,97A7,38823
鞣,97A3,38819
藜,85DC,34268
藠,85E0,34272
藤,85E4,34276
藩,85E9,34281
鹲,9E72,40562
檫,6AAB,27307
檵,6AB5,27317
覆,8986,35206
醪,91AA,37290
蹙,8E59,36441
礞,791E,31006
礓,7913,30995
礌,790C,30988
燹,71F9,29177
餮,992E,39214
蹩,8E69,36457
瞿,77BF,30655
瞻,77BB,30651
曛,66DB,26331
颢,98A2,39074
曜,66DC,26332
躇,8E87,36487
蹦,8E66,36454
鹭,9E6D,40557
蹢,8E62,36450
蹜,8E5C,36444
蟛,87DB,34779
蟪,87EA,34794
蟠,87E0,34784
蟮,87EE,34798
嚚,569A,22170
嚣,56A3,22179
鹮,9E6E,40558
黠,9EE0,40672
黟,9EDF,40671
髅,9AC5,39621
髂,9AC2,39618
镬,956C,38252
镭,956D,38253
镯,956F,38255
镰,9570,38256
镱,9571,38257
馥,99A5,39333
簠,7C20,31776
簟,7C1F,31775
簪,7C2A,31786
簦,7C26,31782
鼫,9F2B,40747
鼬,9F2C,40748
鼩,9F29,40745
雠,96E0,38624
艟,825F,33375
翻,7FFB,32763
臑,81D1,33233
鳍,9CCD,40141
鳎,9CCE,40142
鳏,9CCF,40143
鳐,9CD0,40144
鳑,9CD1,40145
鹱,9E71,40561
鹰,9E70,40560
癞,765E,30302
癔,7654,30292
癜,765C,30300
癖,7656,30294
糨,7CE8,31976
冁,5181,20865
瀑,7011,28689
瀍,700D,28685
瀌,700C,28684
鎏,938F,37775
懵,61F5,25077
襟,895F,35167
璧,74A7,29863
戳,6233,25139
彝,5F5D,24413
邋,908B,37003
鬏,9B0F,39695
攉,6509,25865
攒,6512,25874
鞲,97B2,38834
鞴,97B4,38836
藿,85FF,34303
蘧,8627,34343
孽,5B7D,23421
蘅,8605,34309
警,8B66,35686
蘑,8611,34321
藻,85FB,34299
麓,9E93,40595
攀,6500,25856
醭,91AD,37293
醮,91AE,37294
醯,91AF,37295
礤,7924,31012
酃,9143,37187
霪,972A,38698
霭,972D,38701
黼,9EFC,40700
鳖,9CD6,40150
曝,66DD,26333
嚯,56AF,22191
蹰,8E70,36464
蹶,8E76,36470
蹽,8E7D,36477
蹼,8E7C,36476
蹯,8E6F,36463
蹴,8E74,36468
蹾,8E7E,36478
蹲,8E72,36466
蹭,8E6D,36461
蹿,8E7F,36479
蹬,8E6C,36460
蠖,8816,34838
蠓,8813,34835
蠋,880B,34827
蟾,87FE,34814
蠊,880A,34826
巅,5DC5,24005
黢,9EE2,40674
髋,9ACB,39627
髌,9ACC,39628
镲,9572,38258
籀,7C40,31808
簸,7C38,31800
籁,7C41,31809
簿,7C3F,31807
鳘,9CD8,40152
齁,9F41,40769
魑,9B51,39761
艨,8268,33384
鼗,9F17,40727
鳓,9CD3,40147
鳔,9CD4,40148
鳕,9CD5,40149
鳗,9CD7,40151
鳙,9CD9,40153
鳚,9CDA,40154
蟹,87F9,34809
颤,98A4,39076
靡,9761,38753
癣,7663,30307
麒,9E92,40594
鏖,93D6,37846
瓣,74E3,29923
蠃,8803,34819
羸,7FB8,32696
羹,7FB9,32697
爆,7206,29190
瀚,701A,28698
瀣,7023,28707
瀛,701B,28699
襦,8966,35174
谶,8C36,35894
襞,895E,35166
疆,7586,30086
骥,9AA5,39589
缵,7F35,32565
瓒,74D2,29906
鬓,9B13,39699
壤,58E4,22756
攘,6518,25880
馨,99A8,39336
蘩,8629,34345
蘖,8616,34326
蘘,8618,34328
醵,91B5,37301
醴,91B4,37300
霰,9730,38704
颥,98A5,39077
酆,9146,37190
耀,8000,32768
矍,77CD,30669
曦,66E6,26342
躁,8E81,36481
躅,8E85,36485
蠕,8815,34837
鼍,9F0D,40717
嚼,56BC,22204
嚷,56B7,22199
巍,5DCD,24013
巉,5DC9,24009
黩,9EE9,40681
黥,9EE5,40677
镳,9573,38259
镴,9574,38260
黧,9EE7,40679
籍,7C4D,31821
纂,7E82,32386
鼯,9F2F,40751
犨,72A8,29352
臜,81DC,33244
鳜,9CDC,40156
鳝,9CDD,40157
鳞,9CDE,40158
鳟,9CDF,40159
獾,737E,29566
魔,9B54,39764
糯,7CEF,31983
灌,704C,28748
瀹,7039,28729
瀵,7035,28725
譬,8B6C,35692
孀,5B40,23360
骧,9AA7,39591
耰,8030,32816
蠢,8822,34850
瓘,74D8,29912
鼙,9F19,40729
醺,91BA,37306
礴,7934,31028
礳,7933,31027
霸,9738,38712
露,9732,38706
霹,9739,38713
颦,98A6,39078
曩,66E9,26345
躏,8E8F,36495
黯,9EEF,40687
髓,9AD3,39635
鼱,9F31,40753
鳡,9CE1,40161
鳢,9CE2,40162
癫,766B,30315
麝,9E9D,40605
赣,8D63,36195
夔,5914,22804
爝,721D,29213
灏,704F,28751
禳,79B3,31155
鐾,943E,37950
羼,7FBC,32700
蠡,8821,34849
耲,8032,32818
耱,8031,32817
懿,61FF,25087
韂,97C2,38850
蘸,8638,34360
鹳,9E73,40563
糵,7CF5,31989
蘼,863C,34364
囊,56CA,22218
霾,973E,38718
氍,6C0D,27661
饕,9955,39253
躔,8E94,36500
躐,8E90,36496
髑,9AD1,39633
镵,9575,38261
镶,9576,38262
穰,7A70,31344
鳤,9CE4,40164
瓤,74E4,29924
饔,9954,39252
鬻,9B3B,39739
鬟,9B1F,39711
趱,8DB1,36273
攫,652B,25899
攥,6525,25893
颧,98A7,39079
躜,8E9C,36508
罐,7F50,32592
鼹,9F39,40761
鼷,9F37,40759
癯,766F,30319
麟,9E9F,40607
蠲,8832,34866
矗,77D7,30679
蠹,8839,34873
醾,91BE,37310
躞,8E9E,36510
衢,8862,34914
鑫,946B,37995
灞,705E,28766
襻,897B,35195
纛,7E9B,32411
鬣,9B23,39715
攮,652E,25902
囔,56D4,22228
馕,9995,39317
戆,6206,25094
蠼,883C,34876
爨,7228,29224
齉,9F49,40777
